id,cnes,nome,natureza_administrativa,acesso_sus,logradouro,numero,complemento,bairro_localidade,cep,municipio,uf,telefone,latitude,longitude,precisao_geografica,servico,especialidade,horario,servico_24h,plano,status_plano,forma_acesso,fonte,consultado_em,verificado_em,status_revisao,observacoes,tipo_cnes,decisao,motivo
cnes-0002178,0002178,CLINICA LAMARK,private,no,DA INTEGRACAO AYRTON SENNA,723,,SAO JOSE,56302450,Petrolina,PE,8788253283,-9.386524019460387,-40.49588531779827,cadastro_cnes,ambulatorio-especialidades,,ATENDIMENTOS NOS TURNOS DA MANHA E A TARDE,no,,unknown,,cnes-dados-abertos (atualizado no CNES em 2026-09-15),2026-09-23T18:24:38Z,,pendente,,36 - Clínica / centro de especialidade,incluido,
cnes-0007455,0007455,AMBULATORIO GOMES SA LTDA,private,no,DO COLISEU,114,,CENTRO,56302390,Petrolina,PE,,-9.397933382889658,-40.49675880552138,cadastro_cnes,,,ATENDIMENTOS NOS TURNOS DA MANHA E A TARDE,no,,unknown,,cnes-dados-abertos (atualizado no CNES em 2025-09-03),2026-09-23T18:24:38Z,,pendente,,22 - Consultório isolado,excluido,tipo 22 fora do critério de inclusão v1
cnes-0024805,0024805,GINECO E OBSTETRICIA DO VALE,private,no,LUCYANNO PATRIOTA,100,,VILA MOCO,56306405,Petrolina,PE,8799250688,-9.384187244092526,-40.504603054616865,cadastro_cnes,ambulatorio-especialidades,,ATENDIMENTOS NOS TURNOS DA MANHA E A TARDE,no,,unknown,,cnes-dados-abertos (atualizado no CNES em 2025-09-03),2026-09-23T18:24:38Z,,pendente,,36 - Clínica / centro de especialidade,incluido,
cnes-0031100,0031100,INSTITUTO DO RIM LTDA,private,no,RUA VILA SAO FRANCISCO,370,,CENTRO,56302280,Petrolina,PE,,-9.398816369146946,-40.4944077294478,cadastro_cnes,ambulatorio-especialidades,,ATENDIMENTOS NOS TURNOS DA MANHA E A TARDE,no,,unknown,,cnes-dados-abertos (atualizado no CNES em 2025-09-03),2026-09-23T18:24:38Z,,pendente,,36 - Clínica / centro de especialidade,incluido,
cnes-0038199,0038199,CLINICA DO TRANSITO DE PETROLINA,private,no,RUA SERGIO COELHO RODRIGUES,21,,CIDADE UNIVERSITARIO,56332750,Petrolina,PE,,-9.3950679,-40.4788185,cadastro_cnes,ambulatorio-especialidades,,ATENDIMENTOS NOS TURNOS DA MANHA E A TARDE,no,,unknown,,cnes-dados-abertos (atualizado no CNES em 2025-09-03),2026-09-23T18:24:38Z,,pendente,,36 - Clínica / centro de especialidade,incluido,
cnes-0055042,0055042,N S RIBEIRO SERVICOS MEDICOS EIRELI,private,no,TRINDADE,125,,SAO JOSE,56302610,Petrolina,PE,,-9.389684591778455,-40.492515563964844,cadastro_cnes,ambulatorio-especialidades,,ATENDIMENTOS NOS TURNOS DA MANHA E A TARDE,no,,unknown,,cnes-dados-abertos (atualizado no CNES em 2025-09-03),2026-09-23T18:24:38Z,,pendente,,36 - Clínica / centro de especialidade,excluido,desabilitado no CNES (motivo 10)
cnes-0058114,0058114,LA SERVICOS MEDICOS,private,no,RUA LUCAS ROBERTO DE ARAUJO,222,,CIDADE UNIVERSITARIA,56332720,Petrolina,PE,,-9.394249,-40.4756786,cadastro_cnes,ambulatorio-especialidades,,ATENDIMENTOS NOS TURNOS DA MANHA E A TARDE,no,,unknown,,cnes-dados-abertos (atualizado no CNES em 2025-09-03),2026-09-23T18:24:38Z,,pendente,,36 - Clínica / centro de especialidade,incluido,
cnes-0065471,0065471,ENDOSCENTER VALE DO SAO FRANCISCO LTDA,private,no,AV MONSENHOR ANGELO SAMPAIO,100,,CENTRO,56304920,Petrolina,PE,,-9.393994388173919,-40.492512908787134,cadastro_cnes,ambulatorio-especialidades,,ATENDIMENTOS NOS TURNOS DA MANHA E A TARDE,no,,unknown,,cnes-dados-abertos (atualizado no CNES em 2025-09-03),2026-09-23T18:24:38Z,,pendente,,36 - Clínica / centro de especialidade,incluido,
cnes-0074896,0074896,VIVA CENTRO DE SAUDE INTEGRADA COWORKING CONSULTORIOS,private,no,EVERALDO M CAVALCANTE,71,,VILA MOCO,56306400,Petrolina,PE,8799450648,-9.388272108222406,-40.50892387671589,cadastro_cnes,ambulatorio-especialidades,,ATENDIMENTOS NOS TURNOS DA MANHA E A TARDE,no,,unknown,,cnes-dados-abertos (atualizado no CNES em 2025-09-03),2026-09-23T18:24:38Z,,pendente,,36 - Clínica / centro de especialidade,incluido,
cnes-0101508,0101508,PROGRAMA MUNICIPAL DE IMUNIZACAO PMI,public,no,AV FERNANDO GOES,537,,CENTRO,56304020,Petrolina,PE,,-9.3959232,-40.4947032,cadastro_cnes,vacinacao,,ATENDIMENTOS NOS TURNOS DA MANHA E A TARDE,no,,unknown,,cnes-dados-abertos (atualizado no CNES em 2025-09-03),2026-09-23T18:24:38Z,,pendente,,85 - Centro de imunização,incluido,
cnes-0150827,0150827,CLINICA ODONTOLOGICA DR ARI BRASIL,private,no,RUA JOAQUIM NABUCO,637,,CENTRO,56304040,Petrolina,PE,,-8.8080597,-39.8224466,cadastro_cnes,ambulatorio-especialidades,,ATENDIMENTOS NOS TURNOS DA MANHA E A TARDE,no,,unknown,,cnes-dados-abertos (atualizado no CNES em 2025-09-03),2026-09-23T18:24:38Z,,pendente,coordenada do cadastro fora do limite municipal (OSM); descartada para rota até conferência,36 - Clínica / centro de especialidade,incluido,
cnes-0155330,0155330,TABATA LARISSA SANTOS POLVORA,private,no,RUA JOAQUIM NABUCO,637,,CENTRO,56304040,Petrolina,PE,,-8.8080597,-39.8224466,cadastro_cnes,,,ATENDIMENTOS NOS TURNOS DA MANHA E A TARDE,no,,unknown,,cnes-dados-abertos (atualizado no CNES em 2025-09-03),2026-09-23T18:24:38Z,,pendente,,22 - Consultório isolado,excluido,tipo 22 fora do critério de inclusão v1
cnes-0157414,0157414,HOSPITAL DE CAMPANHA COVID 19 PETROLINA,public,yes,RUA PROJETADA,01,,PEDRA DO BODE,56332430,Petrolina,PE,,-9.3526225,-40.4672571,cadastro_cnes,hospital,,"ATENDIMENTO CONTINUO DE 24 HORAS/DIA (PLANTAO:INCLUI SABADOS, DOMINGOS E FERIADOS)",yes,,unknown,,cnes-dados-abertos (atualizado no CNES em 2025-09-03),2026-09-23T18:24:38Z,,pendente,,5 - Hospital geral,excluido,desabilitado no CNES (motivo 10)
cnes-0161683,0161683,CENTRAL REGIONAL CEADIM VIII GERES,public,yes,AVENIDA FERNANDO GOES,S/N,,CENTRO,56332175,Petrolina,PE,,-9.394698518507411,-40.50054560860106,cadastro_cnes,,,ATENDIMENTOS NOS TURNOS DA MANHA E A TARDE,no,,unknown,,cnes-dados-abertos (atualizado no CNES em 2025-09-03),2026-09-23T18:24:38Z,,pendente,,84 - Central de abastecimento,excluido,tipo 84 fora do critério de inclusão v1
cnes-0164534,0164534,FOCOS ANATOMIA PATOLOGICA,private,no,TUPINAMBAS,682,,MARIA AUXILIADORA,56330280,Petrolina,PE,8788013487,-9.38828102157169,-40.49559985889623,cadastro_cnes,exames-terapias,,ATENDIMENTOS NOS TURNOS DA MANHA E A TARDE,no,,unknown,,cnes-dados-abertos (atualizado no CNES em 2026-08-18),2026-09-23T18:24:38Z,,pendente,,39 - Unidade de apoio diagnose e terapia (SADT isolado),incluido,
cnes-0214299,0214299,CENTRO DE PARTO NORMAL MARIA DAS DORES DE SOUZA,public,yes,AV JOSE DE SA MANISSOBA,S/N,,MARIA AUXILIADORA,56304205,Petrolina,PE,,-9.391382489800531,-40.494200682208636,cadastro_cnes,parto-normal;internacao;centro-obstetrico;unidade-neonatal,,"ATENDIMENTO CONTINUO DE 24 HORAS/DIA (PLANTAO:INCLUI SABADOS, DOMINGOS E FERIADOS)",yes,,unknown,,cnes-dados-abertos (atualizado no CNES em 2025-10-14),2026-09-23T18:24:38Z,,pendente,,61 - Centro de parto normal isolado,incluido,
cnes-0214744,0214744,UBS ELOI DANTAS NETO,public,yes,RUA CRUZEIRO DO SUL,S/N,,SAO JOSE,56302450,Petrolina,PE,,-9.396563634374097,-40.48572926011244,cadastro_cnes,atencao-basica,,ATENDIMENTOS NOS TURNOS DA MANHA E A TARDE,no,,unknown,,cnes-dados-abertos (atualizado no CNES em 2025-09-03),2026-09-23T18:24:38Z,,pendente,,2 - Centro de saúde / Unidade básica,incluido,
cnes-0214752,0214752,UBS JUVENCIO ANTONIO GAMA FILHO,public,yes,RUA ALDABERTO BARROS,S/N,,VILA MARCELA,56320755,Petrolina,PE,,-9.357706695266064,-40.47626091778531,cadastro_cnes,atencao-basica,,ATENDIMENTOS NOS TURNOS DA MANHA E A TARDE,no,,unknown,,cnes-dados-abertos (atualizado no CNES em 2025-09-03),2026-09-23T18:24:38Z,,pendente,,2 - Centro de saúde / Unidade básica,incluido,
cnes-0228737,0228737,INSTITUTO VALLETTA,private,no,JOAO PERNAMBUCO,101,,CIDADE UNIVERSITARIA,56332710,Petrolina,PE,87988582559,-9.400229,-40.481167,cadastro_cnes,ambulatorio-especialidades,,ATENDIMENTOS NOS TURNOS DA MANHA E A TARDE,no,,unknown,,cnes-dados-abertos (atualizado no CNES em 2025-09-03),2026-09-23T18:24:38Z,,pendente,,36 - Clínica / centro de especialidade,incluido,
cnes-0240915,0240915,LUIZ ANSELMO GOMES PADILHA,private,no,RUA DR JULIO DE MELO,140,,CENTRO,56302150,Petrolina,PE,,-9.400340306222962,-40.49869405337491,cadastro_cnes,,,ATENDIMENTOS NOS TURNOS DA MANHA E A TARDE,no,,unknown,,cnes-dados-abertos (atualizado no CNES em 2025-09-03),2026-09-23T18:24:38Z,,pendente,,22 - Consultório isolado,excluido,tipo 22 fora do critério de inclusão v1
cnes-0245364,0245364,HOSPITAL DE CAMPANHA DE PETROLINA,public,yes,AVENIDA JOSE DE SA MANICOBA,S/N,,CENTRO,56304917,Petrolina,PE,,-9.39215620061111,-40.49514412879944,cadastro_cnes,hospital;internacao,,"ATENDIMENTO CONTINUO DE 24 HORAS/DIA (PLANTAO:INCLUI SABADOS, DOMINGOS E FERIADOS)",yes,,unknown,,cnes-dados-abertos (atualizado no CNES em 2025-09-03),2026-09-23T18:24:38Z,,pendente,,5 - Hospital geral,incluido,
cnes-0249777,0249777,DANTAS E VIEIRA SERVICOS CARDIOLOGICOS LTDA,private,no,RUA DO COLISEU,69,,CENTRO,56302390,Petrolina,PE,,-9.4167665,-40.50226,cadastro_cnes,ambulatorio-especialidades,,ATENDIMENTOS NOS TURNOS DA MANHA E A TARDE,no,,unknown,,cnes-dados-abertos (atualizado no CNES em 2025-09-03),2026-09-23T18:24:38Z,,pendente,coordenada do cadastro fora do limite municipal (OSM); descartada para rota até conferência,36 - Clínica / centro de especialidade,incluido,
cnes-0270709,0270709,CENTRO DE REFERENCIA EM SAUDE DA MULHER,public,yes,AVENIDA JOSE DE SA MANICOBA,S/N,,CENTRO,56304205,Petrolina,PE,8738622120,-9.3922534,-40.495373,cadastro_cnes,ambulatorio-especialidades,,ATENDIMENTOS NOS TURNOS DA MANHA E A TARDE,no,,unknown,,cnes-dados-abertos (atualizado no CNES em 2025-09-03),2026-09-23T18:24:38Z,,pendente,,36 - Clínica / centro de especialidade,incluido,
cnes-0279854,0279854,LABORATORIO POPULAR CONTROL DIAGNOSTICO,private,no,AVENIDA PROFESSOR SIMAO DOURADO,363,,SAO GONCALO,56312385,Petrolina,PE,,-9.3840017,-40.5481392,cadastro_cnes,exames-terapias,,ATENDIMENTOS NOS TURNOS DA MANHA E A TARDE,no,,unknown,,cnes-dados-abertos (atualizado no CNES em 2025-09-03),2026-09-23T18:24:38Z,,pendente,,39 - Unidade de apoio diagnose e terapia (SADT isolado),incluido,
cnes-0304719,0304719,MEU DENTISTA,private,no,RUA BOA ESPERANCA,245,,JOSE E MARIA,56320590,Petrolina,PE,,-9.2978723,-40.8227525,cadastro_cnes,ambulatorio-especialidades,,ATENDIMENTOS NOS TURNOS DA MANHA E A TARDE,no,,unknown,,cnes-dados-abertos (atualizado no CNES em 2025-09-03),2026-09-23T18:24:38Z,,pendente,coordenada do cadastro fora do limite municipal (OSM); descartada para rota até conferência,36 - Clínica / centro de especialidade,incluido,
cnes-0358282,0358282,LUCAS SUED CALACA DE ARAUJO,private,no,JOAO BARBOSA DA CUNHA,302,,JOAO DE DEUS,56316590,Petrolina,PE,8781726920,-9.3503707,-40.5254504,cadastro_cnes,ambulatorio-especialidades,,ATENDIMENTOS NOS TURNOS DA MANHA E A TARDE,no,,unknown,,cnes-dados-abertos (atualizado no CNES em 2025-09-03),2026-09-23T18:24:38Z,,pendente,,36 - Clínica / centro de especialidade,incluido,
cnes-0421928,0421928,VIP CONSULTORIA E COACHING EM SAUDE,private,no,R GOVERNADOR ERALDO GUEIROS LEITE,82,,CENTRO,56304580,Petrolina,PE,,-9.3960537,-40.5045887,cadastro_cnes,ambulatorio-especialidades,,ATENDIMENTOS NOS TURNOS DA MANHA E A TARDE,no,,unknown,,cnes-dados-abertos (atualizado no CNES em 2025-09-03),2026-09-23T18:24:38Z,,pendente,,36 - Clínica / centro de especialidade,excluido,desabilitado no CNES (motivo 10)
cnes-0427535,0427535,AUDIVALE,private,no,PACIFICO DA LUZ,843,,CENTRO,56304010,Petrolina,PE,8738617311,-9.393692113907857,-40.50067976256202,cadastro_cnes,ambulatorio-especialidades,,ATENDIMENTOS NOS TURNOS DA MANHA E A TARDE,no,,unknown,,cnes-dados-abertos (atualizado no CNES em 2025-09-03),2026-09-23T18:24:38Z,,pendente,,36 - Clínica / centro de especialidade,incluido,
cnes-0461407,0461407,CENTRO DE ATENDIMENTO PARA O ENFRENTAMENTO A COVID 19,public,no,AV FERNANDO MENEZES DE GOES,537,,CENTRO,56304020,Petrolina,PE,,-9.393,-40.508,cadastro_cnes,ambulatorio-especialidades,,ATENDIMENTOS NOS TURNOS DA MANHA E A TARDE,no,,unknown,,cnes-dados-abertos (atualizado no CNES em 2025-09-03),2026-09-23T18:24:38Z,,pendente,,36 - Clínica / centro de especialidade,excluido,desabilitado no CNES (motivo 10)
cnes-0461415,0461415,CENTRO DE MONITORAMENTO E RASTREAMENTO A COVID 19,public,no,AVENIDA FERNANDO DE MENEZES DE GOES,537,,CENTRO,56304020,Petrolina,PE,,-9.393,-40.508,cadastro_cnes,ambulatorio-especialidades,,ATENDIMENTOS NOS TURNOS DA MANHA E A TARDE,no,,unknown,,cnes-dados-abertos (atualizado no CNES em 2025-09-03),2026-09-23T18:24:38Z,,pendente,,36 - Clínica / centro de especialidade,excluido,desabilitado no CNES (motivo 10)
cnes-0461520,0461520,BIOMED LABORATORIO E CLINICA,private,yes,MAJOR ALCIDES PADILHA,90,,CENTRO,56304090,Petrolina,PE,,-9.3956231,-40.497399,cadastro_cnes,exames-terapias,,ATENDIMENTOS NOS TURNOS DA MANHA E A TARDE,no,,unknown,,cnes-dados-abertos (atualizado no CNES em 2025-09-03),2026-09-23T18:24:38Z,,pendente,,39 - Unidade de apoio diagnose e terapia (SADT isolado),incluido,
cnes-0464295,0464295,FARMACIAS PAGUE MENOS,private,no,NILO COELHO,600,,GERCINO COELHO,56306000,Petrolina,PE,8738629263,-9.387154977746027,-40.51116703068197,cadastro_cnes,,,"ATENDIMENTO NOS TURNOS DA MANHA, TARDE E NOITE",no,,unknown,,cnes-dados-abertos (atualizado no CNES em 2025-09-03),2026-09-23T18:24:38Z,,pendente,,43 - Farmácia,excluido,tipo 43 fora do critério de inclusão v1
cnes-0464910,0464910,CLINCENTER,private,no,RUA VITORIA MARIA TORRES,28,,ATRAS DA BANCA,56308065,Petrolina,PE,,-9.394469,-40.5137238,cadastro_cnes,,,ATENDIMENTOS NOS TURNOS DA MANHA E A TARDE,no,,unknown,,cnes-dados-abertos (atualizado no CNES em 2025-09-03),2026-09-23T18:24:38Z,,pendente,,22 - Consultório isolado,excluido,tipo 22 fora do critério de inclusão v1
cnes-0466638,0466638,EMPREENDIMENTOS PAGUE MENOS S A,private,no,GUARARAPES,1870,,CENTRO,56302000,Petrolina,PE,8738629068,-9.399516198900587,-40.502247358895524,cadastro_cnes,,,"ATENDIMENTO NOS TURNOS DA MANHA, TARDE E NOITE",no,,unknown,,cnes-dados-abertos (atualizado no CNES em 2025-09-03),2026-09-23T18:24:38Z,,pendente,,43 - Farmácia,excluido,tipo 43 fora do critério de inclusão v1
cnes-0466786,0466786,BIOMEDICAL DIAGNOSTICO LABORATORIAL,private,no,GILBERTO FREIRE,283,,VILA MOCO,56306355,Petrolina,PE,8791208161,-9.3712562,-40.5102639,cadastro_cnes,exames-terapias,,"ATENDIMENTO NOS TURNOS DA MANHA, TARDE E NOITE",no,,unknown,,cnes-dados-abertos (atualizado no CNES em 2025-09-03),2026-09-23T18:24:38Z,,pendente,,39 - Unidade de apoio diagnose e terapia (SADT isolado),incluido,
cnes-0469173,0469173,ORTHOVALE CENTRO DE ODONTOLOGIA ESPECIALIZADA LTDA,private,no,CASTRO ALVES,481,,CENTRO,56304340,Petrolina,PE,8781168347,-9.3944714,-40.5031096,cadastro_cnes,ambulatorio-especialidades,,ATENDIMENTOS NOS TURNOS DA MANHA E A TARDE,no,,unknown,,cnes-dados-abertos (atualizado no CNES em 2025-09-03),2026-09-23T18:24:38Z,,pendente,,36 - Clínica / centro de especialidade,incluido,
cnes-0482447,0482447,FARMACIA PAGUE MENOS,private,no,AVENIDA JOAQUIM NABUCO,619,,CENTRO,56304040,Petrolina,PE,,-9.396321254655025,-40.49954218035302,cadastro_cnes,,,"ATENDIMENTO NOS TURNOS DA MANHA, TARDE E NOITE",no,,unknown,,cnes-dados-abertos (atualizado no CNES em 2025-09-03),2026-09-23T18:24:38Z,,pendente,,43 - Farmácia,excluido,tipo 43 fora do critério de inclusão v1
cnes-0482455,0482455,FARMACIA PAGUE MENOS,private,no,RUA ARARIPINA,116,,CENTRO,56302250,Petrolina,PE,,-9.4019273,-40.4943665,cadastro_cnes,,,"ATENDIMENTO NOS TURNOS DA MANHA, TARDE E NOITE",no,,unknown,,cnes-dados-abertos (atualizado no CNES em 2025-09-03),2026-09-23T18:24:38Z,,pendente,,43 - Farmácia,excluido,tipo 43 fora do critério de inclusão v1
cnes-0486477,0486477,INSTITUTO SEMEARVIDA,private,no,DOUTOR JOSE MARIA,84,,CENTRO,56304050,Petrolina,PE,8738617984,-9.396423595740185,-40.49873385337329,cadastro_cnes,ambulatorio-especialidades,,ATENDIMENTOS NOS TURNOS DA MANHA E A TARDE,no,,unknown,,cnes-dados-abertos (atualizado no CNES em 2025-09-03),2026-09-23T18:24:38Z,,pendente,,36 - Clínica / centro de especialidade,incluido,
cnes-0493473,0493473,CENTER CIME,private,no,A,34,,PROJETO MARIA TEREZA,56334899,Petrolina,PE,8799883974,-9.18822517200738,-40.56065048164226,cadastro_cnes,ambulatorio-especialidades,,ATENDIMENTOS NOS TURNOS DA MANHA E A TARDE,no,,unknown,,cnes-dados-abertos (atualizado no CNES em 2025-09-03),2026-09-23T18:24:38Z,,pendente,,36 - Clínica / centro de especialidade,incluido,
cnes-0495522,0495522,FARMACIA PAGUE MENOS,private,no,SAO FRANCISCO,276,,AREIA BRANCA,56330095,Petrolina,PE,8738629263,-9.37604552174689,-40.492455699994146,cadastro_cnes,,,"ATENDIMENTO NOS TURNOS DA MANHA, TARDE E NOITE",no,,unknown,,cnes-dados-abertos (atualizado no CNES em 2025-09-03),2026-09-23T18:24:38Z,,pendente,,43 - Farmácia,excluido,tipo 43 fora do critério de inclusão v1
cnes-0556793,0556793,CAMILA MEDEIROS,private,no,CARDOSO DE SA,S/N,,CENTRO,56302110,Petrolina,PE,8781212666,-9.399785322964657,-40.48269767057318,cadastro_cnes,,,ATENDIMENTOS NOS TURNOS DA MANHA E A TARDE,no,,unknown,,cnes-dados-abertos (atualizado no CNES em 2025-09-03),2026-09-23T18:24:38Z,,pendente,,22 - Consultório isolado,excluido,tipo 22 fora do critério de inclusão v1
cnes-0556831,0556831,JOAQUIM FREIRE PSIQUIATRA E PSICANALISE,private,no,DA INTEGRACAO,320,,SAO JOSE,56302450,Petrolina,PE,8781301354,-9.399184435421338,-40.486466120858786,cadastro_cnes,,,ATENDIMENTOS NOS TURNOS DA MANHA E A TARDE,no,,unknown,,cnes-dados-abertos (atualizado no CNES em 2025-09-03),2026-09-23T18:24:38Z,,pendente,,22 - Consultório isolado,excluido,tipo 22 fora do critério de inclusão v1
cnes-0557064,0557064,UBS N 9,public,yes,RUA F,43,,PSNC N 9,56323835,Petrolina,PE,,-9.3466313,-40.6807417,cadastro_cnes,atencao-basica,,ATENDIMENTOS NOS TURNOS DA MANHA E A TARDE,no,,unknown,,cnes-dados-abertos (atualizado no CNES em 2025-09-03),2026-09-23T18:24:38Z,,pendente,,2 - Centro de saúde / Unidade básica,incluido,
cnes-0645028,0645028,AMARAL E SENA PLANTOES E SERVICOS MEDICOS,private,no,DOUTOR NESTOR CAVALCANTE,340,,VILA MOCO,56306420,Petrolina,PE,8781146195,-9.3889754,-40.5060406,cadastro_cnes,,,"ATENDIMENTO CONTINUO DE 24 HORAS/DIA (PLANTAO:INCLUI SABADOS, DOMINGOS E FERIADOS)",yes,,unknown,,cnes-dados-abertos (atualizado no CNES em 2025-09-03),2026-09-23T18:24:38Z,,pendente,,22 - Consultório isolado,excluido,tipo 22 fora do critério de inclusão v1
cnes-0649988,0649988,UNIDENTE CENTRO ODONTOLOGICO,private,no,RAIMUNDO SANTANA,146,,COHAB MASSANGANO,56310290,Petrolina,PE,87988017731,-9.3811475,-40.537241,cadastro_cnes,ambulatorio-especialidades,,ATENDIMENTOS NOS TURNOS DA MANHA E A TARDE,no,,unknown,,cnes-dados-abertos (atualizado no CNES em 2025-09-03),2026-09-23T18:24:38Z,,pendente,,36 - Clínica / centro de especialidade,incluido,
cnes-0688436,0688436,CLINICAL CENTER,private,no,AV JOAO BARBOSA DA CUNHA,302,,JOAO DE DEUS,56316590,Petrolina,PE,8738610022,-9.3515751,-40.5322044,cadastro_cnes,ambulatorio-especialidades,,ATENDIMENTOS NOS TURNOS DA MANHA E A TARDE,no,,unknown,,cnes-dados-abertos (atualizado no CNES em 2025-09-03),2026-09-23T18:24:38Z,,pendente,,36 - Clínica / centro de especialidade,incluido,
cnes-0704458,0704458,CLINFAP,private,no,R ALEMANHA,54,,AREIA BRANCA,56328360,Petrolina,PE,,-9.3845666,-40.4919344,cadastro_cnes,,,ATENDIMENTOS NOS TURNOS DA MANHA E A TARDE,no,,unknown,,cnes-dados-abertos (atualizado no CNES em 2025-09-03),2026-09-23T18:24:38Z,,pendente,,22 - Consultório isolado,excluido,tipo 22 fora do critério de inclusão v1
cnes-0706809,0706809,TERESA ROBERTA LUCENA DE ARAUJO 00798324406,private,no,PIO XII,290,,CENTRO,56304430,Petrolina,PE,8788264741,-9.39349715,-40.50335998301851,cadastro_cnes,ambulatorio-especialidades,,ATENDIMENTOS NOS TURNOS DA MANHA E A TARDE,no,,unknown,,cnes-dados-abertos (atualizado no CNES em 2025-09-03),2026-09-23T18:24:38Z,,pendente,,36 - Clínica / centro de especialidade,incluido,
cnes-0710881,0710881,FAIRMED MEDICINA HUMANA ESPECIALIZADA,private,yes,CRISPIM DE AMORIM COELHO,166,,CENTRO,56304220,Petrolina,PE,,-9.39286859999998,-40.50013598220886,cadastro_cnes,ambulatorio-especialidades,,ATENDIMENTO SOMENTE PELA MANHA,no,,unknown,,cnes-dados-abertos (atualizado no CNES em 2026-01-23),2026-09-23T18:24:38Z,,pendente,,36 - Clínica / centro de especialidade,incluido,
cnes-0720860,0720860,ZELU SAUDE,private,no,SOBRADINHO R 04,30,,BOA ESPERANCA,56327025,Petrolina,PE,8799013122,-9.3667261,-40.492495,cadastro_cnes,,,ATENDIMENTO COM TURNOS INTERMITENTES,unknown,,unknown,,cnes-dados-abertos (atualizado no CNES em 2025-09-03),2026-09-23T18:24:38Z,,pendente,,22 - Consultório isolado,excluido,tipo 22 fora do critério de inclusão v1
cnes-0749141,0749141,COMMUNICARE,private,no,AVENIDA DA INTEGRACAO,240,,SAO JOSE,56302450,Petrolina,PE,8788571190,-9.399565800137674,-40.48745185187692,cadastro_cnes,ambulatorio-especialidades,,ATENDIMENTOS NOS TURNOS DA MANHA E A TARDE,no,,unknown,,cnes-dados-abertos (atualizado no CNES em 2025-09-03),2026-09-23T18:24:38Z,,pendente,,36 - Clínica / centro de especialidade,incluido,
cnes-0749206,0749206,NOVA CLINICA,private,no,DA INTEGRACAO AYRTON SENNA,240,,SAO JOSE,56302450,Petrolina,PE,8738614812,-9.399435004303601,-40.4875269552237,cadastro_cnes,ambulatorio-especialidades,,ATENDIMENTOS NOS TURNOS DA MANHA E A TARDE,no,,unknown,,cnes-dados-abertos (atualizado no CNES em 2025-09-03),2026-09-23T18:24:38Z,,pendente,,36 - Clínica / centro de especialidade,incluido,
cnes-0755176,0755176,DESPERTAR SAUDE INTEGRAL,private,no,DO COLISEU,120,,CENTRO,56302390,Petrolina,PE,8738751285,-9.397888611638242,-40.49839959570038,cadastro_cnes,ambulatorio-especialidades,,ATENDIMENTOS NOS TURNOS DA MANHA E A TARDE,no,,unknown,,cnes-dados-abertos (atualizado no CNES em 2025-09-03),2026-09-23T18:24:38Z,,pendente,,36 - Clínica / centro de especialidade,incluido,
cnes-0761737,0761737,COESP,private,no,DR ULYSSES GUIMARAES,11,,JARDIM AMAZONAS,56318525,Petrolina,PE,8785041599,-9.378940542581201,-40.53404684059316,cadastro_cnes,ambulatorio-especialidades,,ATENDIMENTOS NOS TURNOS DA MANHA E A TARDE,no,,unknown,,cnes-dados-abertos (atualizado no CNES em 2025-09-03),2026-09-23T18:24:38Z,,pendente,,36 - Clínica / centro de especialidade,incluido,
cnes-0771937,0771937,FARMAZITA,private,no,AV SAO FRANCISCO,12,,AREIA BRANCA,56330095,Petrolina,PE,8738641213,-9.3840616,-40.4929898,cadastro_cnes,,,"ATENDIMENTO NOS TURNOS DA MANHA, TARDE E NOITE",no,,unknown,,cnes-dados-abertos (atualizado no CNES em 2025-09-03),2026-09-23T18:24:38Z,,pendente,,43 - Farmácia,excluido,tipo 43 fora do critério de inclusão v1
cnes-0783285,0783285,FARMACIA MARTINS,private,no,OTAVIO FERREIRA SOBRINHO,10,,PEDRO RAIMUNDO,56318175,Petrolina,PE,8788279129,-9.37694627887321,-40.528197311643886,cadastro_cnes,,,"ATENDIMENTO NOS TURNOS DA MANHA, TARDE E NOITE",no,,unknown,,cnes-dados-abertos (atualizado no CNES em 2025-09-03),2026-09-23T18:24:38Z,,pendente,,43 - Farmácia,excluido,tipo 43 fora do critério de inclusão v1
cnes-0784087,0784087,A B NASCIMENTO GONZAGA,private,no,GUARARAPES,2473,,CENTRO,56302000,Petrolina,PE,,-9.399954346704591,-40.496484128835796,cadastro_cnes,,,ATENDIMENTOS NOS TURNOS DA MANHA E A TARDE,no,,unknown,,cnes-dados-abertos (atualizado no CNES em 2025-09-03),2026-09-23T18:24:38Z,,pendente,,22 - Consultório isolado,excluido,tipo 22 fora do critério de inclusão v1
cnes-0796182,0796182,VALE DIAGNOSTICO,private,no,DA INTEGRACAO AYRTON SENNA,320,,SAO JOSE,56302450,Petrolina,PE,8730246010,-9.399183112323467,-40.486462097549655,cadastro_cnes,ambulatorio-especialidades,,ATENDIMENTOS NOS TURNOS DA MANHA E A TARDE,no,,unknown,,cnes-dados-abertos (atualizado no CNES em 2025-09-03),2026-09-23T18:24:38Z,,pendente,,36 - Clínica / centro de especialidade,incluido,
cnes-0798428,0798428,LCGO,private,no,R JOSE DE PATROCINIO,545,,VILA EDUARDO,56328150,Petrolina,PE,,-9.390588528447479,-40.486811417790854,cadastro_cnes,exames-terapias,,ATENDIMENTOS NOS TURNOS DA MANHA E A TARDE,no,,unknown,,cnes-dados-abertos (atualizado no CNES em 2026-01-20),2026-09-23T18:24:38Z,,pendente,,39 - Unidade de apoio diagnose e terapia (SADT isolado),incluido,
cnes-0806579,0806579,CLINICA VIDA SERENA,private,no,CENTRO PEDRINHAS,620,,SERROTE DO URUBU,56354500,Petrolina,PE,,-9.378960384938715,-40.46324745767311,cadastro_cnes,ambulatorio-especialidades,,"ATENDIMENTO CONTINUO DE 24 HORAS/DIA (PLANTAO:INCLUI SABADOS, DOMINGOS E FERIADOS)",yes,,unknown,,cnes-dados-abertos (atualizado no CNES em 2025-10-17),2026-09-23T18:24:38Z,,pendente,,36 - Clínica / centro de especialidade,incluido,
cnes-0806641,0806641,P BORBA TENORIO,private,no,RUA ALAMEDA DAS DALIAS R 04,50,,CIDADE UNIVERSITARIA,56332758,Petrolina,PE,8788242104,-9.395024953768306,-40.47483739999713,cadastro_cnes,,,ATENDIMENTOS NOS TURNOS DA MANHA E A TARDE,no,,unknown,,cnes-dados-abertos (atualizado no CNES em 2025-09-03),2026-09-23T18:24:38Z,,pendente,,22 - Consultório isolado,excluido,tipo 22 fora do critério de inclusão v1
cnes-0812463,0812463,ONCOLAP CONSULTAS ONCOCIRURGIA E LAPAROSCOPIA,private,no,DOUTOR JOSE MARIANO,1478,,CENTRO,56302190,Petrolina,PE,8781781500,-9.402239169981144,-40.496674600000006,cadastro_cnes,ambulatorio-especialidades,,ATENDIMENTO SOMENTE PELA MANHA,no,,unknown,,cnes-dados-abertos (atualizado no CNES em 2025-09-03),2026-09-23T18:24:38Z,,pendente,,36 - Clínica / centro de especialidade,incluido,
cnes-0812641,0812641,FISIORTEC,private,no,R CICERO POMBO,206,,CENTRO,56302380,Petrolina,PE,,-9.3979074,-40.4964342,cadastro_cnes,ambulatorio-especialidades,,"ATENDIMENTO NOS TURNOS DA MANHA, TARDE E NOITE",no,,unknown,,cnes-dados-abertos (atualizado no CNES em 2025-09-03),2026-09-23T18:24:38Z,,pendente,,36 - Clínica / centro de especialidade,incluido,
cnes-0836044,0836044,DOCCTOR MED PETROLINA,private,no,SANTA LUZIA,46,,CENTRO,56304100,Petrolina,PE,8788020504,-9.395986891995015,-40.496906336183955,cadastro_cnes,,,ATENDIMENTOS NOS TURNOS DA MANHA E A TARDE,no,,unknown,,cnes-dados-abertos (atualizado no CNES em 2025-09-03),2026-09-23T18:24:38Z,,pendente,,22 - Consultório isolado,excluido,tipo 22 fora do critério de inclusão v1
cnes-0838748,0838748,FARMACIA DIARIAMENTE,private,no,R JOAQUIM NABUCO,698,,CENTRO,56304040,Petrolina,PE,,-9.395494745265633,-40.4992821233086,cadastro_cnes,,,"ATENDIMENTO NOS TURNOS DA MANHA, TARDE E NOITE",no,,unknown,,cnes-dados-abertos (atualizado no CNES em 2025-10-17),2026-09-23T18:24:38Z,,pendente,,43 - Farmácia,excluido,tipo 43 fora do critério de inclusão v1
cnes-0840025,0840025,CARDIOVASF ADMINISTRADORA,private,no,PACIFICO DA LUZ,850,,CENTRO,56304010,Petrolina,PE,8730320628,-9.39352442716206,-40.50022466441769,cadastro_cnes,ambulatorio-especialidades,,ATENDIMENTOS NOS TURNOS DA MANHA E A TARDE,no,,unknown,,cnes-dados-abertos (atualizado no CNES em 2025-09-03),2026-09-23T18:24:38Z,,pendente,,36 - Clínica / centro de especialidade,incluido,
cnes-0848794,0848794,SAALVAR,private,no,ALAMEDA DAS MARGARIDAS COND SOL NASCENTE ETAPA II,130,,CIDADE UNIVERSITARIA,56332762,Petrolina,PE,8738644436,-9.395031947231354,-40.47424185582295,cadastro_cnes,ambulatorio-especialidades,,ATENDIMENTOS NOS TURNOS DA MANHA E A TARDE,no,,unknown,,cnes-dados-abertos (atualizado no CNES em 2025-09-03),2026-09-23T18:24:38Z,,pendente,,36 - Clínica / centro de especialidade,incluido,
cnes-0849138,0849138,LUIZ VALENTE REUMATOLOGIA,private,no,VILA SAO FRANCISCO,309,,CENTRO,56302280,Petrolina,PE,,-9.4239946,-40.4985852,cadastro_cnes,,,ATENDIMENTOS NOS TURNOS DA MANHA E A TARDE,no,,unknown,,cnes-dados-abertos (atualizado no CNES em 2025-09-03),2026-09-23T18:24:38Z,,pendente,,22 - Consultório isolado,excluido,tipo 22 fora do critério de inclusão v1
cnes-0853194,0853194,UBS MARIA JOSE DE FARIAS FERREIRA,public,yes,RUA 15,S/N,,VALE DO GRANDE RIO,56318830,Petrolina,PE,,-9.37448155932737,-40.52524121878618,cadastro_cnes,atencao-basica,,ATENDIMENTOS NOS TURNOS DA MANHA E A TARDE,no,,unknown,,cnes-dados-abertos (atualizado no CNES em 2025-09-03),2026-09-23T18:24:38Z,,pendente,,2 - Centro de saúde / Unidade básica,incluido,
cnes-0854670,0854670,VALE MED,private,no,DO COLISEU,26,,CENTRO,56302390,Petrolina,PE,8738612259,-9.397747551798895,-40.499327306746636,cadastro_cnes,,,ATENDIMENTOS NOS TURNOS DA MANHA E A TARDE,no,,unknown,,cnes-dados-abertos (atualizado no CNES em 2026-07-24),2026-09-23T18:24:38Z,,pendente,,22 - Consultório isolado,excluido,tipo 22 fora do critério de inclusão v1
cnes-0856444,0856444,OWLMIND INSTITUTO,private,no,ARARIPINA,136,,CENTRO,56302250,Petrolina,PE,8791833931,-9.402894527526653,-40.49462378025055,cadastro_cnes,,,"ATENDIMENTO NOS TURNOS DA MANHA, TARDE E NOITE",no,,unknown,,cnes-dados-abertos (atualizado no CNES em 2025-09-03),2026-09-23T18:24:38Z,,pendente,,22 - Consultório isolado,excluido,tipo 22 fora do critério de inclusão v1
cnes-0865672,0865672,CLINICA VIDA,private,no,JOAQUIM NABUCO,556,,CENTRO,56304040,Petrolina,PE,8738615464,-9.396929707568429,-40.49950503008111,cadastro_cnes,,,ATENDIMENTOS NOS TURNOS DA MANHA E A TARDE,no,,unknown,,cnes-dados-abertos (atualizado no CNES em 2025-09-03),2026-09-23T18:24:38Z,,pendente,,22 - Consultório isolado,excluido,tipo 22 fora do critério de inclusão v1
cnes-0876631,0876631,ERICA CAVALCANTI COUTINHO,private,no,DA INTEGRACAO AYRTON SENNA,561,,SAO JOSE,56328010,Petrolina,PE,8796166119,-9.398833486874226,-40.485663039931005,cadastro_cnes,,,"ATENDIMENTO NOS TURNOS DA MANHA, TARDE E NOITE",no,,unknown,,cnes-dados-abertos (atualizado no CNES em 2025-09-03),2026-09-23T18:24:38Z,,pendente,,22 - Consultório isolado,excluido,tipo 22 fora do critério de inclusão v1
cnes-0882208,0882208,ESPACO EVOLUIR,private,no,RUA ANTONIO DE SANTANA FILHO,670,,CENTRO,56308210,Petrolina,PE,,-9.399061776006683,-40.49615752883655,cadastro_cnes,,,ATENDIMENTOS NOS TURNOS DA MANHA E A TARDE,no,,unknown,,cnes-dados-abertos (atualizado no CNES em 2025-10-17),2026-09-23T18:24:38Z,,pendente,,22 - Consultório isolado,excluido,tipo 22 fora do critério de inclusão v1
cnes-0882240,0882240,CLINSER SAUDE INTEGRADA,private,no,RUA MANOEL CLEMENTINO,1259,,CENTRO,56302170,Petrolina,PE,,-9.3988871,-40.4972093,cadastro_cnes,,,ATENDIMENTOS NOS TURNOS DA MANHA E A TARDE,no,,unknown,,cnes-dados-abertos (atualizado no CNES em 2025-09-03),2026-09-23T18:24:38Z,,pendente,,22 - Consultório isolado,excluido,tipo 22 fora do critério de inclusão v1
cnes-0885525,0885525,COMUNICAR,private,no,ANTONIO DE SANTANA FILHO,670,,CENTRO,56302300,Petrolina,PE,8788499077,-9.3990825,-40.4952835,cadastro_cnes,,,ATENDIMENTO SOMENTE PELA MANHA,no,,unknown,,cnes-dados-abertos (atualizado no CNES em 2025-09-03),2026-09-23T18:24:38Z,,pendente,,22 - Consultório isolado,excluido,tipo 22 fora do critério de inclusão v1
cnes-0915882,0915882,ESPACO INTEGRAR,private,no,AUGUSTO CARLOS BRANDAO,111,,CENTRO,56304110,Petrolina,PE,8791860880,-9.392885724913814,-40.501260101859,cadastro_cnes,,,ATENDIMENTOS NOS TURNOS DA MANHA E A TARDE,no,,unknown,,cnes-dados-abertos (atualizado no CNES em 2025-09-03),2026-09-23T18:24:38Z,,pendente,,84 - Central de abastecimento,excluido,tipo 84 fora do critério de inclusão v1
cnes-0929395,0929395,CLINICA SOU MEDICINA PREVENTIVA PILATES E FISIOTERAPIA,private,no,R VINTE E UM,41,,LOTEAMENTO RECIFE,56320811,Petrolina,PE,,-9.4049122,-40.5487695,cadastro_cnes,,,ATENDIMENTOS NOS TURNOS DA MANHA E A TARDE,no,,unknown,,cnes-dados-abertos (atualizado no CNES em 2025-09-03),2026-09-23T18:24:38Z,,pendente,,22 - Consultório isolado,excluido,tipo 22 fora do critério de inclusão v1
cnes-0932337,0932337,BEEHAVE SOLUCOES COMPORTAMENTAIS,private,no,BAHIA,,,VILA MOCO,56306430,Petrolina,PE,,-9.3890681,-40.5052893,cadastro_cnes,,,ATENDIMENTOS NOS TURNOS DA MANHA E A TARDE,no,,unknown,,cnes-dados-abertos (atualizado no CNES em 2025-09-03),2026-09-23T18:24:38Z,,pendente,,22 - Consultório isolado,excluido,tipo 22 fora do critério de inclusão v1
cnes-0934798,0934798,ESPACO TERAPEUTICO NATASSIA MENEZES,private,no,AV DA INTEGRACAO AYRTON SENNA,561,,SAO JOSE,56328010,Petrolina,PE,,-9.388590441368905,-40.49061569996149,cadastro_cnes,,,ATENDIMENTOS NOS TURNOS DA MANHA E A TARDE,no,,unknown,,cnes-dados-abertos (atualizado no CNES em 2025-10-17),2026-09-23T18:24:38Z,,pendente,,22 - Consultório isolado,excluido,tipo 22 fora do critério de inclusão v1
cnes-0944386,0944386,DURANDO SERVICOS MEDICOS,private,no,R OURICURI,100,,CENTRO,56302230,Petrolina,PE,,-9.402446,-40.4955684,cadastro_cnes,,,ATENDIMENTO SOMENTE A NOITE,no,,unknown,,cnes-dados-abertos (atualizado no CNES em 2025-09-03),2026-09-23T18:24:38Z,,pendente,,22 - Consultório isolado,excluido,tipo 22 fora do critério de inclusão v1
cnes-0948721,0948721,AMARE,private,no,XIQUE XIQUE,196,,AREIA BRANCA,56328440,Petrolina,PE,8799990837,-9.3805565,-40.4927133,cadastro_cnes,,,ATENDIMENTOS NOS TURNOS DA MANHA E A TARDE,no,,unknown,,cnes-dados-abertos (atualizado no CNES em 2025-09-03),2026-09-23T18:24:38Z,,pendente,,22 - Consultório isolado,excluido,tipo 22 fora do critério de inclusão v1
cnes-0962848,0962848,EMANAR CLINICA DE TERAPIAS INTEGRADAS,private,no,IRMA JERONIMA,212,,CENTRO,56304130,Petrolina,PE,8730328737,-9.397341876702718,-40.49366124110055,cadastro_cnes,,,ATENDIMENTOS NOS TURNOS DA MANHA E A TARDE,no,,unknown,,cnes-dados-abertos (atualizado no CNES em 2025-09-03),2026-09-23T18:24:38Z,,pendente,,22 - Consultório isolado,excluido,tipo 22 fora do critério de inclusão v1
cnes-0971545,0971545,4 GRUPAMENTO DE BOMBEIROS,public,no,AVENIDA NILO COELHO,155,,GERCINO COELHO,56302110,Petrolina,PE,,-9.3903614,-40.5103187,cadastro_cnes,,,ATENDIMENTO SOMENTE PELA MANHA,no,,unknown,,cnes-dados-abertos (atualizado no CNES em 2025-09-03),2026-09-23T18:24:38Z,,pendente,,40 - Unidade móvel terrestre,excluido,tipo 40 fora do critério de inclusão v1
cnes-0981613,0981613,ANGIOCLIN,private,no,SANTA CECILIA,10,,CENTRO,56304470,Petrolina,PE,8738672882,-9.3714169,-40.5175366,cadastro_cnes,,,ATENDIMENTOS NOS TURNOS DA MANHA E A TARDE,no,,unknown,,cnes-dados-abertos (atualizado no CNES em 2025-09-03),2026-09-23T18:24:38Z,,pendente,,22 - Consultório isolado,excluido,tipo 22 fora do critério de inclusão v1
cnes-0982148,0982148,SAMPAIO PSICOLOGIA,private,no,OLIMPIO VIRGINIO,67,,CENTRO,56304610,Petrolina,PE,,-9.396288603185763,-40.501338348475855,cadastro_cnes,,,ATENDIMENTO SOMENTE PELA MANHA,no,,unknown,,cnes-dados-abertos (atualizado no CNES em 2025-09-03),2026-09-23T18:24:38Z,,pendente,,22 - Consultório isolado,excluido,tipo 22 fora do critério de inclusão v1
cnes-0989029,0989029,MOVE CARE CENTRO DE SAUDE E ESPORTE,private,no,SENADOR DARCI RIBEIRO,940,,CENTRO,56330425,Petrolina,PE,87991421001,-9.386822122685958,-40.497403323947296,cadastro_cnes,,,ATENDIMENTOS NOS TURNOS DA MANHA E A TARDE,no,,unknown,,cnes-dados-abertos (atualizado no CNES em 2026-02-27),2026-09-23T18:24:38Z,,pendente,,22 - Consultório isolado,excluido,tipo 22 fora do critério de inclusão v1
cnes-1083090,1083090,NUCLEO DR GABRIEL ALMEIDA,private,no,RUA JOSE CRISPINIANO COLELHO BRANDAO,80,,CIDADE UNIVERSITARIA,56328785,Petrolina,PE,,-9.3967236,-40.4801041,cadastro_cnes,,,ATENDIMENTOS NOS TURNOS DA MANHA E A TARDE,no,,unknown,,cnes-dados-abertos (atualizado no CNES em 2025-09-03),2026-09-23T18:24:38Z,,pendente,,22 - Consultório isolado,excluido,desabilitado no CNES (motivo 08)
cnes-1137107,1137107,LABORATORIO DO TRABALHADOR,private,no,AV BARAO DO RIO BRANCO,1484,,CENTRO,56304310,Petrolina,PE,8798841526,-9.392467152062087,-40.506372053448224,cadastro_cnes,,,ATENDIMENTOS NOS TURNOS DA MANHA E A TARDE,no,,unknown,,cnes-dados-abertos (atualizado no CNES em 2025-09-11),2026-09-23T18:24:38Z,,pendente,,22 - Consultório isolado,excluido,desabilitado no CNES (motivo 08)
cnes-1159429,1159429,JUCELIA GONCALVES FERREIRA DE ALMEIDA,private,no,RUA 14,130,,VILA MARCELA,56320774,Petrolina,PE,,-9.39747512767977,-40.50011157989502,cadastro_cnes,,,ATENDIMENTOS NOS TURNOS DA MANHA E A TARDE,no,,unknown,,cnes-dados-abertos (atualizado no CNES em 2026-04-16),2026-09-23T18:24:38Z,,pendente,,22 - Consultório isolado,excluido,tipo 22 fora do critério de inclusão v1
cnes-2349833,2349833,DAVITA PETROLINA,private,yes,DA INTEGRACAO URB AIRTON SENNA,61,,COLINA IMPERIAL,56332175,Petrolina,PE,,-9.3973755,-40.499999,cadastro_cnes,ambulatorio-especialidades,,"ATENDIMENTO NOS TURNOS DA MANHA, TARDE E NOITE",no,,unknown,,cnes-dados-abertos (atualizado no CNES em 2025-11-04),2026-09-23T18:24:38Z,,pendente,,36 - Clínica / centro de especialidade,incluido,
cnes-2427443,2427443,CENTRO DE ONCOLOGIA DR MUCCINI,private,yes,RUA DA PAZ,515,,GERCINO COELHO,56306250,Petrolina,PE,,-9.0080132,-40.2714581,cadastro_cnes,ambulatorio-especialidades,,ATENDIMENTOS NOS TURNOS DA MANHA E A TARDE,no,,unknown,,cnes-dados-abertos (atualizado no CNES em 2025-09-03),2026-09-23T18:24:38Z,,pendente,,36 - Clínica / centro de especialidade,excluido,desabilitado no CNES (motivo 04)
cnes-2429616,2429616,UBS ANALIA BATISTA,public,yes,RUA 13,S/N,,COSME E DAMIAO,56304020,Petrolina,PE,8738632572,-9.1818918,-40.9775569,cadastro_cnes,atencao-basica,,ATENDIMENTOS NOS TURNOS DA MANHA E A TARDE,no,,unknown,,cnes-dados-abertos (atualizado no CNES em 2025-09-03),2026-09-23T18:24:38Z,,pendente,coordenada do cadastro fora do limite municipal (OSM); descartada para rota até conferência,2 - Centro de saúde / Unidade básica,incluido,
cnes-2429624,2429624,UBS OSVALDO COELHO,public,yes,RUA ANTONIO RIBEIRO,S/N,,ZONA RURAL,56304020,Petrolina,PE,8739865256,-9.143838614727471,-40.32275486804727,cadastro_cnes,atencao-basica,,ATENDIMENTOS NOS TURNOS DA MANHA E A TARDE,no,,unknown,,cnes-dados-abertos (atualizado no CNES em 2025-09-03),2026-09-23T18:24:38Z,,pendente,,2 - Centro de saúde / Unidade básica,incluido,
cnes-2429632,2429632,UBS JOSEFA COELHO,public,yes,POVOADO DE PAU FERRO,S/N,,CENTRO,56304020,Petrolina,PE,,-8.960034350270234,-40.71972985879281,cadastro_cnes,atencao-basica,,ATENDIMENTOS NOS TURNOS DA MANHA E A TARDE,no,,unknown,,cnes-dados-abertos (atualizado no CNES em 2025-09-03),2026-09-23T18:24:38Z,,pendente,,2 - Centro de saúde / Unidade básica,incluido,
cnes-2429667,2429667,UBS MIGUEL DE LIMA DURANDO,public,yes,RUA 24,80,,LOTEAMENTO RECIFE,56320720,Petrolina,PE,8738644168,-9.3691754,-40.5239671,cadastro_cnes,atencao-basica,,ATENDIMENTOS NOS TURNOS DA MANHA E A TARDE,no,,unknown,,cnes-dados-abertos (atualizado no CNES em 2025-09-03),2026-09-23T18:24:38Z,,pendente,,2 - Centro de saúde / Unidade básica,incluido,
cnes-2429675,2429675,UBS KM 25,public,yes,VILA KM 25,S/N,,ZONA RURAL,56304020,Petrolina,PE,,-9.183195399339061,-40.56208093313212,cadastro_cnes,atencao-basica,,ATENDIMENTOS NOS TURNOS DA MANHA E A TARDE,no,,unknown,,cnes-dados-abertos (atualizado no CNES em 2025-09-03),2026-09-23T18:24:38Z,,pendente,,2 - Centro de saúde / Unidade básica,incluido,
cnes-2429683,2429683,UBS JOAO AUGUSTO DA SILVA,public,yes,POVOADO AGROVILA MASSANGANO,S/N,,ZONA RURAL,56304020,Petrolina,PE,8739851035,-9.388897751309715,-40.5031819349829,cadastro_cnes,atencao-basica,,ATENDIMENTOS NOS TURNOS DA MANHA E A TARDE,no,,unknown,,cnes-dados-abertos (atualizado no CNES em 2025-09-03),2026-09-23T18:24:38Z,,pendente,,2 - Centro de saúde / Unidade básica,incluido,
cnes-2429705,2429705,UBS BEATRIZ LUZ DE ALENCAR ROCHA,public,yes,RUA 02,S/N,,COHAB VI,56309010,Petrolina,PE,8738634672,-9.176136422113728,-40.981651006149214,cadastro_cnes,atencao-basica,,ATENDIMENTOS NOS TURNOS DA MANHA E A TARDE,no,,unknown,,cnes-dados-abertos (atualizado no CNES em 2025-09-03),2026-09-23T18:24:38Z,,pendente,coordenada do cadastro fora do limite municipal (OSM); descartada para rota até conferência,2 - Centro de saúde / Unidade básica,incluido,
cnes-2429713,2429713,UNIDADE DE VIGILANCIA DE ZOONOSES,public,yes,DO MATADOURO,79,,PEDRA DO BODE,56306040,Petrolina,PE,8738674774,-9.401531174360512,-40.47455953678562,cadastro_cnes,,,ATENDIMENTOS NOS TURNOS DA MANHA E A TARDE,no,,unknown,,cnes-dados-abertos (atualizado no CNES em 2026-07-21),2026-09-23T18:24:38Z,,pendente,,50 - Unidade de vigilância em saúde,excluido,tipo 50 fora do critério de inclusão v1
cnes-2429721,2429721,UBS BENEDITO RODRIGUES DE BONFIM,public,yes,AV JONAS RODRIGUES,S/N,,CENTRO,56304020,Petrolina,PE,8739852201,-8.6765915,-40.5691399,cadastro_cnes,atencao-basica,,ATENDIMENTOS NOS TURNOS DA MANHA E A TARDE,no,,unknown,,cnes-dados-abertos (atualizado no CNES em 2025-09-03),2026-09-23T18:24:38Z,,pendente,,2 - Centro de saúde / Unidade básica,incluido,
cnes-2429756,2429756,UBS BEBEDOURO,public,yes,PROJETO BEBEDOURO,S/N,,VILA NS2,56304020,Petrolina,PE,,-9.08206865,-40.297795228752406,cadastro_cnes,atencao-basica,,ATENDIMENTOS NOS TURNOS DA MANHA E A TARDE,no,,unknown,,cnes-dados-abertos (atualizado no CNES em 2025-09-03),2026-09-23T18:24:38Z,,pendente,,2 - Centro de saúde / Unidade básica,incluido,
cnes-2429764,2429764,UBS JANUARIO FERREIRA NUNES,public,yes,POVOADO DE SERROTE DO URUBU,S/N,,ZONA RURAL,56304020,Petrolina,PE,8738611456,-9.35448641904661,-40.44137326471188,cadastro_cnes,atencao-basica,,ATENDIMENTOS NOS TURNOS DA MANHA E A TARDE,no,,unknown,,cnes-dados-abertos (atualizado no CNES em 2025-09-03),2026-09-23T18:24:38Z,,pendente,,2 - Centro de saúde / Unidade básica,incluido,
cnes-2429780,2429780,UBS C 1,public,yes,NUCLEO C I,S/N,,ZONA RURAL,56304020,Petrolina,PE,8739833500,-9.27050553770812,-40.599751619599715,cadastro_cnes,atencao-basica,,ATENDIMENTOS NOS TURNOS DA MANHA E A TARDE,no,,unknown,,cnes-dados-abertos (atualizado no CNES em 2025-09-03),2026-09-23T18:24:38Z,,pendente,,2 - Centro de saúde / Unidade básica,incluido,
cnes-2429799,2429799,UBS RICARDO SOARES COELHO,public,yes,RUA 22,S/N,,COHAB MASSANGANO,56302000,Petrolina,PE,8738632944,-9.383250518851547,-40.53698958894867,cadastro_cnes,atencao-basica,,ATENDIMENTOS NOS TURNOS DA MANHA E A TARDE,no,,unknown,,cnes-dados-abertos (atualizado no CNES em 2025-09-03),2026-09-23T18:24:38Z,,pendente,,2 - Centro de saúde / Unidade básica,incluido,
cnes-2429837,2429837,UBS ADAO NUNES DA SILVA,public,yes,NUCLEO CIII,S/N,,ZONA RURAL,56304020,Petrolina,PE,8739857563,-9.303581673641856,-40.48783742827953,cadastro_cnes,atencao-basica,,ATENDIMENTOS NOS TURNOS DA MANHA E A TARDE,no,,unknown,,cnes-dados-abertos (atualizado no CNES em 2025-09-03),2026-09-23T18:24:38Z,,pendente,,2 - Centro de saúde / Unidade básica,incluido,
cnes-2429845,2429845,UBS MARIA DE LOURDES DA SILVA,public,yes,RUA 5,S/N,,ANTONIO CASSIMIRO,56304020,Petrolina,PE,8738625400,-9.3678032,-40.5399893,cadastro_cnes,atencao-basica,,ATENDIMENTOS NOS TURNOS DA MANHA E A TARDE,no,,unknown,,cnes-dados-abertos (atualizado no CNES em 2025-09-03),2026-09-23T18:24:38Z,,pendente,,2 - Centro de saúde / Unidade básica,incluido,
cnes-2429853,2429853,UBS RAJADA PLINIO AMORIM,public,yes,ANTONIO VOZ FILGUEIRA,015,,RAJADA,56345000,Petrolina,PE,,-9.389150236541413,-40.51146110429341,cadastro_cnes,atencao-basica,,ATENDIMENTOS NOS TURNOS DA MANHA E A TARDE,no,,unknown,,cnes-dados-abertos (atualizado no CNES em 2025-09-03),2026-09-23T18:24:38Z,,pendente,,2 - Centro de saúde / Unidade básica,incluido,
cnes-2429861,2429861,UBS ISAAC CORDEIRO DA SILVA,public,yes,AV JOSE SILVESTRE,S/N,,ZONA RURAL,56343000,Petrolina,PE,8738699399,-9.0028621,-40.2682386,cadastro_cnes,atencao-basica,,ATENDIMENTOS NOS TURNOS DA MANHA E A TARDE,no,,unknown,,cnes-dados-abertos (atualizado no CNES em 2025-09-03),2026-09-23T18:24:38Z,,pendente,,2 - Centro de saúde / Unidade básica,incluido,
cnes-2429888,2429888,UBS DR JOAO MOREIRA,public,yes,RUA 12,S/N,,HENRIQUE LEITE,56306040,Petrolina,PE,8738621893,-9.3863112,-40.5457038,cadastro_cnes,atencao-basica,,ATENDIMENTOS NOS TURNOS DA MANHA E A TARDE,no,,unknown,,cnes-dados-abertos (atualizado no CNES em 2025-09-03),2026-09-23T18:24:38Z,,pendente,,2 - Centro de saúde / Unidade básica,incluido,
cnes-2429896,2429896,UBS ALVARO MOREIRA ROCHA,public,yes,RUA 12,S/N,,JOAO DE DEUS,56316140,Petrolina,PE,8738633068,-9.364618540234737,-40.541772246621335,cadastro_cnes,atencao-basica,,"ATENDIMENTO NOS TURNOS DA MANHA, TARDE E NOITE",no,,unknown,,cnes-dados-abertos (atualizado no CNES em 2025-09-03),2026-09-23T18:24:38Z,,pendente,,2 - Centro de saúde / Unidade básica,incluido,
cnes-2429918,2429918,UBS LEONOR ELISA,public,yes,RUA TURFA,S/N,,DOM AVELAR,56322690,Petrolina,PE,8738643054,-9.3563066,-40.4909508,cadastro_cnes,atencao-basica,,"ATENDIMENTO NOS TURNOS DA MANHA, TARDE E NOITE",no,,unknown,,cnes-dados-abertos (atualizado no CNES em 2025-09-03),2026-09-23T18:24:38Z,,pendente,,2 - Centro de saúde / Unidade básica,incluido,
cnes-2429926,2429926,UBS DR GAUDENCIO JOSE DO NASCIMENTO,public,yes,AV DOS TROPEIROS,S/N,,JARDIM AMAZONAS,56318140,Petrolina,PE,8738630132,-9.3732383,-40.5291478,cadastro_cnes,atencao-basica,,ATENDIMENTOS NOS TURNOS DA MANHA E A TARDE,no,,unknown,,cnes-dados-abertos (atualizado no CNES em 2025-09-03),2026-09-23T18:24:38Z,,pendente,,2 - Centro de saúde / Unidade básica,incluido,
cnes-2429934,2429934,UBS DR MANOEL POSSIDIO,public,yes,AVENIDA ESTADOS UNIDOS,S/N,,AREIA BRANCA,56330085,Petrolina,PE,8738618936,-9.3853634,-40.4928856,cadastro_cnes,atencao-basica,,"ATENDIMENTO NOS TURNOS DA MANHA, TARDE E NOITE",no,,unknown,,cnes-dados-abertos (atualizado no CNES em 2025-09-03),2026-09-23T18:24:38Z,,pendente,,2 - Centro de saúde / Unidade básica,incluido,
cnes-2429942,2429942,UBS LIA BEZERRA,public,yes,BERNARDINO DE AMORIM COELHO,S/N,,JOSE E MARIA,56320350,Petrolina,PE,8738646555,-9.369707847735022,-40.492524500587194,cadastro_cnes,atencao-basica,,"ATENDIMENTO NOS TURNOS DA MANHA, TARDE E NOITE",no,,unknown,,cnes-dados-abertos (atualizado no CNES em 2025-09-03),2026-09-23T18:24:38Z,,pendente,,2 - Centro de saúde / Unidade básica,incluido,
cnes-2429950,2429950,LABORATORIO CENTRAL DR GIUSEPPE MUCCINI,public,yes,RUA MARTINIANO CANDIDO,309,,COHAB IV,56310270,Petrolina,PE,8738639084,-9.379083307295067,-40.53519483557789,cadastro_cnes,exames-terapias,,ATENDIMENTOS NOS TURNOS DA MANHA E A TARDE,no,,unknown,,cnes-dados-abertos (atualizado no CNES em 2025-09-03),2026-09-23T18:24:38Z,,pendente,,39 - Unidade de apoio diagnose e terapia (SADT isolado),incluido,
cnes-2429969,2429969,UBS PARTEIRA IDALINA DOS SANTOS,public,yes,RUA 19,S/N,,SAO GONCALO,56312191,Petrolina,PE,8738634230,-9.5032025,-40.7986022,cadastro_cnes,atencao-basica,,ATENDIMENTOS NOS TURNOS DA MANHA E A TARDE,no,,unknown,,cnes-dados-abertos (atualizado no CNES em 2025-09-03),2026-09-23T18:24:38Z,,pendente,coordenada do cadastro fora do limite municipal (OSM); descartada para rota até conferência,2 - Centro de saúde / Unidade básica,incluido,
cnes-2429977,2429977,UBS BERNARDINO CAMPOS COELHO,public,yes,RUA CABROBO,S/N,,VILA EDUARDO,56328180,Petrolina,PE,8738618936,-9.37048271354701,-40.484619140625,cadastro_cnes,atencao-basica,,"ATENDIMENTO NOS TURNOS DA MANHA, TARDE E NOITE",no,,unknown,,cnes-dados-abertos (atualizado no CNES em 2025-09-03),2026-09-23T18:24:38Z,,pendente,,2 - Centro de saúde / Unidade básica,incluido,
cnes-2429985,2429985,CLINICA MEDICA OFTALMOLOGICA,private,yes,AV GUARARAPES,1702,,CENTRO,56302970,Petrolina,PE,8738621996,-9.399410014092945,-40.50390443558172,cadastro_cnes,ambulatorio-especialidades;internacao;centro-cirurgico,,ATENDIMENTOS NOS TURNOS DA MANHA E A TARDE,no,,unknown,,cnes-dados-abertos (atualizado no CNES em 2025-09-03),2026-09-23T18:24:38Z,,pendente,,36 - Clínica / centro de especialidade,incluido,
cnes-2429993,2429993,CDI CENTRO DE DIAGNOSTICO CLINICO E POR IMAGEM,private,yes,TOBIAS BARRETO,7,,CENTRO,56304210,Petrolina,PE,,-9.393700483540911,-40.49907810864197,cadastro_cnes,exames-terapias,,"ATENDIMENTO NOS TURNOS DA MANHA, TARDE E NOITE",no,,unknown,,cnes-dados-abertos (atualizado no CNES em 2025-09-03),2026-09-23T18:24:38Z,,pendente,,39 - Unidade de apoio diagnose e terapia (SADT isolado),incluido,
cnes-2430002,2430002,SERFISIO,private,no,TOBIAS BARRETO,211,,CENTRO,56304210,Petrolina,PE,,-9.39361764586972,-40.50124167177697,cadastro_cnes,ambulatorio-especialidades,,ATENDIMENTOS NOS TURNOS DA MANHA E A TARDE,no,,unknown,,cnes-dados-abertos (atualizado no CNES em 2025-09-03),2026-09-23T18:24:38Z,,pendente,,36 - Clínica / centro de especialidade,incluido,
cnes-2430029,2430029,CLINICA DE FRATURAS,private,unknown,PADRE FRAGA,34,,CENTRO,56304280,Petrolina,PE,,-9.397692802555657,-40.50370095861885,cadastro_cnes,hospital;internacao;centro-cirurgico,,ATENDIMENTOS NOS TURNOS DA MANHA E A TARDE,no,,unknown,,cnes-dados-abertos (atualizado no CNES em 2026-06-16),2026-09-23T18:24:38Z,,pendente,,7 - Hospital especializado,incluido,
cnes-2430037,2430037,CEDILA,private,no,JOAQUIM NABUCO,798,,CENTRO,56304040,Petrolina,PE,8739834608,-9.393334061270973,-40.49914555952255,cadastro_cnes,exames-terapias,,"ATENDIMENTO NOS TURNOS DA MANHA, TARDE E NOITE",no,,unknown,,cnes-dados-abertos (atualizado no CNES em 2025-09-03),2026-09-23T18:24:38Z,,pendente,,39 - Unidade de apoio diagnose e terapia (SADT isolado),incluido,
cnes-2430053,2430053,LABORATORIO DE ANALISES CLINICAS DR IZAIAS,private,yes,RUA DA PIEDADE,S/N,,GERCINO COELHO,56306240,Petrolina,PE,,-9.388421,-40.510139,cadastro_cnes,ambulatorio-especialidades,,ATENDIMENTOS NOS TURNOS DA MANHA E A TARDE,no,,unknown,,cnes-dados-abertos (atualizado no CNES em 2025-09-03),2026-09-23T18:24:38Z,,pendente,,4 - Policlínica,incluido,
cnes-2430088,2430088,CARDIOCLINICA,private,no,CRISPIM AMARIM COELHO,137,,CENTRO,56332175,Petrolina,PE,,-9.393,-40.508,cadastro_cnes,ambulatorio-especialidades,,ATENDIMENTOS NOS TURNOS DA MANHA E A TARDE,no,,unknown,,cnes-dados-abertos (atualizado no CNES em 2025-09-03),2026-09-23T18:24:38Z,,pendente,,36 - Clínica / centro de especialidade,incluido,
cnes-2430096,2430096,HISTOTEC PATOLOGIA,private,yes,ANTONIO SANTANA FILHO,650,,CENTRO,56332175,Petrolina,PE,,-9.399057068405016,-40.496261713492615,cadastro_cnes,exames-terapias,,ATENDIMENTOS NOS TURNOS DA MANHA E A TARDE,no,,unknown,,cnes-dados-abertos (atualizado no CNES em 2025-09-03),2026-09-23T18:24:38Z,,pendente,,39 - Unidade de apoio diagnose e terapia (SADT isolado),incluido,
cnes-2430118,2430118,NEUROCARDIO,private,yes,RUA TOBIAS BARRETO,08,,CENTRO,56304210,Petrolina,PE,8721013110,-9.393398,-40.498785,cadastro_cnes,hospital;internacao;centro-cirurgico;centro-obstetrico;unidade-neonatal,,"ATENDIMENTO CONTINUO DE 24 HORAS/DIA (PLANTAO:INCLUI SABADOS, DOMINGOS E FERIADOS)",yes,,unknown,,cnes-dados-abertos (atualizado no CNES em 2025-09-03),2026-09-23T18:24:38Z,,pendente,,5 - Hospital geral,incluido,
cnes-2430126,2430126,M M ODONTO,private,no,RUA JANUARIO ALVES,58,,CENTRO,56306040,Petrolina,PE,,-9.3932675,-40.5052984,cadastro_cnes,ambulatorio-especialidades,,ATENDIMENTOS NOS TURNOS DA MANHA E A TARDE,no,,unknown,,cnes-dados-abertos (atualizado no CNES em 2025-09-03),2026-09-23T18:24:38Z,,pendente,,36 - Clínica / centro de especialidade,incluido,
cnes-2430134,2430134,CONSULTORIO DR DEILSON,private,no,RUA DA LARANJEIRA,55,,CENTRO,56306040,Petrolina,PE,,-9.393320021894823,-40.46984236196972,cadastro_cnes,,,ATENDIMENTOS NOS TURNOS DA MANHA E A TARDE,no,,unknown,,cnes-dados-abertos (atualizado no CNES em 2025-09-03),2026-09-23T18:24:38Z,,pendente,,22 - Consultório isolado,excluido,tipo 22 fora do critério de inclusão v1
cnes-2430142,2430142,CLINICENTER,private,no,CRISPIM AMORIM COELHO,201,,CENTRO,56332175,Petrolina,PE,,-9.39297524659933,-40.50057821349263,cadastro_cnes,ambulatorio-especialidades,,ATENDIMENTOS NOS TURNOS DA MANHA E A TARDE,no,,unknown,,cnes-dados-abertos (atualizado no CNES em 2025-09-03),2026-09-23T18:24:38Z,,pendente,,4 - Policlínica,incluido,
cnes-2430150,2430150,NILBERTO MOURA LEAL,private,no,RUA JANUARIO ALVES,58,,CENTRO,56306040,Petrolina,PE,,,,,,,ATENDIMENTO SOMENTE PELA MANHA,no,,unknown,,cnes-dados-abertos (atualizado no CNES em 2025-09-03),2026-09-23T18:24:38Z,,pendente,,22 - Consultório isolado,excluido,desabilitado no CNES (motivo 04)
cnes-2430169,2430169,DR JOSIVAL,private,no,AV JOAQUIM NABUCO,642,,CENTRO,56306040,Petrolina,PE,,-9.395975571979646,-40.499271068716624,cadastro_cnes,,,ATENDIMENTOS NOS TURNOS DA MANHA E A TARDE,no,,unknown,,cnes-dados-abertos (atualizado no CNES em 2025-10-17),2026-09-23T18:24:38Z,,pendente,,22 - Consultório isolado,excluido,tipo 22 fora do critério de inclusão v1
cnes-2430177,2430177,CONSULTORIO DE PSICOLOGIA CLINICA,private,no,AV JOAQUIM NABUCO,637,,CENTRO,56306040,Petrolina,PE,,,,,,,ATENDIMENTOS NOS TURNOS DA MANHA E A TARDE,no,,unknown,,cnes-dados-abertos (atualizado no CNES em 2025-09-03),2026-09-23T18:24:38Z,,pendente,,22 - Consultório isolado,excluido,desabilitado no CNES (motivo 04)
cnes-2430193,2430193,ODONTOVIDA,private,no,DR JULIO DE MELO,274,,CENTRO,56302150,Petrolina,PE,8738614675,-9.400333896780744,-40.49729747055059,cadastro_cnes,ambulatorio-especialidades,,ATENDIMENTOS NOS TURNOS DA MANHA E A TARDE,no,,unknown,,cnes-dados-abertos (atualizado no CNES em 2025-09-03),2026-09-23T18:24:38Z,,pendente,,36 - Clínica / centro de especialidade,incluido,
cnes-2430207,2430207,ENDODERMA,private,no,VILA SAO FRANCISCO,309,,CENTRO,56302280,Petrolina,PE,8788648667,-9.398569677221696,-40.49495813497142,cadastro_cnes,,,ATENDIMENTOS NOS TURNOS DA MANHA E A TARDE,no,,unknown,,cnes-dados-abertos (atualizado no CNES em 2025-09-03),2026-09-23T18:24:38Z,,pendente,,22 - Consultório isolado,excluido,tipo 22 fora do critério de inclusão v1
cnes-2430215,2430215,ODONTOLOGIA EDUARDO SEIJI NUMATA,private,no,RUA TOBIAS BARRETO,212,,CENTRO,56306040,Petrolina,PE,,-9.3936839,-40.5005063,cadastro_cnes,,,ATENDIMENTOS NOS TURNOS DA MANHA E A TARDE,no,,unknown,,cnes-dados-abertos (atualizado no CNES em 2025-09-03),2026-09-23T18:24:38Z,,pendente,,22 - Consultório isolado,excluido,desabilitado no CNES (motivo 03)
cnes-2430223,2430223,CONSULTORIO ODONTOLOGICO,private,no,RUA OLIMPIO VIRGILIO,43,,CENTRO,56306040,Petrolina,PE,,-9.3962631,-40.5019882,cadastro_cnes,,,ATENDIMENTOS NOS TURNOS DA MANHA E A TARDE,no,,unknown,,cnes-dados-abertos (atualizado no CNES em 2025-09-03),2026-09-23T18:24:38Z,,pendente,,22 - Consultório isolado,excluido,tipo 22 fora do critério de inclusão v1
cnes-2430231,2430231,SALUTE CENTRO DIAGNOSTICO,private,no,MANOEL CLEMENTINO,1167,,CENTRO,56302170,Petrolina,PE,8730141536,-9.400232297169937,-40.49959778650739,cadastro_cnes,exames-terapias,,ATENDIMENTOS NOS TURNOS DA MANHA E A TARDE,no,,unknown,,cnes-dados-abertos (atualizado no CNES em 2026-05-21),2026-09-23T18:24:38Z,,pendente,,39 - Unidade de apoio diagnose e terapia (SADT isolado),incluido,
cnes-2430258,2430258,LACESP,private,yes,DR JULIO DE MELO,196,,CENTRO,56332175,Petrolina,PE,,-9.4003229,-40.4941477,cadastro_cnes,exames-terapias,,"ATENDIMENTO CONTINUO DE 24 HORAS/DIA (PLANTAO:INCLUI SABADOS, DOMINGOS E FERIADOS)",yes,,unknown,,cnes-dados-abertos (atualizado no CNES em 2026-08-29),2026-09-23T18:24:38Z,,pendente,,39 - Unidade de apoio diagnose e terapia (SADT isolado),incluido,
cnes-2430266,2430266,SEMPE SERVICO MEDICO DE PETROLINA,private,no,CRISPIM AMORIM COELHO,68,,CENTRO,56304220,Petrolina,PE,8738617390,-9.393615382040641,-40.49964771534319,cadastro_cnes,ambulatorio-especialidades,,ATENDIMENTOS NOS TURNOS DA MANHA E A TARDE,no,,unknown,,cnes-dados-abertos (atualizado no CNES em 2025-09-03),2026-09-23T18:24:38Z,,pendente,,36 - Clínica / centro de especialidade,incluido,
cnes-2430274,2430274,LAPAC,private,no,GUARARAPES,2258,,CENTRO,56302000,Petrolina,PE,8738610694,-9.399858167493708,-40.498588171166055,cadastro_cnes,exames-terapias,,ATENDIMENTOS NOS TURNOS DA MANHA E A TARDE,no,,unknown,,cnes-dados-abertos (atualizado no CNES em 2025-09-03),2026-09-23T18:24:38Z,,pendente,,39 - Unidade de apoio diagnose e terapia (SADT isolado),incluido,
cnes-2430282,2430282,CENTRO MEDICO DA VISAO,private,no,RUA TOBIAS BARRETO,12,,CENTRO,56306040,Petrolina,PE,8738615142,-9.3937077,-40.500509,cadastro_cnes,,,ATENDIMENTOS NOS TURNOS DA MANHA E A TARDE,no,,unknown,,cnes-dados-abertos (atualizado no CNES em 2025-09-03),2026-09-23T18:24:38Z,,pendente,,22 - Consultório isolado,excluido,desabilitado no CNES (motivo 10)
cnes-2430290,2430290,IMUNICENTER,private,no,MONSENHOR ANGELO SAMPAIO,100,,MARIA AUXILIADORA,56304920,Petrolina,PE,,-9.393956029016056,-40.49280343878362,cadastro_cnes,exames-terapias,,ATENDIMENTOS NOS TURNOS DA MANHA E A TARDE,no,,unknown,,cnes-dados-abertos (atualizado no CNES em 2025-09-03),2026-09-23T18:24:38Z,,pendente,,39 - Unidade de apoio diagnose e terapia (SADT isolado),incluido,
cnes-2430304,2430304,CONSULTORIO DR EDSON CAVALCANTI,private,no,RUA VALERIO PEREIRA,82,,CENTRO,56306040,Petrolina,PE,,,,,,,ATENDIMENTOS NOS TURNOS DA MANHA E A TARDE,no,,unknown,,cnes-dados-abertos (atualizado no CNES em 2025-09-03),2026-09-23T18:24:38Z,,pendente,,22 - Consultório isolado,excluido,desabilitado no CNES (motivo 04)
cnes-2430339,2430339,CONSULTORIO ODONTOLOGICO DRA HELENA GOMES,private,no,RUA SAO JOSE,47,,CENTRO,56306040,Petrolina,PE,8738615403,-9.3997593,-40.4931235,cadastro_cnes,,,ATENDIMENTOS NOS TURNOS DA MANHA E A TARDE,no,,unknown,,cnes-dados-abertos (atualizado no CNES em 2025-09-03),2026-09-23T18:24:38Z,,pendente,,22 - Consultório isolado,excluido,tipo 22 fora do critério de inclusão v1
cnes-2430347,2430347,JOSE GOMES DA COSTA,private,no,RUA DO CAJUEIRO,58,,CENTRO,56304420,Petrolina,PE,,-9.3776628,-40.4962725,cadastro_cnes,,,ATENDIMENTOS NOS TURNOS DA MANHA E A TARDE,no,,unknown,,cnes-dados-abertos (atualizado no CNES em 2025-09-03),2026-09-23T18:24:38Z,,pendente,,22 - Consultório isolado,excluido,tipo 22 fora do critério de inclusão v1
cnes-2430371,2430371,CLINICA UROLOGICA DE PETROLINA,private,no,JOAQUIM NABUCO,556,,CENTRO,56304040,Petrolina,PE,,-9.396922752285473,-40.49950401789639,cadastro_cnes,ambulatorio-especialidades,,ATENDIMENTOS NOS TURNOS DA MANHA E A TARDE,no,,unknown,,cnes-dados-abertos (atualizado no CNES em 2025-09-03),2026-09-23T18:24:38Z,,pendente,,36 - Clínica / centro de especialidade,incluido,
cnes-2430401,2430401,CLINOR,private,no,PIO XII,283,,CENTRO,56304430,Petrolina,PE,8788654039,-9.38892369829903,-40.51216526700811,cadastro_cnes,,,ATENDIMENTOS NOS TURNOS DA MANHA E A TARDE,no,,unknown,,cnes-dados-abertos (atualizado no CNES em 2025-09-03),2026-09-23T18:24:38Z,,pendente,,22 - Consultório isolado,excluido,tipo 22 fora do critério de inclusão v1
cnes-2430428,2430428,CLINICA DE OLHOS DR MANOEL GONCALVES,private,no,AV GUARARAPES,1890,,CENTRO,56302000,Petrolina,PE,8738612335,-9.399324772707184,-40.502035622091405,cadastro_cnes,,,ATENDIMENTOS NOS TURNOS DA MANHA E A TARDE,no,,unknown,,cnes-dados-abertos (atualizado no CNES em 2025-10-14),2026-09-23T18:24:38Z,,pendente,,22 - Consultório isolado,excluido,tipo 22 fora do critério de inclusão v1
cnes-2430436,2430436,CEDIMAGEM,private,no,DR JULIO DE MELO,82,,CENTRO,56332175,Petrolina,PE,,-9.400217371002334,-40.49904970429804,cadastro_cnes,exames-terapias,,ATENDIMENTOS NOS TURNOS DA MANHA E A TARDE,no,,unknown,,cnes-dados-abertos (atualizado no CNES em 2025-09-03),2026-09-23T18:24:38Z,,pendente,,39 - Unidade de apoio diagnose e terapia (SADT isolado),incluido,
cnes-2430444,2430444,CONSULTORIO ODONTOLOGICO DE DRA STELA,private,no,RUA DO CAJUEIRO,58,,CENTRO,56306040,Petrolina,PE,,-8.995354,-40.2688673,cadastro_cnes,ambulatorio-especialidades,,ATENDIMENTOS NOS TURNOS DA MANHA E A TARDE,no,,unknown,,cnes-dados-abertos (atualizado no CNES em 2025-09-03),2026-09-23T18:24:38Z,,pendente,coordenada do cadastro fora do limite municipal (OSM); descartada para rota até conferência,36 - Clínica / centro de especialidade,incluido,
cnes-2430460,2430460,OTOGASTRO,private,no,DR JULIO DE MELO,330,,CENTRO,56302150,Petrolina,PE,8738611198,-9.400321220090921,-40.49675678220941,cadastro_cnes,ambulatorio-especialidades,,ATENDIMENTOS NOS TURNOS DA MANHA E A TARDE,no,,unknown,,cnes-dados-abertos (atualizado no CNES em 2025-09-03),2026-09-23T18:24:38Z,,pendente,,4 - Policlínica,incluido,
cnes-2430479,2430479,ODONTOLOGIA DR JEFERSON,private,no,AV SOUZA FILHO GAL IMPERIAL CENTER,553,,CENTRO,56304000,Petrolina,PE,8738611270,-9.396581090750594,-40.50261958222025,cadastro_cnes,ambulatorio-especialidades,,ATENDIMENTOS NOS TURNOS DA MANHA E A TARDE,no,,unknown,,cnes-dados-abertos (atualizado no CNES em 2026-01-20),2026-09-23T18:24:38Z,,pendente,,36 - Clínica / centro de especialidade,incluido,
cnes-2430487,2430487,PRONTOPED,private,no,JOAO PERNAMBUCO,101,,CIDADE UNIVERSITARIA,56332710,Petrolina,PE,8739835500,-9.400208233426717,-40.48118085767159,cadastro_cnes,ambulatorio-especialidades,,ATENDIMENTOS NOS TURNOS DA MANHA E A TARDE,no,,unknown,,cnes-dados-abertos (atualizado no CNES em 2025-09-03),2026-09-23T18:24:38Z,,pendente,,36 - Clínica / centro de especialidade,incluido,
cnes-2430495,2430495,HGU HOSPITAL GERAL E URGENCIA,private,yes,CORONEL ANTONIO HONORATO VIANA,129,,PALHINHAS,56332175,Petrolina,PE,8730240818,-9.39101710191757,-40.520723424537394,cadastro_cnes,hospital;internacao;centro-cirurgico;centro-obstetrico;unidade-neonatal,,"ATENDIMENTO CONTINUO DE 24 HORAS/DIA (PLANTAO:INCLUI SABADOS, DOMINGOS E FERIADOS)",yes,,unknown,,cnes-dados-abertos (atualizado no CNES em 2025-09-03),2026-09-23T18:24:38Z,,pendente,,5 - Hospital geral,incluido,
cnes-2430509,2430509,LABORATORIO UNIMED,private,no,RUA DO COLISEU,123,,CENTRO,56302390,Petrolina,PE,8738667900,-9.3977382,-40.4991786,cadastro_cnes,exames-terapias,,ATENDIMENTOS NOS TURNOS DA MANHA E A TARDE,no,,unknown,,cnes-dados-abertos (atualizado no CNES em 2025-09-03),2026-09-23T18:24:38Z,,pendente,,39 - Unidade de apoio diagnose e terapia (SADT isolado),incluido,
cnes-2430517,2430517,HOSPITAL IMACULADA CONCEICAO,private,unknown,JOAQUIM NABUCO,685,,CENTRO,56304040,Petrolina,PE,,-9.395538910375068,-40.49954497116459,cadastro_cnes,hospital;internacao;centro-cirurgico;centro-obstetrico,,"ATENDIMENTO CONTINUO DE 24 HORAS/DIA (PLANTAO:INCLUI SABADOS, DOMINGOS E FERIADOS)",yes,,unknown,,cnes-dados-abertos (atualizado no CNES em 2026-03-23),2026-09-23T18:24:38Z,,pendente,,5 - Hospital geral,incluido,
cnes-2430525,2430525,CONSULTORIO DE DRA NADJA,private,no,RUA VALERIO PEREIRA,82,,CENTRO,56304060,Petrolina,PE,,,,,,,ATENDIMENTOS NOS TURNOS DA MANHA E A TARDE,no,,unknown,,cnes-dados-abertos (atualizado no CNES em 2025-09-03),2026-09-23T18:24:38Z,,pendente,,22 - Consultório isolado,excluido,desabilitado no CNES (motivo 04)
cnes-2430541,2430541,CONSULTORIO DRA RAIMUNDA FEITOSA,private,no,DA INTEGRACAO AYRTON SENNA,140,,SAO JOSE,56308340,Petrolina,PE,8738622486,-9.40007201520499,-40.49191651620514,cadastro_cnes,,,ATENDIMENTO COM TURNOS INTERMITENTES,unknown,,unknown,,cnes-dados-abertos (atualizado no CNES em 2025-09-03),2026-09-23T18:24:38Z,,pendente,,22 - Consultório isolado,excluido,tipo 22 fora do critério de inclusão v1
cnes-2430568,2430568,CENTRO MEDICO ESPECIALIZADO,private,no,RUA VALERIO PEREIRA,82,,CENTRO,56304060,Petrolina,PE,,,,,ambulatorio-especialidades,,ATENDIMENTOS NOS TURNOS DA MANHA E A TARDE,no,,unknown,,cnes-dados-abertos (atualizado no CNES em 2025-09-03),2026-09-23T18:24:38Z,,pendente,,4 - Policlínica,excluido,desabilitado no CNES (motivo 04)
cnes-2430576,2430576,SELAC,private,no,TOBIAS BARRETO,279,,CENTRO,56304210,Petrolina,PE,8738613199,-9.39344978037086,-40.50238691349262,cadastro_cnes,exames-terapias,,ATENDIMENTOS NOS TURNOS DA MANHA E A TARDE,no,,unknown,,cnes-dados-abertos (atualizado no CNES em 2025-09-03),2026-09-23T18:24:38Z,,pendente,,39 - Unidade de apoio diagnose e terapia (SADT isolado),incluido,
cnes-2430592,2430592,DR AGAPTO,private,no,RUA DR JULIO DE MELO,362,,CENTRO,56306040,Petrolina,PE,,,,,,,ATENDIMENTOS NOS TURNOS DA MANHA E A TARDE,no,,unknown,,cnes-dados-abertos (atualizado no CNES em 2025-09-03),2026-09-23T18:24:38Z,,pendente,,22 - Consultório isolado,excluido,desabilitado no CNES (motivo 04)
cnes-2430606,2430606,CLINICA LIGIA MOXOTO MOURA LIMA,private,no,TOBIAS BARRETO,38,,CENTRO,56304210,Petrolina,PE,8738610377,-9.39362447365803,-40.49947450552398,cadastro_cnes,,,ATENDIMENTOS NOS TURNOS DA MANHA E A TARDE,no,,unknown,,cnes-dados-abertos (atualizado no CNES em 2025-09-03),2026-09-23T18:24:38Z,,pendente,,22 - Consultório isolado,excluido,tipo 22 fora do critério de inclusão v1
cnes-2430614,2430614,CLINICA UROLOGIA DR MAIR,private,no,AVENIDA FERNANDO MENEZES DE GOES,105,,CENTRO,56304020,Petrolina,PE,8738612683,-9.395029185141578,-40.502613357070594,cadastro_cnes,,,ATENDIMENTO COM TURNOS INTERMITENTES,unknown,,unknown,,cnes-dados-abertos (atualizado no CNES em 2025-09-03),2026-09-23T18:24:38Z,,pendente,,22 - Consultório isolado,excluido,tipo 22 fora do critério de inclusão v1
cnes-2430622,2430622,HOSPITAL MEMORIAL PETROLINA,private,yes,RUA TOBIAS BARRETO,02,,CENTRO,56302970,Petrolina,PE,8738628900,-9.393603,-40.498513,cadastro_cnes,hospital;internacao;centro-cirurgico;centro-obstetrico;unidade-neonatal,,"ATENDIMENTO CONTINUO DE 24 HORAS/DIA (PLANTAO:INCLUI SABADOS, DOMINGOS E FERIADOS)",yes,,unknown,,cnes-dados-abertos (atualizado no CNES em 2025-09-03),2026-09-23T18:24:38Z,,pendente,,5 - Hospital geral,incluido,
cnes-2430630,2430630,CONSULTORIO ODONTOPEDIATRIA DR CESAR DURANDO,private,no,VALERIO PEREIRA,133,,CENTRO,56304060,Petrolina,PE,,-9.396832820256865,-40.49850579014254,cadastro_cnes,,,ATENDIMENTOS NOS TURNOS DA MANHA E A TARDE,no,,unknown,,cnes-dados-abertos (atualizado no CNES em 2025-09-03),2026-09-23T18:24:38Z,,pendente,,22 - Consultório isolado,excluido,tipo 22 fora do critério de inclusão v1
cnes-2430649,2430649,DENSO,private,no,AV JOAQUIM NABUCO,596,,CENTRO,56304040,Petrolina,PE,8738617850,-9.396349294854598,-40.49947045092795,cadastro_cnes,ambulatorio-especialidades,,ATENDIMENTOS NOS TURNOS DA MANHA E A TARDE,no,,unknown,,cnes-dados-abertos (atualizado no CNES em 2025-10-17),2026-09-23T18:24:38Z,,pendente,,36 - Clínica / centro de especialidade,incluido,
cnes-2430657,2430657,OMEGA PREV,private,no,MARECHAL DEODORO,928,,CENTRO,56302050,Petrolina,PE,,-9.4003157,-40.5011308,cadastro_cnes,,,ATENDIMENTOS NOS TURNOS DA MANHA E A TARDE,no,,unknown,,cnes-dados-abertos (atualizado no CNES em 2025-09-03),2026-09-23T18:24:38Z,,pendente,,22 - Consultório isolado,excluido,tipo 22 fora do critério de inclusão v1
cnes-2430665,2430665,CLINOCAP,private,no,MARECHAL DEODORO,928,,CENTRO,56302050,Petrolina,PE,,-9.4003157,-40.5011308,cadastro_cnes,,,ATENDIMENTOS NOS TURNOS DA MANHA E A TARDE,no,,unknown,,cnes-dados-abertos (atualizado no CNES em 2025-09-03),2026-09-23T18:24:38Z,,pendente,,22 - Consultório isolado,excluido,tipo 22 fora do critério de inclusão v1
cnes-2430711,2430711,HOSPITAL DOM MALAN,public,yes,AVENIDA JOAQUIM NABUCO,S/N,,CENTRO,56304900,Petrolina,PE,,-9.394897707551463,-40.49995869398117,cadastro_cnes,hospital;internacao;centro-cirurgico;centro-obstetrico;unidade-neonatal,,"ATENDIMENTO CONTINUO DE 24 HORAS/DIA (PLANTAO:INCLUI SABADOS, DOMINGOS E FERIADOS)",yes,,unknown,,cnes-dados-abertos (atualizado no CNES em 2025-09-03),2026-09-23T18:24:38Z,,pendente,,5 - Hospital geral,incluido,
cnes-2430738,2430738,CENTRAL DE DIAGNOSTICO,private,yes,RUA VISCONDE DE MAUA,10,,GERCINO COELHO,56306290,Petrolina,PE,8738628650,-9.4453736,-40.5010258,cadastro_cnes,exames-terapias,,ATENDIMENTOS NOS TURNOS DA MANHA E A TARDE,no,,unknown,,cnes-dados-abertos (atualizado no CNES em 2025-09-03),2026-09-23T18:24:38Z,,pendente,coordenada do cadastro fora do limite municipal (OSM); descartada para rota até conferência,39 - Unidade de apoio diagnose e terapia (SADT isolado),incluido,
cnes-2430746,2430746,CASA GERIATRICA DE PETROLINA,private,yes,RUA LUIZ GONZAGA,05,,VILA MOCO,56306040,Petrolina,PE,,-9.4163103,-40.5095316,cadastro_cnes,ambulatorio-especialidades,,ATENDIMENTOS NOS TURNOS DA MANHA E A TARDE,no,,unknown,,cnes-dados-abertos (atualizado no CNES em 2025-09-03),2026-09-23T18:24:38Z,,pendente,coordenada do cadastro fora do limite municipal (OSM); descartada para rota até conferência,36 - Clínica / centro de especialidade,incluido,
cnes-2637219,2637219,UBS ALTO DO COCAR,public,yes,RUA 24,170,,ALTO DO COCAR,56318490,Petrolina,PE,,,,,atencao-basica,,ATENDIMENTOS NOS TURNOS DA MANHA E A TARDE,no,,unknown,,cnes-dados-abertos (atualizado no CNES em 2025-09-03),2026-09-23T18:24:38Z,,pendente,,2 - Centro de saúde / Unidade básica,excluido,desabilitado no CNES (motivo 07)
cnes-2637235,2637235,UBS SANTA LUZIA,public,yes,RUA 8,S/N,,SANTA LUZIA,56320205,Petrolina,PE,8738646966,-9.3632955,-40.6209103,cadastro_cnes,atencao-basica,,ATENDIMENTOS NOS TURNOS DA MANHA E A TARDE,no,,unknown,,cnes-dados-abertos (atualizado no CNES em 2025-09-03),2026-09-23T18:24:38Z,,pendente,,2 - Centro de saúde / Unidade básica,incluido,
cnes-2637243,2637243,UBS MARIA DO SOCORRO GIL DA SILVA,public,yes,RUA 12,S/N,,OURO PRETO,56318635,Petrolina,PE,,-9.1775916,-40.9842825,cadastro_cnes,atencao-basica,,ATENDIMENTOS NOS TURNOS DA MANHA E A TARDE,no,,unknown,,cnes-dados-abertos (atualizado no CNES em 2025-09-03),2026-09-23T18:24:38Z,,pendente,coordenada do cadastro fora do limite municipal (OSM); descartada para rota até conferência,2 - Centro de saúde / Unidade básica,incluido,
cnes-2637251,2637251,UBS JULIO ANDRADE MOREIRA,public,yes,RUA 21,S/N,,CACHEADO,56314110,Petrolina,PE,,-8.4289999,-40.763646,cadastro_cnes,atencao-basica,,ATENDIMENTOS NOS TURNOS DA MANHA E A TARDE,no,,unknown,,cnes-dados-abertos (atualizado no CNES em 2025-09-03),2026-09-23T18:24:38Z,,pendente,coordenada do cadastro fora do limite municipal (OSM); descartada para rota até conferência,2 - Centro de saúde / Unidade básica,incluido,
cnes-2726866,2726866,CONSULTORIOS POLICLINICOS LTDA,private,no,DOUTOR JOSE E MARIA,62,,CENTRO,56304050,Petrolina,PE,8738622077,-9.396422566337735,-40.498882124537374,cadastro_cnes,exames-terapias,,ATENDIMENTOS NOS TURNOS DA MANHA E A TARDE,no,,unknown,,cnes-dados-abertos (atualizado no CNES em 2026-03-11),2026-09-23T18:24:38Z,,pendente,,39 - Unidade de apoio diagnose e terapia (SADT isolado),excluido,desabilitado no CNES (motivo 04)
cnes-2726912,2726912,UBS URUAS,public,yes,DISTRITO DE PETROLINA,S/N,,URUAS,56304020,Petrolina,PE,,-9.0505183,-40.2015246,cadastro_cnes,atencao-basica,,ATENDIMENTOS NOS TURNOS DA MANHA E A TARDE,no,,unknown,,cnes-dados-abertos (atualizado no CNES em 2025-09-03),2026-09-23T18:24:38Z,,pendente,coordenada do cadastro fora do limite municipal (OSM); descartada para rota até conferência,2 - Centro de saúde / Unidade básica,incluido,
cnes-2726939,2726939,UBS JOSEFA BISPO DE ALMEIDA,public,yes,RUA 56,21,,JOAO DE DEUS,56316566,Petrolina,PE,8738672699,-9.3571538,-40.5423148,cadastro_cnes,atencao-basica,,ATENDIMENTOS NOS TURNOS DA MANHA E A TARDE,no,,unknown,,cnes-dados-abertos (atualizado no CNES em 2025-09-03),2026-09-23T18:24:38Z,,pendente,,2 - Centro de saúde / Unidade básica,incluido,
cnes-2825058,2825058,NEUROCENTRO,private,no,AV DR FERNANDO GOES,520,,CENTRO,56304020,Petrolina,PE,8738619862,-9.395469229230576,-40.49920668220913,cadastro_cnes,exames-terapias,,ATENDIMENTOS NOS TURNOS DA MANHA E A TARDE,no,,unknown,,cnes-dados-abertos (atualizado no CNES em 2026-01-20),2026-09-23T18:24:38Z,,pendente,,39 - Unidade de apoio diagnose e terapia (SADT isolado),incluido,
cnes-2832682,2832682,CLINICAL CENTER IMAGEM,private,no,R JOSE CLEMENTE AMORIM,27,,COHAB MASSANGANO,56310180,Petrolina,PE,,-9.3790772,-40.5358775,cadastro_cnes,,,ATENDIMENTOS NOS TURNOS DA MANHA E A TARDE,no,,unknown,,cnes-dados-abertos (atualizado no CNES em 2025-09-03),2026-09-23T18:24:38Z,,pendente,,22 - Consultório isolado,excluido,tipo 22 fora do critério de inclusão v1
cnes-2832739,2832739,CLINICAL CENTER IMAGEM 2,private,no,R TOME CAVALCANTE,221,,AREIA BRANCA,56330055,Petrolina,PE,,-9.3779694,-40.4942644,cadastro_cnes,,,ATENDIMENTOS NOS TURNOS DA MANHA E A TARDE,no,,unknown,,cnes-dados-abertos (atualizado no CNES em 2025-09-03),2026-09-23T18:24:38Z,,pendente,,22 - Consultório isolado,excluido,tipo 22 fora do critério de inclusão v1
cnes-2836823,2836823,MAIS VIVER CLINICA E MEDICINA DO TRABALHO,private,no,PRESIDENTE TANCREDO NEVES,9,,CENTRO,56304190,Petrolina,PE,8730243220,-9.3889966,-40.5079182,cadastro_cnes,ambulatorio-especialidades,,"ATENDIMENTO NOS TURNOS DA MANHA, TARDE E NOITE",no,,unknown,,cnes-dados-abertos (atualizado no CNES em 2025-09-03),2026-09-23T18:24:38Z,,pendente,,36 - Clínica / centro de especialidade,incluido,
cnes-2838834,2838834,CIEBE ODONTO,private,no,SOUZA FILHO,900,,CENTRO,56304000,Petrolina,PE,,-9.3935407,-40.5017194,cadastro_cnes,ambulatorio-especialidades,,ATENDIMENTOS NOS TURNOS DA MANHA E A TARDE,no,,unknown,,cnes-dados-abertos (atualizado no CNES em 2025-09-03),2026-09-23T18:24:38Z,,pendente,,36 - Clínica / centro de especialidade,incluido,
cnes-2850060,2850060,HDS CONSULTORIO MEDICO,private,no,PADEIRO JOAO LUIZ,128,,MARIA AUXILIADORA,56330470,Petrolina,PE,8796408997,-9.3851021,-40.5012177,cadastro_cnes,,,"ATENDIMENTO NOS TURNOS DA MANHA, TARDE E NOITE",no,,unknown,,cnes-dados-abertos (atualizado no CNES em 2025-09-03),2026-09-23T18:24:38Z,,pendente,,22 - Consultório isolado,excluido,tipo 22 fora do critério de inclusão v1
cnes-2857286,2857286,SN BARREIRA,private,no,ENGENHEIRO ARTUR RIO DE CERQUEIRA,262,,COLONIA IMPERIAL,56328830,Petrolina,PE,8738643343,-9.39787191303325,-40.48501010429736,cadastro_cnes,,,"ATENDIMENTO NOS TURNOS DA MANHA, TARDE E NOITE",no,,unknown,,cnes-dados-abertos (atualizado no CNES em 2025-09-03),2026-09-23T18:24:38Z,,pendente,,22 - Consultório isolado,excluido,tipo 22 fora do critério de inclusão v1
cnes-2857669,2857669,INTEGRACAO CENTRO DE TERAPIA INFANTIL,private,no,ANTONIO DE SANTANA FILHO,670,,CENTRO,56302300,Petrolina,PE,8788190643,-9.3990825,-40.4952835,cadastro_cnes,,,"ATENDIMENTO NOS TURNOS DA MANHA, TARDE E NOITE",no,,unknown,,cnes-dados-abertos (atualizado no CNES em 2025-09-03),2026-09-23T18:24:38Z,,pendente,,22 - Consultório isolado,excluido,tipo 22 fora do critério de inclusão v1
cnes-2858304,2858304,PA CONSULTORIA EM SAUDE,private,no,DO COLISEU,114,,CENTRO,56302390,Petrolina,PE,,-9.3973459,-40.4954355,cadastro_cnes,,,"ATENDIMENTO NOS TURNOS DA MANHA, TARDE E NOITE",no,,unknown,,cnes-dados-abertos (atualizado no CNES em 2025-09-03),2026-09-23T18:24:38Z,,pendente,,22 - Consultório isolado,excluido,tipo 22 fora do critério de inclusão v1
cnes-2858363,2858363,INOVALE ODONTOLGIA E MEDICINA INTEGRADA,private,no,GUARARAPES,2198,,CENTRO,56302000,Petrolina,PE,,-9.39981532179811,-40.49910727116458,cadastro_cnes,ambulatorio-especialidades,,"ATENDIMENTO NOS TURNOS DA MANHA, TARDE E NOITE",no,,unknown,,cnes-dados-abertos (atualizado no CNES em 2025-09-03),2026-09-23T18:24:38Z,,pendente,,36 - Clínica / centro de especialidade,incluido,
cnes-2859718,2859718,T DOS SANTOS GOMES LTDA,private,no,OSA SANTANA,17,,KM 2,56306535,Petrolina,PE,,-9.3842425,-40.5091025,cadastro_cnes,,,"ATENDIMENTO NOS TURNOS DA MANHA, TARDE E NOITE",no,,unknown,,cnes-dados-abertos (atualizado no CNES em 2025-09-03),2026-09-23T18:24:38Z,,pendente,,22 - Consultório isolado,excluido,desabilitado no CNES (motivo 11)
cnes-2865777,2865777,SUBLIME,private,no,AVELAR GONCALVES DE LIMA,645,,SAO JOSE,56328225,Petrolina,PE,8730245502,-9.398578526682899,-40.48517008478411,cadastro_cnes,,,ATENDIMENTOS NOS TURNOS DA MANHA E A TARDE,no,,unknown,,cnes-dados-abertos (atualizado no CNES em 2025-09-03),2026-09-23T18:24:38Z,,pendente,,22 - Consultório isolado,excluido,tipo 22 fora do critério de inclusão v1
cnes-2866927,2866927,CLINICA PEDIATRICA LAVITA,private,no,CARDOSO DE SA,1000,,CIDADE UNIVERSITARIA,56302110,Petrolina,PE,,-9.397038405811328,-40.481180123709734,cadastro_cnes,,,"ATENDIMENTO NOS TURNOS DA MANHA, TARDE E NOITE",no,,unknown,,cnes-dados-abertos (atualizado no CNES em 2025-09-03),2026-09-23T18:24:38Z,,pendente,,22 - Consultório isolado,excluido,tipo 22 fora do critério de inclusão v1
cnes-2870657,2870657,ESPACO CRESCER BEM,private,no,DOUTOR NESTOR CAVALCANTE,206,,CENTRO,56304400,Petrolina,PE,8738667900,-9.389113139224664,-40.50609121164206,cadastro_cnes,,,"ATENDIMENTO NOS TURNOS DA MANHA, TARDE E NOITE",no,,unknown,,cnes-dados-abertos (atualizado no CNES em 2025-09-03),2026-09-23T18:24:38Z,,pendente,,22 - Consultório isolado,excluido,tipo 22 fora do critério de inclusão v1
cnes-2870967,2870967,NOSSACLINICA,private,no,BARAO DO RIO BRANCO,849,,CENTRO,56304290,Petrolina,PE,,-9.395036481939925,-40.50562264047619,cadastro_cnes,,,"ATENDIMENTO NOS TURNOS DA MANHA, TARDE E NOITE",no,,unknown,,cnes-dados-abertos (atualizado no CNES em 2025-09-03),2026-09-23T18:24:38Z,,pendente,,22 - Consultório isolado,excluido,tipo 22 fora do critério de inclusão v1
cnes-2872110,2872110,ARS OLIVEIRA SERVICOS MEDICOS,private,no,SOBRADINHO R 04,350,,BOA ESPERANCA,56327025,Petrolina,PE,8796828610,-9.469775,-40.7957473,cadastro_cnes,,,"ATENDIMENTO NOS TURNOS DA MANHA, TARDE E NOITE",no,,unknown,,cnes-dados-abertos (atualizado no CNES em 2025-09-03),2026-09-23T18:24:38Z,,pendente,,22 - Consultório isolado,excluido,tipo 22 fora do critério de inclusão v1
cnes-2877317,2877317,LORENA CONSULTORIO MEDICO AMBULATORIAL,private,no,CARDOSO DE SA,685,,CENTRO,56302110,Petrolina,PE,8738619715,-9.392058,-40.4813151,cadastro_cnes,,,"ATENDIMENTO NOS TURNOS DA MANHA, TARDE E NOITE",no,,unknown,,cnes-dados-abertos (atualizado no CNES em 2025-09-03),2026-09-23T18:24:38Z,,pendente,,22 - Consultório isolado,excluido,tipo 22 fora do critério de inclusão v1
cnes-2880296,2880296,BIOMEDICAL LABORATORIO,private,yes,MAR DA TASMANIA,365,,ANTONIO CASSIMIRO,56321460,Petrolina,PE,8791966262,-9.373234443238466,-40.50807259754895,cadastro_cnes,exames-terapias,,"ATENDIMENTO NOS TURNOS DA MANHA, TARDE E NOITE",no,,unknown,,cnes-dados-abertos (atualizado no CNES em 2025-09-03),2026-09-23T18:24:38Z,,pendente,,39 - Unidade de apoio diagnose e terapia (SADT isolado),incluido,
cnes-2897571,2897571,SOBERANA FACULDADE DE SAUDE DE PETROLINA LTDA,private,no,CORONEL ANTONIO HONORATO VIANA,1526,,GERCINO COELHO,56308000,Petrolina,PE,8788130169,-9.3950502,-40.5077454,cadastro_cnes,ambulatorio-especialidades,,ATENDIMENTOS NOS TURNOS DA MANHA E A TARDE,no,,unknown,,cnes-dados-abertos (atualizado no CNES em 2025-09-03),2026-09-23T18:24:38Z,,pendente,,36 - Clínica / centro de especialidade,incluido,
cnes-2906252,2906252,MORGANA ARAUJO PNEUMOLOGISTA LTDA,private,no,VILA SAO FRANCISCO,309,,CENTRO,56302280,Petrolina,PE,8738751285,-9.398625229420096,-40.49510053006173,cadastro_cnes,ambulatorio-especialidades,,"ATENDIMENTO NOS TURNOS DA MANHA, TARDE E NOITE",no,,unknown,,cnes-dados-abertos (atualizado no CNES em 2025-09-03),2026-09-23T18:24:38Z,,pendente,,36 - Clínica / centro de especialidade,incluido,
cnes-2910802,2910802,CENTRO MEDICO DO VALE,private,no,MONSENHOR ANGELO SAMPAIO,377,,MARIA AUXILIADORA,56330300,Petrolina,PE,8788138880,-8.808816,-39.8237671,cadastro_cnes,,,ATENDIMENTO SOMENTE A TARDE,no,,unknown,,cnes-dados-abertos (atualizado no CNES em 2025-09-03),2026-09-23T18:24:38Z,,pendente,,22 - Consultório isolado,excluido,tipo 22 fora do critério de inclusão v1
cnes-2921332,2921332,CLINICA VITTA,private,no,VALERIO PEREIRA,411,,CENTRO,56304060,Petrolina,PE,,-9.3967368,-40.4952233,cadastro_cnes,,,"ATENDIMENTO NOS TURNOS DA MANHA, TARDE E NOITE",no,,unknown,,cnes-dados-abertos (atualizado no CNES em 2025-09-03),2026-09-23T18:24:38Z,,pendente,,22 - Consultório isolado,excluido,tipo 22 fora do critério de inclusão v1
cnes-2930943,2930943,HEMATO SERVICOS DE HEMOTERAPIA,private,no,DA INTEGRACAO AYRTON SENNA,S/N,,SAO JOSE,56328010,Petrolina,PE,,-9.397760344355435,-40.48579065480988,cadastro_cnes,,,"ATENDIMENTO NOS TURNOS DA MANHA, TARDE E NOITE",no,,unknown,,cnes-dados-abertos (atualizado no CNES em 2025-09-03),2026-09-23T18:24:38Z,,pendente,,22 - Consultório isolado,excluido,tipo 22 fora do critério de inclusão v1
cnes-2934507,2934507,SINTONIA CENTRO INTEGRADO DE SAUDE,private,no,VILA SAO FRANCISCO,123,,CENTRO,56302280,Petrolina,PE,8799913802,-9.398396986157588,-40.496566028835794,cadastro_cnes,,,"ATENDIMENTO NOS TURNOS DA MANHA, TARDE E NOITE",no,,unknown,,cnes-dados-abertos (atualizado no CNES em 2025-09-03),2026-09-23T18:24:38Z,,pendente,,22 - Consultório isolado,excluido,tipo 22 fora do critério de inclusão v1
cnes-2936887,2936887,UNIDENTE CENTRO ODONTOLOGICO,private,no,RUA RIO BRIGIDA,10,,JOSE E MARIA,56320420,Petrolina,PE,8738675878,-9.3718711,-40.4929639,cadastro_cnes,,,"ATENDIMENTO NOS TURNOS DA MANHA, TARDE E NOITE",no,,unknown,,cnes-dados-abertos (atualizado no CNES em 2025-09-03),2026-09-23T18:24:38Z,,pendente,,22 - Consultório isolado,excluido,tipo 22 fora do critério de inclusão v1
cnes-2944766,2944766,ODONTOVALLE,private,no,GOVERNADOR ERALDO GUEIROS LEITE,82,,CENTRO,56304580,Petrolina,PE,8781284109,-9.3960537,-40.5045887,cadastro_cnes,ambulatorio-especialidades,,"ATENDIMENTO NOS TURNOS DA MANHA, TARDE E NOITE",no,,unknown,,cnes-dados-abertos (atualizado no CNES em 2025-09-03),2026-09-23T18:24:38Z,,pendente,,36 - Clínica / centro de especialidade,incluido,
cnes-2948044,2948044,CLINICA SAMPAIO,private,no,DOUTOR JOSE MARIA,110,,CENTRO,56304050,Petrolina,PE,,-9.396449242814656,-40.49848607115593,cadastro_cnes,,,"ATENDIMENTO NOS TURNOS DA MANHA, TARDE E NOITE",no,,unknown,,cnes-dados-abertos (atualizado no CNES em 2025-09-03),2026-09-23T18:24:38Z,,pendente,,22 - Consultório isolado,excluido,tipo 22 fora do critério de inclusão v1
cnes-2957124,2957124,UNIDADE DE ACOLHIMENTO ADULTO,public,no,MAURICIO DE NASSAU,276,,GERCINO COELHO,56306010,Petrolina,PE,,-9.393,-40.508,cadastro_cnes,saude-mental,,"ATENDIMENTO NOS TURNOS DA MANHA, TARDE E NOITE",no,,unknown,,cnes-dados-abertos (atualizado no CNES em 2025-09-03),2026-09-23T18:24:38Z,,pendente,,70 - Centro de atenção psicossocial (CAPS),excluido,desabilitado no CNES (motivo 04)
cnes-2957132,2957132,UNIDADE DE ACOLHIMENTO INFANTO JUVENIL,public,no,MAURICIO DE NASSAU,276,,GERCINO COELHO,56306010,Petrolina,PE,8738661641,-9.393,-40.508,cadastro_cnes,saude-mental,,ATENDIMENTOS NOS TURNOS DA MANHA E A TARDE,no,,unknown,,cnes-dados-abertos (atualizado no CNES em 2025-09-03),2026-09-23T18:24:38Z,,pendente,,70 - Centro de atenção psicossocial (CAPS),excluido,desabilitado no CNES (motivo 04)
cnes-2963779,2963779,MIOPAIN,private,no,CARDOSO DE SA,860,,CIDADE UNIVERSITARIA,56328020,Petrolina,PE,,-9.3933511,-40.480844,cadastro_cnes,,,"ATENDIMENTO NOS TURNOS DA MANHA, TARDE E NOITE",no,,unknown,,cnes-dados-abertos (atualizado no CNES em 2025-09-03),2026-09-23T18:24:38Z,,pendente,,22 - Consultório isolado,excluido,tipo 22 fora do critério de inclusão v1
cnes-2975718,2975718,VITORIA INSTITUTO TERAPEUTICO,private,no,RAIMUNDO GARANHUNS LACERDA VL DOS INGAS II,175,,SAO JOSE,56302470,Petrolina,PE,8781200322,-9.400929921138834,-40.48879538398565,cadastro_cnes,,,"ATENDIMENTO NOS TURNOS DA MANHA, TARDE E NOITE",no,,unknown,,cnes-dados-abertos (atualizado no CNES em 2025-09-03),2026-09-23T18:24:38Z,,pendente,,22 - Consultório isolado,excluido,tipo 22 fora do critério de inclusão v1
cnes-2978024,2978024,CRESCER,private,no,DO CAIANO,65,,CENTRO,56304380,Petrolina,PE,8788321524,-9.391333602048308,-40.507409820228915,cadastro_cnes,,,"ATENDIMENTO NOS TURNOS DA MANHA, TARDE E NOITE",no,,unknown,,cnes-dados-abertos (atualizado no CNES em 2025-09-03),2026-09-23T18:24:38Z,,pendente,,22 - Consultório isolado,excluido,tipo 22 fora do critério de inclusão v1
cnes-2984962,2984962,ANDRADECANDIDO SERVICOS DE TERAPIA OCUPACIONAL,private,no,PRESIDENTE TANCREDO NEVES,400,,VILA MOCO,56306410,Petrolina,PE,8799793988,-9.3823072,-40.5058764,cadastro_cnes,,,"ATENDIMENTO NOS TURNOS DA MANHA, TARDE E NOITE",no,,unknown,,cnes-dados-abertos (atualizado no CNES em 2025-09-03),2026-09-23T18:24:38Z,,pendente,,22 - Consultório isolado,excluido,tipo 22 fora do critério de inclusão v1
cnes-2984997,2984997,PSICOEDUCA,private,no,RUA DUQUE DE CAXIAS,63,,VILA MOCO,56306380,Petrolina,PE,8788225562,-9.3867168,-40.5077975,cadastro_cnes,,,ATENDIMENTOS NOS TURNOS DA MANHA E A TARDE,no,,unknown,,cnes-dados-abertos (atualizado no CNES em 2025-09-03),2026-09-23T18:24:38Z,,pendente,,22 - Consultório isolado,excluido,tipo 22 fora do critério de inclusão v1
cnes-2989190,2989190,AUDIFON,private,no,DOUTOR JULIO DE MELO,160,,CENTRO,56302150,Petrolina,PE,8738610417,-9.40048781241424,-40.498434047861856,cadastro_cnes,,,ATENDIMENTO SOMENTE PELA MANHA,no,,unknown,,cnes-dados-abertos (atualizado no CNES em 2025-09-03),2026-09-23T18:24:38Z,,pendente,,22 - Consultório isolado,excluido,tipo 22 fora do critério de inclusão v1
cnes-2989247,2989247,VALE ODONTO,private,no,GUARARAPES,2198,,CENTRO,56302000,Petrolina,PE,,-9.399780921273651,-40.499101906747896,cadastro_cnes,,,"ATENDIMENTO NOS TURNOS DA MANHA, TARDE E NOITE",no,,unknown,,cnes-dados-abertos (atualizado no CNES em 2025-09-03),2026-09-23T18:24:38Z,,pendente,,22 - Consultório isolado,excluido,tipo 22 fora do critério de inclusão v1
cnes-2989506,2989506,INSTITUTO BMF,private,no,HONORATO VIANA,1526,,JARDIM MARAVILHA,56308000,Petrolina,PE,8799498989,-9.390037106023975,-40.520891022091384,cadastro_cnes,ambulatorio-especialidades,,"ATENDIMENTO NOS TURNOS DA MANHA, TARDE E NOITE",no,,unknown,,cnes-dados-abertos (atualizado no CNES em 2026-02-25),2026-09-23T18:24:38Z,,pendente,,36 - Clínica / centro de especialidade,incluido,
cnes-2992663,2992663,DR HERNANI ROBIN JUNIOR,private,no,PALERMO R 7,80,,BOA ESPERANCA,56320700,Petrolina,PE,,-9.34651133020488,-40.46600948349637,cadastro_cnes,,,ATENDIMENTOS NOS TURNOS DA MANHA E A TARDE,no,,unknown,,cnes-dados-abertos (atualizado no CNES em 2025-09-03),2026-09-23T18:24:38Z,,pendente,,22 - Consultório isolado,excluido,tipo 22 fora do critério de inclusão v1
cnes-2993155,2993155,CLINFES FISIOTERAPIA,private,no,AVENIDA SENADOR NILO COELHO,250,,GERCINO COELHO,56306000,Petrolina,PE,,-8.7999903,-39.8282157,cadastro_cnes,,,"ATENDIMENTO NOS TURNOS DA MANHA, TARDE E NOITE",no,,unknown,,cnes-dados-abertos (atualizado no CNES em 2025-09-03),2026-09-23T18:24:38Z,,pendente,,22 - Consultório isolado,excluido,tipo 22 fora do critério de inclusão v1
cnes-2999625,2999625,SHOPPINGMED COMERCIO PRODUTOS HOSPITALARES,private,no,RUA DOS JASMINS,731,,AREIA BRANCA,56330220,Petrolina,PE,8738623968,-9.3852969,-40.494231,cadastro_cnes,,,ATENDIMENTOS NOS TURNOS DA MANHA E A TARDE,no,,unknown,,cnes-dados-abertos (atualizado no CNES em 2025-09-03),2026-09-23T18:24:38Z,,pendente,,84 - Central de abastecimento,excluido,tipo 84 fora do critério de inclusão v1
cnes-3044351,3044351,LABORATORIO PERAZZO,private,no,CASTRO ALVES,260,,CENTRO,56304340,Petrolina,PE,8738623623,-9.39443692471122,-40.50295741105405,cadastro_cnes,exames-terapias,,ATENDIMENTOS NOS TURNOS DA MANHA E A TARDE,no,,unknown,,cnes-dados-abertos (atualizado no CNES em 2025-09-03),2026-09-23T18:24:38Z,,pendente,,39 - Unidade de apoio diagnose e terapia (SADT isolado),incluido,
cnes-3044378,3044378,UBS AMALIA GRANJA DE ALENCAR,public,yes,RUA PROJETADA,S/N,,VILA MOCO,56304430,Petrolina,PE,,-9.3972628,-40.4822407,cadastro_cnes,atencao-basica,,ATENDIMENTOS NOS TURNOS DA MANHA E A TARDE,no,,unknown,,cnes-dados-abertos (atualizado no CNES em 2025-09-03),2026-09-23T18:24:38Z,,pendente,,2 - Centro de saúde / Unidade básica,incluido,
cnes-3051307,3051307,ANESTESIA E SERVICOS MEDICOS LTDA,private,no,FERNANDO MENEZES DE GOES,226,,CENTRO,56304020,Petrolina,PE,87988353128,-9.396274171926576,-40.49677142272657,cadastro_cnes,ambulatorio-especialidades,,ATENDIMENTOS NOS TURNOS DA MANHA E A TARDE,no,,unknown,,cnes-dados-abertos (atualizado no CNES em 2025-09-03),2026-09-23T18:24:38Z,,pendente,,36 - Clínica / centro de especialidade,incluido,
cnes-3051315,3051315,LABPREV LABORATORIO DE PREVENCAO E DIAGNOSTICO LTDA,private,no,DOUTOR JOSE MARIA,155,,CENTRO,56304050,Petrolina,PE,8738616036,-9.396396301734413,-40.4981065588941,cadastro_cnes,exames-terapias,,ATENDIMENTOS NOS TURNOS DA MANHA E A TARDE,no,,unknown,,cnes-dados-abertos (atualizado no CNES em 2025-09-03),2026-09-23T18:24:38Z,,pendente,,39 - Unidade de apoio diagnose e terapia (SADT isolado),incluido,
cnes-3059235,3059235,SECAO DE BOMBEIROS DE PETROLINA,public,no,AVENIDA NILO COELHO,155,,GERCINO COELHO,56306000,Petrolina,PE,,-9.3936771,-40.5091848,cadastro_cnes,,,"ATENDIMENTO CONTINUO DE 24 HORAS/DIA (PLANTAO:INCLUI SABADOS, DOMINGOS E FERIADOS)",yes,,unknown,,cnes-dados-abertos (atualizado no CNES em 2025-09-03),2026-09-23T18:24:38Z,,pendente,,42 - Unidade móvel de nível pré-hospitalar (urgência),excluido,desabilitado no CNES (motivo 04)
cnes-3115526,3115526,CEREST CENTRO REGIONAL DE SAUDE DO TRABALHADOR,public,yes,RUA MAR BERING,S/N,,ANTONIO CASSIMIRO,56321480,Petrolina,PE,8738621238,-9.3723952,-40.5089617,cadastro_cnes,ambulatorio-especialidades,,ATENDIMENTOS NOS TURNOS DA MANHA E A TARDE,no,,unknown,,cnes-dados-abertos (atualizado no CNES em 2025-09-03),2026-09-23T18:24:38Z,,pendente,,36 - Clínica / centro de especialidade,incluido,
cnes-3132366,3132366,UBS N 7,public,yes,CENTRO COMERCIAL DO N7,S/N,,PSNC N7,56304020,Petrolina,PE,,-9.285950386627908,-40.50665240514574,cadastro_cnes,atencao-basica,,ATENDIMENTOS NOS TURNOS DA MANHA E A TARDE,no,,unknown,,cnes-dados-abertos (atualizado no CNES em 2025-09-03),2026-09-23T18:24:38Z,,pendente,,2 - Centro de saúde / Unidade básica,incluido,
cnes-3132374,3132374,UBS ROZA MARIA RIBEIRO,public,yes,AVENIDA DAS NACOES,1000,,GERCINO COELHO,56306260,Petrolina,PE,8738633805,-9.3968723,-40.5053564,cadastro_cnes,atencao-basica,,ATENDIMENTOS NOS TURNOS DA MANHA E A TARDE,no,,unknown,,cnes-dados-abertos (atualizado no CNES em 2025-09-03),2026-09-23T18:24:38Z,,pendente,,2 - Centro de saúde / Unidade básica,incluido,
cnes-3136876,3136876,UBS DRA SINHA,public,yes,RUA 26,S/N,,ALTO DA BOA VISTA,56312301,Petrolina,PE,8738636715,-9.3846454,-40.5453511,cadastro_cnes,atencao-basica,,ATENDIMENTOS NOS TURNOS DA MANHA E A TARDE,no,,unknown,,cnes-dados-abertos (atualizado no CNES em 2025-09-03),2026-09-23T18:24:38Z,,pendente,,2 - Centro de saúde / Unidade básica,incluido,
cnes-3185923,3185923,CEAC CENTRO ESPECIALIZADO DE ANALISES CLINICAS,private,no,PRACA PIO XII,290,,CENTRO,56304430,Petrolina,PE,8738612876,,,,exames-terapias,,ATENDIMENTOS NOS TURNOS DA MANHA E A TARDE,no,,unknown,,cnes-dados-abertos (atualizado no CNES em 2025-09-03),2026-09-23T18:24:38Z,,pendente,,39 - Unidade de apoio diagnose e terapia (SADT isolado),excluido,desabilitado no CNES (motivo 04)
cnes-3185931,3185931,CEDIG,private,no,PIO XII,290,,CENTRO,56304430,Petrolina,PE,,-9.388749113132372,-40.512482062796856,cadastro_cnes,exames-terapias,,ATENDIMENTOS NOS TURNOS DA MANHA E A TARDE,no,,unknown,,cnes-dados-abertos (atualizado no CNES em 2025-09-03),2026-09-23T18:24:38Z,,pendente,,39 - Unidade de apoio diagnose e terapia (SADT isolado),incluido,
cnes-3187128,3187128,ODONTO PREVENCAO,private,no,GUARARAPES,2234,,CENTRO,56302000,Petrolina,PE,,-9.399830183737059,-40.49879313558172,cadastro_cnes,ambulatorio-especialidades,,"ATENDIMENTO NOS TURNOS DA MANHA, TARDE E NOITE",no,,unknown,,cnes-dados-abertos (atualizado no CNES em 2025-10-14),2026-09-23T18:24:38Z,,pendente,,36 - Clínica / centro de especialidade,incluido,
cnes-3232506,3232506,ASSESSORIA MEDICA,private,no,TOBIAS BARRETO,02,,CENTRO,56304210,Petrolina,PE,,-9.393711388372054,-40.49849029325295,cadastro_cnes,,,ATENDIMENTO SOMENTE PELA MANHA,no,,unknown,,cnes-dados-abertos (atualizado no CNES em 2025-09-03),2026-09-23T18:24:38Z,,pendente,,22 - Consultório isolado,excluido,tipo 22 fora do critério de inclusão v1
cnes-3245926,3245926,UNIFACE,private,no,DR JOSE MARIANO,1174,,CENTRO,56302190,Petrolina,PE,,-9.40159202291723,-40.499412828835794,cadastro_cnes,exames-terapias,,ATENDIMENTOS NOS TURNOS DA MANHA E A TARDE,no,,unknown,,cnes-dados-abertos (atualizado no CNES em 2025-09-03),2026-09-23T18:24:38Z,,pendente,,39 - Unidade de apoio diagnose e terapia (SADT isolado),incluido,
cnes-3248801,3248801,CONSULTORIO DR AVELAR,private,no,RUA PACIFICO DA LUZ,256,,CENTRO,56302130,Petrolina,PE,8738621610,,,,exames-terapias,,ATENDIMENTOS NOS TURNOS DA MANHA E A TARDE,no,,unknown,,cnes-dados-abertos (atualizado no CNES em 2025-09-03),2026-09-23T18:24:38Z,,pendente,,39 - Unidade de apoio diagnose e terapia (SADT isolado),excluido,desabilitado no CNES (motivo 04)
cnes-3248828,3248828,CONSULTORIO DRA CARMEN LUCIA,private,no,RUA PACIFICO DA LUZ,256,,CENTRO,56302130,Petrolina,PE,8738621610,-9.4012853,-40.5012271,cadastro_cnes,,,ATENDIMENTOS NOS TURNOS DA MANHA E A TARDE,no,,unknown,,cnes-dados-abertos (atualizado no CNES em 2025-09-03),2026-09-23T18:24:38Z,,pendente,,22 - Consultório isolado,excluido,desabilitado no CNES (motivo 02)
cnes-3250024,3250024,UBS AMARO IVALDO DE CASTRO ALVES,public,yes,RUA DO MORANGO,191,,RIO CORRENTE,56312565,Petrolina,PE,8738670057,-9.391549145018708,-40.54447404882631,cadastro_cnes,atencao-basica,,ATENDIMENTOS NOS TURNOS DA MANHA E A TARDE,no,,unknown,,cnes-dados-abertos (atualizado no CNES em 2025-09-03),2026-09-23T18:24:38Z,,pendente,,2 - Centro de saúde / Unidade básica,incluido,
cnes-3263134,3263134,PRO OFTALMO,private,yes,CARDOSO DE SA,776,,CIDADE UNIVERSITARIA,56302110,Petrolina,PE,8730319710,-9.40011891450491,-40.483373090174716,cadastro_cnes,ambulatorio-especialidades,,ATENDIMENTOS NOS TURNOS DA MANHA E A TARDE,no,,unknown,,cnes-dados-abertos (atualizado no CNES em 2025-09-03),2026-09-23T18:24:38Z,,pendente,,36 - Clínica / centro de especialidade,incluido,
cnes-3267865,3267865,UNIDADE BASICA DE SAUDE PRISIONAL PDEG,public,yes,RODOVIA ESTRADA JATOBA CARNEIRO,640,,HENRIQUE LEITE,56332210,Petrolina,PE,8738666634,-9.391319983750678,-40.45969069004059,cadastro_cnes,atencao-basica,,ATENDIMENTOS NOS TURNOS DA MANHA E A TARDE,no,,unknown,,cnes-dados-abertos (atualizado no CNES em 2025-09-03),2026-09-23T18:24:38Z,,pendente,,2 - Centro de saúde / Unidade básica,incluido,
cnes-3270246,3270246,POLICLINICA MUNICIPAL,public,yes,AVENIDA PRESIDENTE TANCREDO NEVES,12,,CENTRO,56306410,Petrolina,PE,8738634930,-9.3892052,-40.5041739,cadastro_cnes,ambulatorio-especialidades,,"ATENDIMENTO NOS TURNOS DA MANHA, TARDE E NOITE",no,,unknown,,cnes-dados-abertos (atualizado no CNES em 2025-09-03),2026-09-23T18:24:38Z,,pendente,,4 - Policlínica,incluido,
cnes-3307360,3307360,CENTRO INTEGRADO DE SAUDE DE PETROLINA LTDA,private,no,NILO COELHO,151,,GERCINO COELHO,56306000,Petrolina,PE,8730249998,-9.39055222912886,-40.510409039910776,cadastro_cnes,,,"ATENDIMENTO NOS TURNOS DA MANHA, TARDE E NOITE",no,,unknown,,cnes-dados-abertos (atualizado no CNES em 2025-09-03),2026-09-23T18:24:38Z,,pendente,,22 - Consultório isolado,excluido,tipo 22 fora do critério de inclusão v1
cnes-3308278,3308278,SUPERNEUROPED,private,no,RAIMUNDO LACERDA,001,,SAO JOSE,56302470,Petrolina,PE,8798165287,-9.400366730014216,-40.48723053558532,cadastro_cnes,,,"ATENDIMENTO NOS TURNOS DA MANHA, TARDE E NOITE",no,,unknown,,cnes-dados-abertos (atualizado no CNES em 2026-01-08),2026-09-23T18:24:38Z,,pendente,,22 - Consultório isolado,excluido,tipo 22 fora do critério de inclusão v1
cnes-3322564,3322564,UBS N 4 I,public,yes,PETROLINA,S/N,,N4,56304020,Petrolina,PE,,-9.347865715192142,-40.68294632688435,cadastro_cnes,atencao-basica,,ATENDIMENTOS NOS TURNOS DA MANHA E A TARDE,no,,unknown,,cnes-dados-abertos (atualizado no CNES em 2025-09-03),2026-09-23T18:24:38Z,,pendente,,2 - Centro de saúde / Unidade básica,incluido,
cnes-3331512,3331512,CARDIO PLUS,private,no,VILA SAO FRANCISCO,119,,CENTRO,56302280,Petrolina,PE,8791612273,-9.398393517867996,-40.49667460001632,cadastro_cnes,,,ATENDIMENTOS NOS TURNOS DA MANHA E A TARDE,no,,unknown,,cnes-dados-abertos (atualizado no CNES em 2025-09-03),2026-09-23T18:24:38Z,,pendente,,22 - Consultório isolado,excluido,tipo 22 fora do critério de inclusão v1
cnes-3338576,3338576,EQUIPE NEUROLOGICA E NEUROCIRURGICA DO S FRANCISCO S C LTDA,private,no,TOBIAS BARRETO,08,,CENTRO,56304210,Petrolina,PE,,-9.39369287449045,-40.498562368716335,cadastro_cnes,,,ATENDIMENTOS NOS TURNOS DA MANHA E A TARDE,no,,unknown,,cnes-dados-abertos (atualizado no CNES em 2025-09-03),2026-09-23T18:24:38Z,,pendente,,22 - Consultório isolado,excluido,tipo 22 fora do critério de inclusão v1
cnes-3406741,3406741,ESPACO TEMPO DE CRIANCA,private,no,PREFEITO JOSE ALMEIDA DA SILVA,170,,SAO JOSE,56302770,Petrolina,PE,,-9.400199,-40.499405,cadastro_cnes,,,"ATENDIMENTO NOS TURNOS DA MANHA, TARDE E NOITE",no,,unknown,,cnes-dados-abertos (atualizado no CNES em 2025-09-03),2026-09-23T18:24:38Z,,pendente,,22 - Consultório isolado,excluido,tipo 22 fora do critério de inclusão v1
cnes-3408140,3408140,SENIOR CARE SAUDE INTEGRADA,private,no,PERNAMBUCO,200,,VILA MOCO,56306425,Petrolina,PE,,-9.3817334,-40.4968875,cadastro_cnes,,,ATENDIMENTOS NOS TURNOS DA MANHA E A TARDE,no,,unknown,,cnes-dados-abertos (atualizado no CNES em 2025-09-03),2026-09-23T18:24:38Z,,pendente,,22 - Consultório isolado,excluido,tipo 22 fora do critério de inclusão v1
cnes-3408175,3408175,TEAPOIAR,private,no,BARAO DA BOA VISTA,253,,GERCINO COELHO,56306080,Petrolina,PE,8799538257,-9.389855227576536,-40.51296695336854,cadastro_cnes,,,"ATENDIMENTO NOS TURNOS DA MANHA, TARDE E NOITE",no,,unknown,,cnes-dados-abertos (atualizado no CNES em 2025-09-03),2026-09-23T18:24:38Z,,pendente,,22 - Consultório isolado,excluido,tipo 22 fora do critério de inclusão v1
cnes-3435253,3435253,DIAGMED,private,no,FRANCISCO COELHO DE AMORIM,11,,JOSE E MARIA,56320440,Petrolina,PE,8730310185,-9.36777276221036,-40.494842932533025,cadastro_cnes,,,"ATENDIMENTO NOS TURNOS DA MANHA, TARDE E NOITE",no,,unknown,,cnes-dados-abertos (atualizado no CNES em 2025-09-03),2026-09-23T18:24:38Z,,pendente,,22 - Consultório isolado,excluido,tipo 22 fora do critério de inclusão v1
cnes-3469743,3469743,REGENERE,private,no,PRESIDENTE TANCREDO NEVES,90,,VILA MOCO,56306410,Petrolina,PE,,-9.389131520578331,-40.50459623336792,cadastro_cnes,,,"ATENDIMENTO NOS TURNOS DA MANHA, TARDE E NOITE",no,,unknown,,cnes-dados-abertos (atualizado no CNES em 2025-09-03),2026-09-23T18:24:38Z,,pendente,,22 - Consultório isolado,excluido,tipo 22 fora do critério de inclusão v1
cnes-3529134,3529134,UNIDOR,private,no,DA INTEGRACAO AYRTON SENNA,561,,SAO JOSE,56328010,Petrolina,PE,8738667924,-9.392468458288162,-40.48538088798523,cadastro_cnes,,,ATENDIMENTOS NOS TURNOS DA MANHA E A TARDE,no,,unknown,,cnes-dados-abertos (atualizado no CNES em 2026-01-08),2026-09-23T18:24:38Z,,pendente,,22 - Consultório isolado,excluido,tipo 22 fora do critério de inclusão v1
cnes-3541126,3541126,FBO,private,yes,AVENIDA JOSE DE SA,S/N,,CENTRO,56304205,Petrolina,PE,8738618922,-9.3921706,-40.4954603,cadastro_cnes,ambulatorio-especialidades;internacao;centro-cirurgico,,"ATENDIMENTO NOS TURNOS DA MANHA, TARDE E NOITE",no,,unknown,,cnes-dados-abertos (atualizado no CNES em 2025-10-18),2026-09-23T18:24:38Z,,pendente,,36 - Clínica / centro de especialidade,incluido,
cnes-3577864,3577864,CLINICAL ONCOLOGY,private,no,LUCAS ROBERTO DE ARAUJO,141,,CIDADE UNIVERSITARIA,56332720,Petrolina,PE,8738610392,-9.393304672376027,-40.4789274930954,cadastro_cnes,,,ATENDIMENTOS NOS TURNOS DA MANHA E A TARDE,no,,unknown,,cnes-dados-abertos (atualizado no CNES em 2025-09-03),2026-09-23T18:24:38Z,,pendente,,22 - Consultório isolado,excluido,tipo 22 fora do critério de inclusão v1
cnes-3617017,3617017,CAPS II CENTRO DE ATENCAO PSICOSSOCIAL DE PETROLINA,public,no,JOSE DE SA MANICOBA,S/N,,CENTRO,56330521,Petrolina,PE,,-9.39316072709115,-40.4959401994172,cadastro_cnes,saude-mental,,ATENDIMENTOS NOS TURNOS DA MANHA E A TARDE,no,,unknown,,cnes-dados-abertos (atualizado no CNES em 2025-09-03),2026-09-23T18:24:38Z,,pendente,,70 - Centro de atenção psicossocial (CAPS),incluido,
cnes-3663310,3663310,CONSULT,private,no,VILA SAO FRANCISCO,370,,CENTRO,56302280,Petrolina,PE,8738621108,-9.398778660769933,-40.49440394223794,cadastro_cnes,ambulatorio-especialidades,,ATENDIMENTOS NOS TURNOS DA MANHA E A TARDE,no,,unknown,,cnes-dados-abertos (atualizado no CNES em 2025-09-03),2026-09-23T18:24:38Z,,pendente,,36 - Clínica / centro de especialidade,incluido,
cnes-3680347,3680347,AQUINO E BANDEIRA SERVICOS MEDICOS,private,no,AVENIDA MONSENHOR ANGELO SAMPAIO,377,,MARIA AUXILIADORA,56330300,Petrolina,PE,8799752689,-9.390827779211891,-40.48939883708954,cadastro_cnes,,,"ATENDIMENTO NOS TURNOS DA MANHA, TARDE E NOITE",no,,unknown,,cnes-dados-abertos (atualizado no CNES em 2025-09-03),2026-09-23T18:24:38Z,,pendente,,22 - Consultório isolado,excluido,tipo 22 fora do critério de inclusão v1
cnes-3686604,3686604,PETRUS LAB,private,no,AVENIDA PRINCIPAL,360,,ZONA RURAL,56337400,Petrolina,PE,8788275740,-9.18492,-40.561255,cadastro_cnes,ambulatorio-especialidades,,ATENDIMENTOS NOS TURNOS DA MANHA E A TARDE,no,,unknown,,cnes-dados-abertos (atualizado no CNES em 2025-09-03),2026-09-23T18:24:38Z,,pendente,,36 - Clínica / centro de especialidade,incluido,
cnes-3735605,3735605,HEMOCLIN,private,no,TOBIAS BARRETO,20,,CENTRO,56304210,Petrolina,PE,,-9.39362409592018,-40.49938911103839,cadastro_cnes,ambulatorio-especialidades,,ATENDIMENTOS NOS TURNOS DA MANHA E A TARDE,no,,unknown,,cnes-dados-abertos (atualizado no CNES em 2025-09-03),2026-09-23T18:24:38Z,,pendente,,36 - Clínica / centro de especialidade,incluido,
cnes-3740625,3740625,IGOP CLINICA PRO MULHER,private,yes,JOAQUIM NABUCO,649,,CENTRO,56304040,Petrolina,PE,8738612877,-9.0467084,-40.6500149,cadastro_cnes,,,ATENDIMENTOS NOS TURNOS DA MANHA E A TARDE,no,,unknown,,cnes-dados-abertos (atualizado no CNES em 2025-09-03),2026-09-23T18:24:38Z,,pendente,,22 - Consultório isolado,excluido,tipo 22 fora do critério de inclusão v1
cnes-3778045,3778045,LABORATORIO QUALIDADE,private,no,DA CAATINGUINHA,62,,JARDIM MARAVILHA,56306630,Petrolina,PE,,-9.383807172776589,-40.51563084125519,cadastro_cnes,,,ATENDIMENTOS NOS TURNOS DA MANHA E A TARDE,no,,unknown,,cnes-dados-abertos (atualizado no CNES em 2025-09-03),2026-09-23T18:24:38Z,,pendente,,22 - Consultório isolado,excluido,tipo 22 fora do critério de inclusão v1
cnes-3791238,3791238,MED MAIS SOLUCOES EM SERVICOS ESPECIAIS LTDA,private,no,BR 235,S/N,,ZONA RURAL,56313900,Petrolina,PE,,-9.36842908704486,-40.56654453277588,cadastro_cnes,ambulatorio-especialidades,,ATENDIMENTOS NOS TURNOS DA MANHA E A TARDE,no,,unknown,,cnes-dados-abertos (atualizado no CNES em 2025-09-03),2026-09-23T18:24:38Z,,pendente,,36 - Clínica / centro de especialidade,incluido,
cnes-3821544,3821544,LASSU INSTITUTO DE ODONTOLOGIA,private,no,RUA DOUTOR JULIO DE MELO,147,,CENTRO,56302150,Petrolina,PE,8788372617,-9.40009995418757,-40.49867313211789,cadastro_cnes,,,ATENDIMENTOS NOS TURNOS DA MANHA E A TARDE,no,,unknown,,cnes-dados-abertos (atualizado no CNES em 2025-09-03),2026-09-23T18:24:38Z,,pendente,,22 - Consultório isolado,excluido,tipo 22 fora do critério de inclusão v1
cnes-3824284,3824284,MYSA CLINIC,private,no,AV DA INTEGRACAO AYRTON SENNA,723,,SAO JOSE,56302450,Petrolina,PE,8788118339,-9.386587,-40.495878,cadastro_cnes,ambulatorio-especialidades,,ATENDIMENTOS NOS TURNOS DA MANHA E A TARDE,no,,unknown,,cnes-dados-abertos (atualizado no CNES em 2025-09-03),2026-09-23T18:24:38Z,,pendente,,36 - Clínica / centro de especialidade,incluido,
cnes-3839966,3839966,FALAB LABORATORIO PETROLINA,private,yes,CASTRO ALVES,120,,CENTRO,56304340,Petrolina,PE,8788027592,-9.39454,-40.501719,cadastro_cnes,exames-terapias,,ATENDIMENTOS NOS TURNOS DA MANHA E A TARDE,no,,unknown,,cnes-dados-abertos (atualizado no CNES em 2026-05-14),2026-09-23T18:24:38Z,,pendente,,39 - Unidade de apoio diagnose e terapia (SADT isolado),incluido,
cnes-3852725,3852725,BEM VIVER SAUDE,private,no,AV DA INTEGRACAO,140,,SAO JOSE,56302450,Petrolina,PE,,-9.399052654656922,-40.48692820328195,cadastro_cnes,,,ATENDIMENTOS NOS TURNOS DA MANHA E A TARDE,no,,unknown,,cnes-dados-abertos (atualizado no CNES em 2025-09-03),2026-09-23T18:24:38Z,,pendente,,22 - Consultório isolado,excluido,desabilitado no CNES (motivo 03)
cnes-3919358,3919358,CLINICA HOLOS,private,no,RUA TOBIAS BARRETO,8,,CENTRO,56306040,Petrolina,PE,8738612995,-9.393463980371076,-40.49856758651826,cadastro_cnes,ambulatorio-especialidades,,ATENDIMENTOS NOS TURNOS DA MANHA E A TARDE,no,,unknown,,cnes-dados-abertos (atualizado no CNES em 2025-10-14),2026-09-23T18:24:38Z,,pendente,,36 - Clínica / centro de especialidade,incluido,
cnes-3921387,3921387,CARDIOPED S S,private,no,LUCAS ROBERTO DE ARAUJO,491,,CIDADE UNIVERSITARIA,56332720,Petrolina,PE,8788122412,-9.393381359629274,-40.47643857543755,cadastro_cnes,,,ATENDIMENTOS NOS TURNOS DA MANHA E A TARDE,no,,unknown,,cnes-dados-abertos (atualizado no CNES em 2025-09-03),2026-09-23T18:24:38Z,,pendente,,22 - Consultório isolado,excluido,tipo 22 fora do critério de inclusão v1
cnes-3943534,3943534,AC COELHO PSICOLOGIA APLICADA,private,no,CRISPIM AMORIM COELHO,166,,CENTRO,56304220,Petrolina,PE,,-9.392876538743572,-40.50013061779459,cadastro_cnes,,,ATENDIMENTOS NOS TURNOS DA MANHA E A TARDE,no,,unknown,,cnes-dados-abertos (atualizado no CNES em 2025-09-03),2026-09-23T18:24:38Z,,pendente,,22 - Consultório isolado,excluido,tipo 22 fora do critério de inclusão v1
cnes-3964280,3964280,FUNDACAO DE ONCOLOGIA CASA AZUL,private,no,AV FERNANDO MENEZES DE GOES,1048,,CENTRO,56304020,Petrolina,PE,,-9.396031,-40.494369,cadastro_cnes,ambulatorio-especialidades,,ATENDIMENTO SOMENTE A TARDE,no,,unknown,,cnes-dados-abertos (atualizado no CNES em 2025-09-03),2026-09-23T18:24:38Z,,pendente,,36 - Clínica / centro de especialidade,incluido,
cnes-3967395,3967395,CENTRO MEDICO DA VISAO DR LUIZ DIAS FERREIRA,private,no,JOAQUIM NABUCO,965,,CENTRO,56304040,Petrolina,PE,8738615142,-9.3937077,-40.500509,cadastro_cnes,ambulatorio-especialidades,,ATENDIMENTOS NOS TURNOS DA MANHA E A TARDE,no,,unknown,,cnes-dados-abertos (atualizado no CNES em 2025-09-03),2026-09-23T18:24:38Z,,pendente,,4 - Policlínica,excluido,desabilitado no CNES (motivo 10)
cnes-3976882,3976882,UNIDADE DE ATENCAO PRIMARIA UNIMED PLENO,private,no,DA SIMPATIA,80,,CENTRO,56304440,Petrolina,PE,8738667900,-9.392762,-40.505424,cadastro_cnes,ambulatorio-especialidades,,ATENDIMENTOS NOS TURNOS DA MANHA E A TARDE,no,,unknown,,cnes-dados-abertos (atualizado no CNES em 2025-09-03),2026-09-23T18:24:38Z,,pendente,,36 - Clínica / centro de especialidade,incluido,
cnes-3985768,3985768,DIMAGO,private,no,RUA TOBIAS BARRETO,8,,CENTRO,56304210,Petrolina,PE,,-9.4297714,-40.5053861,cadastro_cnes,,,ATENDIMENTOS NOS TURNOS DA MANHA E A TARDE,no,,unknown,,cnes-dados-abertos (atualizado no CNES em 2025-09-03),2026-09-23T18:24:38Z,,pendente,,22 - Consultório isolado,excluido,tipo 22 fora do critério de inclusão v1
cnes-3987116,3987116,CUIDAR CLINICA MEDICA E ODONTOLOGICA,private,no,DO COLISEU,114,,CENTRO,56302390,Petrolina,PE,8738642195,-9.398012769136187,-40.49675344110441,cadastro_cnes,exames-terapias,,ATENDIMENTOS NOS TURNOS DA MANHA E A TARDE,no,,unknown,,cnes-dados-abertos (atualizado no CNES em 2025-09-03),2026-09-23T18:24:38Z,,pendente,,39 - Unidade de apoio diagnose e terapia (SADT isolado),incluido,
cnes-3991849,3991849,OFTALMED,private,no,AVENIDA JOAQUIM NABUCO,649,,CENTRO,56306040,Petrolina,PE,8738612501,,,,,,ATENDIMENTOS NOS TURNOS DA MANHA E A TARDE,no,,unknown,,cnes-dados-abertos (atualizado no CNES em 2025-09-03),2026-09-23T18:24:38Z,,pendente,,22 - Consultório isolado,excluido,desabilitado no CNES (motivo 04)
cnes-4017811,4017811,IMPERIO SAUDE,private,no,DOM VITAL,662,,CENTRO,56304260,Petrolina,PE,8730143030,-9.396135,-40.503994,cadastro_cnes,,,ATENDIMENTOS NOS TURNOS DA MANHA E A TARDE,no,,unknown,,cnes-dados-abertos (atualizado no CNES em 2025-09-03),2026-09-23T18:24:38Z,,pendente,,22 - Consultório isolado,excluido,tipo 22 fora do critério de inclusão v1
cnes-4018028,4018028,PILATES PMELA LIMA,private,no,DOUTOR JULIO DE MELO,339,,CENTRO,56302150,Petrolina,PE,8788499077,-9.400255,-40.496709,cadastro_cnes,,,ATENDIMENTOS NOS TURNOS DA MANHA E A TARDE,no,,unknown,,cnes-dados-abertos (atualizado no CNES em 2025-09-03),2026-09-23T18:24:38Z,,pendente,,22 - Consultório isolado,excluido,tipo 22 fora do critério de inclusão v1
cnes-4019431,4019431,UNICLINICA,private,no,FRANCISCO MODESTO FILHO,75,,CENTRO,56304080,Petrolina,PE,8738616829,-9.397102222711272,-40.49713887055222,cadastro_cnes,exames-terapias,,ATENDIMENTOS NOS TURNOS DA MANHA E A TARDE,no,,unknown,,cnes-dados-abertos (atualizado no CNES em 2025-09-03),2026-09-23T18:24:38Z,,pendente,,39 - Unidade de apoio diagnose e terapia (SADT isolado),incluido,
cnes-4022661,4022661,ORAL SAUDE,private,no,DA SIMPATIA,190,,CENTRO,56304440,Petrolina,PE,8788784717,-9.392878,-40.504495,cadastro_cnes,ambulatorio-especialidades,,ATENDIMENTOS NOS TURNOS DA MANHA E A TARDE,no,,unknown,,cnes-dados-abertos (atualizado no CNES em 2025-09-03),2026-09-23T18:24:38Z,,pendente,,36 - Clínica / centro de especialidade,incluido,
cnes-4025253,4025253,CLINICA VETERINARIA UNIVERSITARIA,public,no,RODOVIA BR 407 KM 12,S/N,,C 1,56300990,Petrolina,PE,87981244848,-9.324193737216872,-40.54913918221076,cadastro_cnes,,,ATENDIMENTOS NOS TURNOS DA MANHA E A TARDE,no,,unknown,,cnes-dados-abertos (atualizado no CNES em 2025-11-13),2026-09-23T18:24:38Z,,pendente,,22 - Consultório isolado,excluido,tipo 22 fora do critério de inclusão v1
cnes-4030044,4030044,ACOLHER CONSULTORIO E SERVICOS DE PSICOLOGIA,private,no,DA INTEGRACAO AYRTON SENNA,561,,SAO JOSE,56328010,Petrolina,PE,8791342602,-9.392209,-40.485445,cadastro_cnes,,,ATENDIMENTOS NOS TURNOS DA MANHA E A TARDE,no,,unknown,,cnes-dados-abertos (atualizado no CNES em 2025-09-03),2026-09-23T18:24:38Z,,pendente,,22 - Consultório isolado,excluido,tipo 22 fora do critério de inclusão v1
cnes-4041216,4041216,SINAPSE NEUROLOGIA,private,no,RUA LAGOA GRANDE,98,,CENTRO,56304170,Petrolina,PE,8798844545,-9.396497,-40.494318,cadastro_cnes,,,ATENDIMENTOS NOS TURNOS DA MANHA E A TARDE,no,,unknown,,cnes-dados-abertos (atualizado no CNES em 2025-09-03),2026-09-23T18:24:38Z,,pendente,,22 - Consultório isolado,excluido,tipo 22 fora do critério de inclusão v1
cnes-4044703,4044703,INSTITUTO DR TASSYO BARROS CENTRO MEDICO INTEGRATIVO,private,no,ANA TELMA ALVES DE SOUZA,131,,VILA MOCO,56306347,Petrolina,PE,8799154023,-9.383928,-40.503325,cadastro_cnes,ambulatorio-especialidades,,ATENDIMENTOS NOS TURNOS DA MANHA E A TARDE,no,,unknown,,cnes-dados-abertos (atualizado no CNES em 2025-09-03),2026-09-23T18:24:38Z,,pendente,,36 - Clínica / centro de especialidade,incluido,
cnes-4053141,4053141,INSTITUTO BARROS,private,no,ANA TELMA ALVES DE SOUZA,131,,VILA MOCO,56306347,Petrolina,PE,8799154023,-9.383965,-40.503274,cadastro_cnes,ambulatorio-especialidades,,ATENDIMENTOS NOS TURNOS DA MANHA E A TARDE,no,,unknown,,cnes-dados-abertos (atualizado no CNES em 2025-09-03),2026-09-23T18:24:38Z,,pendente,,36 - Clínica / centro de especialidade,incluido,
cnes-4061349,4061349,CLINICA SALUZ,private,no,VALERIO PEREIRA,166,,CENTRO,56304060,Petrolina,PE,8792022442,-9.396908,-40.498083,cadastro_cnes,,,ATENDIMENTOS NOS TURNOS DA MANHA E A TARDE,no,,unknown,,cnes-dados-abertos (atualizado no CNES em 2025-09-03),2026-09-23T18:24:38Z,,pendente,,22 - Consultório isolado,excluido,tipo 22 fora do critério de inclusão v1
cnes-4074475,4074475,CLINICA ATMA,private,no,DA INTEGRACAO AYRTON SENNA,140,,SAO JOSE,56302450,Petrolina,PE,8781554555,-9.388605,-40.490509,cadastro_cnes,,,ATENDIMENTOS NOS TURNOS DA MANHA E A TARDE,no,,unknown,,cnes-dados-abertos (atualizado no CNES em 2025-09-03),2026-09-23T18:24:38Z,,pendente,,22 - Consultório isolado,excluido,tipo 22 fora do critério de inclusão v1
cnes-4076044,4076044,FONOLIFE,private,no,DA INTEGRACAO AYRTON SENNA,1202,,CAMINHO DO SOL,56330290,Petrolina,PE,8791063336,-9.384388,-40.499829,cadastro_cnes,exames-terapias,,"ATENDIMENTO NOS TURNOS DA MANHA, TARDE E NOITE",no,,unknown,,cnes-dados-abertos (atualizado no CNES em 2025-09-03),2026-09-23T18:24:38Z,,pendente,,39 - Unidade de apoio diagnose e terapia (SADT isolado),incluido,
cnes-4077695,4077695,CLINICO ODONTOLOGIA AVIV,private,no,TOBIAS BARRETO,284,,CENTRO,56304210,Petrolina,PE,,-9.393386,-40.501863,cadastro_cnes,ambulatorio-especialidades,,ATENDIMENTOS NOS TURNOS DA MANHA E A TARDE,no,,unknown,,cnes-dados-abertos (atualizado no CNES em 2025-09-03),2026-09-23T18:24:38Z,,pendente,,36 - Clínica / centro de especialidade,incluido,
cnes-4078489,4078489,VIVANCE MEDICINA E SAUDE,private,no,MANOEL CLEMENTINO,1185,,CENTRO,56302170,Petrolina,PE,8788499077,-9.400602,-40.499474,cadastro_cnes,,,ATENDIMENTOS NOS TURNOS DA MANHA E A TARDE,no,,unknown,,cnes-dados-abertos (atualizado no CNES em 2025-09-03),2026-09-23T18:24:38Z,,pendente,,22 - Consultório isolado,excluido,desabilitado no CNES (motivo 10)
cnes-4079035,4079035,CLINPELVE FISIOTERAPIA DA MULHER,private,no,DA INTEGRACAO AYRTON SENNA,140,,SAO JOSE,56302450,Petrolina,PE,8781733331,-9.391368,-40.486476,cadastro_cnes,,,ATENDIMENTOS NOS TURNOS DA MANHA E A TARDE,no,,unknown,,cnes-dados-abertos (atualizado no CNES em 2025-09-03),2026-09-23T18:24:38Z,,pendente,,22 - Consultório isolado,excluido,desabilitado no CNES (motivo 10)
cnes-4091973,4091973,VALERIA LEAL STUDIO DE PILATES,private,no,MANDACARU,5,,AREIA BRANCA,56328460,Petrolina,PE,8781670798,-9.379684,-40.492603,cadastro_cnes,,,ATENDIMENTOS NOS TURNOS DA MANHA E A TARDE,no,,unknown,,cnes-dados-abertos (atualizado no CNES em 2025-09-03),2026-09-23T18:24:38Z,,pendente,,22 - Consultório isolado,excluido,tipo 22 fora do critério de inclusão v1
cnes-4101413,4101413,JANDERSON HIORRAN SANTOS SILVA,private,no,VALERIO PEREIRA,267,,CENTRO,56304060,Petrolina,PE,,-9.396707807564317,-40.49722971349146,cadastro_cnes,,,ATENDIMENTOS NOS TURNOS DA MANHA E A TARDE,no,,unknown,,cnes-dados-abertos (atualizado no CNES em 2025-09-03),2026-09-23T18:24:38Z,,pendente,,22 - Consultório isolado,excluido,tipo 22 fora do critério de inclusão v1
cnes-4102924,4102924,CUIDARE CLINICA DE TERAPIA INTEGRADA,private,no,CRISPIM DE AMORIM COELHO,211,,CENTRO,56304220,Petrolina,PE,8788576566,-9.392934,-40.50069,cadastro_cnes,,,ATENDIMENTOS NOS TURNOS DA MANHA E A TARDE,no,,unknown,,cnes-dados-abertos (atualizado no CNES em 2025-09-03),2026-09-23T18:24:38Z,,pendente,,22 - Consultório isolado,excluido,tipo 22 fora do critério de inclusão v1
cnes-4121481,4121481,EVOLUIR SERVICOS DE SAUDE,private,no,ANTONIO SANTANA FILHO,670,,CENTRO,56302300,Petrolina,PE,,-9.383956,-40.505099,cadastro_cnes,,,ATENDIMENTOS NOS TURNOS DA MANHA E A TARDE,no,,unknown,,cnes-dados-abertos (atualizado no CNES em 2025-09-03),2026-09-23T18:24:38Z,,pendente,,22 - Consultório isolado,excluido,tipo 22 fora do critério de inclusão v1
cnes-4135776,4135776,ALINE MORAIS TERAPIAS ESPECIALIZADAS,private,no,ANTONIO DE SANTANA FILHO,670,,CENTRO,56302300,Petrolina,PE,8788499077,-9.356256,-40.485264,cadastro_cnes,,,"ATENDIMENTO NOS TURNOS DA MANHA, TARDE E NOITE",no,,unknown,,cnes-dados-abertos (atualizado no CNES em 2025-09-03),2026-09-23T18:24:38Z,,pendente,,22 - Consultório isolado,excluido,tipo 22 fora do critério de inclusão v1
cnes-4148738,4148738,MARLEY PICOLI DE OLIVEIRA,private,no,RUA DOM VITAL,480,,CENTRO,56304260,Petrolina,PE,87988435184,-9.397566,-40.502976,cadastro_cnes,,,ATENDIMENTOS NOS TURNOS DA MANHA E A TARDE,no,,unknown,,cnes-dados-abertos (atualizado no CNES em 2025-09-03),2026-09-23T18:24:38Z,,pendente,,22 - Consultório isolado,excluido,tipo 22 fora do critério de inclusão v1
cnes-4155092,4155092,PSIQUIATRIA VIVAMENTAL,private,no,GILBERTINA NABUCO DE ARAUJO,200,,CIDADE UNIVERSITARIA,56328765,Petrolina,PE,,-9.395745790136964,-40.48184011779387,cadastro_cnes,,,ATENDIMENTOS NOS TURNOS DA MANHA E A TARDE,no,,unknown,,cnes-dados-abertos (atualizado no CNES em 2025-09-03),2026-09-23T18:24:38Z,,pendente,,22 - Consultório isolado,excluido,tipo 22 fora do critério de inclusão v1
cnes-4155106,4155106,CHIECO CGF SERVICOS MEDICOS,private,no,PARAIBA,46,,AREIA BRANCA,56328480,Petrolina,PE,8788754769,-9.378699,-40.489513,cadastro_cnes,,,ATENDIMENTOS NOS TURNOS DA MANHA E A TARDE,no,,unknown,,cnes-dados-abertos (atualizado no CNES em 2025-09-03),2026-09-23T18:24:38Z,,pendente,,22 - Consultório isolado,excluido,tipo 22 fora do critério de inclusão v1
cnes-4155130,4155130,C S M,private,no,JITIRANA,26,,AREIA BRANCA,56330025,Petrolina,PE,,-9.379609,-40.493101,cadastro_cnes,,,ATENDIMENTOS NOS TURNOS DA MANHA E A TARDE,no,,unknown,,cnes-dados-abertos (atualizado no CNES em 2025-09-03),2026-09-23T18:24:38Z,,pendente,,22 - Consultório isolado,excluido,tipo 22 fora do critério de inclusão v1
cnes-4155149,4155149,LF CAVALCANTI SERVICOS MEDICOS,private,no,FERNANDO REIS,321,,ATRAS DA BANCA,56308070,Petrolina,PE,8796492555,-9.399236,-40.508087,cadastro_cnes,,,ATENDIMENTOS NOS TURNOS DA MANHA E A TARDE,no,,unknown,,cnes-dados-abertos (atualizado no CNES em 2025-09-03),2026-09-23T18:24:38Z,,pendente,,22 - Consultório isolado,excluido,tipo 22 fora do critério de inclusão v1
cnes-4155157,4155157,VALE MALL,private,no,DA INTEGRACAO AYRTON SENNA,240,,SAO JOSE,56302450,Petrolina,PE,,-9.399407,-40.487493,cadastro_cnes,,,ATENDIMENTOS NOS TURNOS DA MANHA E A TARDE,no,,unknown,,cnes-dados-abertos (atualizado no CNES em 2025-09-03),2026-09-23T18:24:38Z,,pendente,,22 - Consultório isolado,excluido,tipo 22 fora do critério de inclusão v1
cnes-4155270,4155270,MAIRA GRANJA CABRAL,private,no,SANTA FE,177,,MARIA AUXILIADORA,56330350,Petrolina,PE,8799772671,-9.391594,-40.490857,cadastro_cnes,,,ATENDIMENTOS NOS TURNOS DA MANHA E A TARDE,no,,unknown,,cnes-dados-abertos (atualizado no CNES em 2025-09-03),2026-09-23T18:24:38Z,,pendente,,22 - Consultório isolado,excluido,tipo 22 fora do critério de inclusão v1
cnes-4155742,4155742,LUDI INSTITUTO DE DESENVOLVIMENTO INFANTIL LTDA,private,no,JOSE CRISPINIANO COELHO BRANDAO,91,,CIDADE UNIVERSITARIA,56332750,Petrolina,PE,8791523543,-9.393211,-40.48253,cadastro_cnes,ambulatorio-especialidades,,ATENDIMENTOS NOS TURNOS DA MANHA E A TARDE,no,,unknown,,cnes-dados-abertos (atualizado no CNES em 2025-09-03),2026-09-23T18:24:38Z,,pendente,,36 - Clínica / centro de especialidade,incluido,
cnes-4159063,4159063,MED SALES,private,no,CRISTALIA,51,,VILA EDUARDO,56328110,Petrolina,PE,8788290444,-9.389681,-40.481846,cadastro_cnes,,,ATENDIMENTOS NOS TURNOS DA MANHA E A TARDE,no,,unknown,,cnes-dados-abertos (atualizado no CNES em 2025-09-03),2026-09-23T18:24:38Z,,pendente,,22 - Consultório isolado,excluido,tipo 22 fora do critério de inclusão v1
cnes-4172981,4172981,CEDES PETROLINA,private,no,CASTRO ALVES,481,,CENTRO,56304340,Petrolina,PE,8781238550,-9.393953,-40.50497,cadastro_cnes,ambulatorio-especialidades,,ATENDIMENTOS NOS TURNOS DA MANHA E A TARDE,no,,unknown,,cnes-dados-abertos (atualizado no CNES em 2025-09-03),2026-09-23T18:24:38Z,,pendente,,36 - Clínica / centro de especialidade,excluido,desabilitado no CNES (motivo 10)
cnes-4174631,4174631,ODONTOL ESPECIALIZADA FLAVIA LUSTOSA MARINA CARNEIRO,private,no,DO AGRICULTOR,701,,ANTONIO CASSIMIRO,56319000,Petrolina,PE,8795888768,-9.370887,-40.514222,cadastro_cnes,ambulatorio-especialidades,,ATENDIMENTOS NOS TURNOS DA MANHA E A TARDE,no,,unknown,,cnes-dados-abertos (atualizado no CNES em 2025-09-03),2026-09-23T18:24:38Z,,pendente,,36 - Clínica / centro de especialidade,incluido,
cnes-4176812,4176812,CIE ODONTO,private,no,SOUZA FILHO,900,,CENTRO,56304000,Petrolina,PE,,-9.393273,-40.501711,cadastro_cnes,ambulatorio-especialidades,,ATENDIMENTOS NOS TURNOS DA MANHA E A TARDE,no,,unknown,,cnes-dados-abertos (atualizado no CNES em 2025-09-03),2026-09-23T18:24:38Z,,pendente,,36 - Clínica / centro de especialidade,incluido,
cnes-4177673,4177673,AMBULATORIO STTAR PETROLINA,private,no,AV DAS NACOES,280,,VILA MOCO,56306260,Petrolina,PE,8738613902,-9.388684,-40.508956,cadastro_cnes,,,ATENDIMENTOS NOS TURNOS DA MANHA E A TARDE,no,,unknown,,cnes-dados-abertos (atualizado no CNES em 2025-09-03),2026-09-23T18:24:38Z,,pendente,,22 - Consultório isolado,excluido,tipo 22 fora do critério de inclusão v1
cnes-4180593,4180593,VITORIA MARINS,private,no,TOME CAVALCANTE,132,,AREIA BRANCA,56330055,Petrolina,PE,87988258403,-9.378011,-40.491934,cadastro_cnes,,,ATENDIMENTOS NOS TURNOS DA MANHA E A TARDE,no,,unknown,,cnes-dados-abertos (atualizado no CNES em 2025-09-03),2026-09-23T18:24:38Z,,pendente,,22 - Consultório isolado,excluido,tipo 22 fora do critério de inclusão v1
cnes-4194551,4194551,CLINICA ODONTOLOGICA LUCIANA SA MEDRADO,private,no,CARDOSO DE SA,860,,VILA EDUARDO,56328020,Petrolina,PE,,-9.399679,-40.482454,cadastro_cnes,,,ATENDIMENTOS NOS TURNOS DA MANHA E A TARDE,no,,unknown,,cnes-dados-abertos (atualizado no CNES em 2025-09-03),2026-09-23T18:24:38Z,,pendente,,22 - Consultório isolado,excluido,tipo 22 fora do critério de inclusão v1
cnes-4194640,4194640,PERSONA CENTRO INTEGRADO DE SAUDE,private,no,PRESIDENTE TANCREDO NEVES,20,,CENTRO,56304190,Petrolina,PE,8792047272,-9.389795,-40.503535,cadastro_cnes,ambulatorio-especialidades,,ATENDIMENTOS NOS TURNOS DA MANHA E A TARDE,no,,unknown,,cnes-dados-abertos (atualizado no CNES em 2025-09-03),2026-09-23T18:24:38Z,,pendente,,36 - Clínica / centro de especialidade,incluido,
cnes-4206290,4206290,FUNDACAO NEUROCARDIO,private,unknown,TOBIAS BARRETO,08,,CENTRO,56304210,Petrolina,PE,8738674141,-9.393711,-40.498507,cadastro_cnes,hospital;internacao;centro-cirurgico,,"ATENDIMENTO CONTINUO DE 24 HORAS/DIA (PLANTAO:INCLUI SABADOS, DOMINGOS E FERIADOS)",yes,,unknown,,cnes-dados-abertos (atualizado no CNES em 2025-09-03),2026-09-23T18:24:38Z,,pendente,,5 - Hospital geral,incluido,
cnes-4212878,4212878,FARMACIAS DIARIAMENTE SAO GONCALO,private,no,MARIO RODRIGUES COELHO,620,,SAO GONCALO,56310780,Petrolina,PE,,-9.394623,-40.543385,cadastro_cnes,,,"ATENDIMENTO NOS TURNOS DA MANHA, TARDE E NOITE",no,,unknown,,cnes-dados-abertos (atualizado no CNES em 2025-09-03),2026-09-23T18:24:38Z,,pendente,,43 - Farmácia,excluido,tipo 43 fora do critério de inclusão v1
cnes-4213424,4213424,UBS ATRAS DA BANCA SOBERANA,public,yes,DO TRABLAHO,172,,ATRAS DA BANCA,56308080,Petrolina,PE,,-9.396232,-40.508564,cadastro_cnes,atencao-basica,,ATENDIMENTOS NOS TURNOS DA MANHA E A TARDE,no,,unknown,,cnes-dados-abertos (atualizado no CNES em 2025-09-03),2026-09-23T18:24:38Z,,pendente,,2 - Centro de saúde / Unidade básica,incluido,
cnes-4214145,4214145,LEVEMENTE,private,no,DOUTOR JOSE MARIA,110,,CENTRO,56304050,Petrolina,PE,,-9.396293115808955,-40.4985450797645,cadastro_cnes,ambulatorio-especialidades,,"ATENDIMENTO NOS TURNOS DA MANHA, TARDE E NOITE",no,,unknown,,cnes-dados-abertos (atualizado no CNES em 2026-02-25),2026-09-23T18:24:38Z,,pendente,,36 - Clínica / centro de especialidade,incluido,
cnes-4218205,4218205,OTOCLIN,private,no,OROCO,154,,CENTRO,56304150,Petrolina,PE,,-9.397004,-40.493053,cadastro_cnes,urgencia-emergencia,,"ATENDIMENTO NOS TURNOS DA MANHA, TARDE E NOITE",no,,unknown,,cnes-dados-abertos (atualizado no CNES em 2025-09-03),2026-09-23T18:24:38Z,,pendente,,20 - Pronto-socorro geral,incluido,
cnes-4221745,4221745,MEDLAR SAUDE,private,no,PRESIDENTE DUTRA,360,,CENTRO,56304230,Petrolina,PE,8788431398,-9.392105,-40.502964,cadastro_cnes,,,ATENDIMENTOS NOS TURNOS DA MANHA E A TARDE,no,,unknown,,cnes-dados-abertos (atualizado no CNES em 2025-09-03),2026-09-23T18:24:38Z,,pendente,,84 - Central de abastecimento,excluido,tipo 84 fora do critério de inclusão v1
cnes-4245601,4245601,SIMONE MENDES PSICOLOGA,private,no,CARDOSO DE SA,1000,,CIDADE UNIVERSITARIA,56328020,Petrolina,PE,8798209933,-9.396912,-40.481164,cadastro_cnes,ambulatorio-especialidades,,ATENDIMENTOS NOS TURNOS DA MANHA E A TARDE,no,,unknown,,cnes-dados-abertos (atualizado no CNES em 2025-09-03),2026-09-23T18:24:38Z,,pendente,,36 - Clínica / centro de especialidade,incluido,
cnes-4246152,4246152,ARIANE DUARTE NUTRICAO,private,no,MANOEL CLEMENTINO,1185,,CENTRO,56302170,Petrolina,PE,8788499077,-9.400603,-40.499461,cadastro_cnes,ambulatorio-especialidades,,ATENDIMENTOS NOS TURNOS DA MANHA E A TARDE,no,,unknown,,cnes-dados-abertos (atualizado no CNES em 2025-09-03),2026-09-23T18:24:38Z,,pendente,,36 - Clínica / centro de especialidade,incluido,
cnes-4253590,4253590,IMPARES CLINICA DE MEDICINA E SAUDE,private,no,DOUTOR JOSE MARIANO,1230,,CENTRO,56302190,Petrolina,PE,8798015012,-9.401615,-40.498903,cadastro_cnes,,,ATENDIMENTOS NOS TURNOS DA MANHA E A TARDE,no,,unknown,,cnes-dados-abertos (atualizado no CNES em 2025-09-03),2026-09-23T18:24:38Z,,pendente,,22 - Consultório isolado,excluido,tipo 22 fora do critério de inclusão v1
cnes-4262654,4262654,PORTELA JUNIOR ODONTOLOGIA,private,no,SANTA LUZIA,56,,CENTRO,56304100,Petrolina,PE,8788031202,-9.396114,-40.496885,cadastro_cnes,,,ATENDIMENTOS NOS TURNOS DA MANHA E A TARDE,no,,unknown,,cnes-dados-abertos (atualizado no CNES em 2025-09-03),2026-09-23T18:24:38Z,,pendente,,22 - Consultório isolado,excluido,tipo 22 fora do critério de inclusão v1
cnes-4267508,4267508,REALIZE FISIOTERAPIA,private,no,PROFESSOR SIMAO DOURADO,86,,SAO GONCALO,56312385,Petrolina,PE,,-9.385483,-40.548653,cadastro_cnes,,,ATENDIMENTOS NOS TURNOS DA MANHA E A TARDE,no,,unknown,,cnes-dados-abertos (atualizado no CNES em 2025-09-03),2026-09-23T18:24:38Z,,pendente,,22 - Consultório isolado,excluido,tipo 22 fora do critério de inclusão v1
cnes-4267605,4267605,INSTITUTO EVOLUIR SAUDE MENTAL E DESENVOLVIMENTO,private,no,OSA SANTANA,17,,KM 2,56306535,Petrolina,PE,8788033695,-9.392443,-40.504691,cadastro_cnes,,,ATENDIMENTOS NOS TURNOS DA MANHA E A TARDE,no,,unknown,,cnes-dados-abertos (atualizado no CNES em 2025-09-03),2026-09-23T18:24:38Z,,pendente,,22 - Consultório isolado,excluido,tipo 22 fora do critério de inclusão v1
cnes-4272250,4272250,DROGASIL PETROLINA 1,private,no,GUARARAPES,1980,,CENTRO,56302000,Petrolina,PE,,-9.39956,-40.501222,cadastro_cnes,,,"ATENDIMENTO NOS TURNOS DA MANHA, TARDE E NOITE",no,,unknown,,cnes-dados-abertos (atualizado no CNES em 2025-09-03),2026-09-23T18:24:38Z,,pendente,,43 - Farmácia,excluido,tipo 43 fora do critério de inclusão v1
cnes-4272935,4272935,INSTITUTO KINESIO,private,no,FELIX PINTO,138,,CENTRO,56304460,Petrolina,PE,8738619715,-9.391606,-40.503703,cadastro_cnes,,,ATENDIMENTOS NOS TURNOS DA MANHA E A TARDE,no,,unknown,,cnes-dados-abertos (atualizado no CNES em 2025-09-03),2026-09-23T18:24:38Z,,pendente,,22 - Consultório isolado,excluido,tipo 22 fora do critério de inclusão v1
cnes-4275160,4275160,EXTRAFARMA,private,no,DA INTEGRACAO AYRTON SENNA,605,,SAO JOSE,56302450,Petrolina,PE,,-9.39875,-40.485269,cadastro_cnes,,,ATENDIMENTOS NOS TURNOS DA MANHA E A TARDE,no,,unknown,,cnes-dados-abertos (atualizado no CNES em 2025-09-03),2026-09-23T18:24:38Z,,pendente,,43 - Farmácia,excluido,tipo 43 fora do critério de inclusão v1
cnes-4278224,4278224,DROGASIL PETROLINA 3,private,no,MONSENHOR ANGELO SAMPAIO,945,,VILA EDUARDO,56328000,Petrolina,PE,,-9.389466,-40.488843,cadastro_cnes,,,"ATENDIMENTO CONTINUO DE 24 HORAS/DIA (PLANTAO:INCLUI SABADOS, DOMINGOS E FERIADOS)",yes,,unknown,,cnes-dados-abertos (atualizado no CNES em 2025-09-03),2026-09-23T18:24:38Z,,pendente,,43 - Farmácia,excluido,tipo 43 fora do critério de inclusão v1
cnes-4283643,4283643,LABORATORIO PETRI FILIAL,private,no,SOUZA FILHO,900,,CENTRO,56304000,Petrolina,PE,8738660022,-9.393191,-40.501705,cadastro_cnes,,,ATENDIMENTOS NOS TURNOS DA MANHA E A TARDE,no,,unknown,,cnes-dados-abertos (atualizado no CNES em 2025-09-03),2026-09-23T18:24:38Z,,pendente,,84 - Central de abastecimento,excluido,tipo 84 fora do critério de inclusão v1
cnes-4291905,4291905,REABILITO,private,no,ANTONIO SANTANA FILHO,670,,CENTRO,56302300,Petrolina,PE,,-9.399006,-40.496135,cadastro_cnes,,,ATENDIMENTOS NOS TURNOS DA MANHA E A TARDE,no,,unknown,,cnes-dados-abertos (atualizado no CNES em 2025-09-03),2026-09-23T18:24:38Z,,pendente,,22 - Consultório isolado,excluido,tipo 22 fora do critério de inclusão v1
cnes-4293509,4293509,TEA,private,no,DO COLISEU,69,,CENTRO,56302390,Petrolina,PE,,-9.397778,-40.498861,cadastro_cnes,ambulatorio-especialidades,,ATENDIMENTOS NOS TURNOS DA MANHA E A TARDE,no,,unknown,,cnes-dados-abertos (atualizado no CNES em 2025-09-03),2026-09-23T18:24:38Z,,pendente,,36 - Clínica / centro de especialidade,incluido,
cnes-4293800,4293800,LABORATORIO PETRI KM 25,private,no,PROJETO MARIA TEREZA,S/N,,ZONA RURAL,56303992,Petrolina,PE,8738660022,-9.182791,-40.561788,cadastro_cnes,,,ATENDIMENTO SOMENTE PELA MANHA,no,,unknown,,cnes-dados-abertos (atualizado no CNES em 2025-09-03),2026-09-23T18:24:38Z,,pendente,,84 - Central de abastecimento,excluido,tipo 84 fora do critério de inclusão v1
cnes-4294548,4294548,DROGASIL PETROLINA 2,private,no,MONSENHOR ANGELO SAMPAIO,100,,CENTRO,56304920,Petrolina,PE,,-9.393178,-40.491885,cadastro_cnes,,,ATENDIMENTOS NOS TURNOS DA MANHA E A TARDE,no,,unknown,,cnes-dados-abertos (atualizado no CNES em 2025-09-03),2026-09-23T18:24:38Z,,pendente,,43 - Farmácia,excluido,tipo 43 fora do critério de inclusão v1
cnes-4309537,4309537,SORRIR MAIS,private,no,POLONIA,09,,AREIA BRANCA,56328370,Petrolina,PE,,-9.384178311117235,-40.49085493437196,cadastro_cnes,ambulatorio-especialidades,,ATENDIMENTOS NOS TURNOS DA MANHA E A TARDE,no,,unknown,,cnes-dados-abertos (atualizado no CNES em 2025-09-03),2026-09-23T18:24:38Z,,pendente,,36 - Clínica / centro de especialidade,incluido,
cnes-4313364,4313364,CRESCER,private,no,DO CAIANO,65,,CENTRO,56304380,Petrolina,PE,8781318087,-9.391303,-40.507389,cadastro_cnes,,,"ATENDIMENTO NOS TURNOS DA MANHA, TARDE E NOITE",no,,unknown,,cnes-dados-abertos (atualizado no CNES em 2025-09-03),2026-09-23T18:24:38Z,,pendente,,22 - Consultório isolado,excluido,tipo 22 fora do critério de inclusão v1
cnes-4313402,4313402,SORRIR MAIS CENTRO ODONTOLOGICO,private,no,JOSE HERMANO GOMES,01,,JOSE E MARIA,56320250,Petrolina,PE,,-9.365754,-40.498681,cadastro_cnes,ambulatorio-especialidades,,ATENDIMENTOS NOS TURNOS DA MANHA E A TARDE,no,,unknown,,cnes-dados-abertos (atualizado no CNES em 2025-09-03),2026-09-23T18:24:38Z,,pendente,,36 - Clínica / centro de especialidade,incluido,
cnes-4338359,4338359,IMPLAFACE,private,no,DA INTEGRACAO AYRTON SENNA,723,,SAO JOSE,56302450,Petrolina,PE,8788719247,-9.386556388288728,-40.49598793289616,cadastro_cnes,ambulatorio-especialidades,,ATENDIMENTOS NOS TURNOS DA MANHA E A TARDE,no,,unknown,,cnes-dados-abertos (atualizado no CNES em 2025-09-03),2026-09-23T18:24:38Z,,pendente,,36 - Clínica / centro de especialidade,incluido,
cnes-4338383,4338383,PSICOFISIO,private,no,RUA FRANCISCO MODESTO FILHO,75,,CENTRO,56304080,Petrolina,PE,87988158947,-9.397282,-40.497291,cadastro_cnes,,,ATENDIMENTOS NOS TURNOS DA MANHA E A TARDE,no,,unknown,,cnes-dados-abertos (atualizado no CNES em 2025-09-03),2026-09-23T18:24:38Z,,pendente,,22 - Consultório isolado,excluido,tipo 22 fora do critério de inclusão v1
cnes-4348958,4348958,GERALDA ALMEIDA,private,no,CRISPIM DE AMORIM COELHO,166,,CENTRO,56304220,Petrolina,PE,8799798841,-9.392993,-40.500138,cadastro_cnes,,,ATENDIMENTOS NOS TURNOS DA MANHA E A TARDE,no,,unknown,,cnes-dados-abertos (atualizado no CNES em 2025-09-03),2026-09-23T18:24:38Z,,pendente,,22 - Consultório isolado,excluido,tipo 22 fora do critério de inclusão v1
cnes-4362098,4362098,IMPERIO SAUDE,private,no,DOM VITAL,662,,CENTRO,56304260,Petrolina,PE,8730143030,-9.396089839562348,-40.50403400430067,cadastro_cnes,ambulatorio-especialidades,,ATENDIMENTOS NOS TURNOS DA MANHA E A TARDE,no,,unknown,,cnes-dados-abertos (atualizado no CNES em 2025-09-03),2026-09-23T18:24:38Z,,pendente,,36 - Clínica / centro de especialidade,incluido,
cnes-4364627,4364627,KEFI INSTITUTO DE NEURODESENVOLVIMENTO INFANTIL,private,no,IRMA MARIA ANTONIETA SOUZA,40,,MARIA AUXILIADORA,56330335,Petrolina,PE,,-9.38654712164483,-40.499856411401176,cadastro_cnes,,,ATENDIMENTOS NOS TURNOS DA MANHA E A TARDE,no,,unknown,,cnes-dados-abertos (atualizado no CNES em 2025-09-03),2026-09-23T18:24:38Z,,pendente,,22 - Consultório isolado,excluido,tipo 22 fora do critério de inclusão v1
cnes-4372166,4372166,MATER CHRISTI SAUDE INTEGRADA LTDA,private,no,SOUZA FILHO,911,,CENTRO,56302370,Petrolina,PE,8730146363,-9.3928770606757,-40.50167900033727,cadastro_cnes,ambulatorio-especialidades,,ATENDIMENTOS NOS TURNOS DA MANHA E A TARDE,no,,unknown,,cnes-dados-abertos (atualizado no CNES em 2025-09-03),2026-09-23T18:24:38Z,,pendente,,36 - Clínica / centro de especialidade,incluido,
cnes-4374908,4374908,CONSULTORIO ODONTOLOGICO DRA ANDREA TANAJURA C COELHO,private,no,AV SETE DE SETEMBRO,S/N,,JOSE E MARIA,56320000,Petrolina,PE,87988176798,-9.373286424528715,-40.48775110172204,cadastro_cnes,,,ATENDIMENTOS NOS TURNOS DA MANHA E A TARDE,no,,unknown,,cnes-dados-abertos (atualizado no CNES em 2025-09-03),2026-09-23T18:24:38Z,,pendente,,22 - Consultório isolado,excluido,tipo 22 fora do critério de inclusão v1
cnes-4384032,4384032,CLINICA BELLA VIDA,private,no,ANTONIO DE SANTANA FILHO,670,,CENTRO,56302300,Petrolina,PE,8796106722,-9.399024767951882,-40.49612159571432,cadastro_cnes,,,ATENDIMENTOS NOS TURNOS DA MANHA E A TARDE,no,,unknown,,cnes-dados-abertos (atualizado no CNES em 2025-09-03),2026-09-23T18:24:38Z,,pendente,,22 - Consultório isolado,excluido,tipo 22 fora do critério de inclusão v1
cnes-4400747,4400747,INSTITUTO MOVER,private,no,DA INTEGRACAO AYRTON SENNA,550,,VILA EDUARDO,56328010,Petrolina,PE,8791444847,-9.388617658945236,-40.49073809359083,cadastro_cnes,,,ATENDIMENTOS NOS TURNOS DA MANHA E A TARDE,no,,unknown,,cnes-dados-abertos (atualizado no CNES em 2025-09-03),2026-09-23T18:24:38Z,,pendente,,22 - Consultório isolado,excluido,tipo 22 fora do critério de inclusão v1
cnes-4403657,4403657,T M BANDEIRA SILVA,private,no,ANTONIO SANTANA FILHO,670,,CENTRO,56302300,Petrolina,PE,,-9.399010875400622,-40.496152441106815,cadastro_cnes,,,ATENDIMENTOS NOS TURNOS DA MANHA E A TARDE,no,,unknown,,cnes-dados-abertos (atualizado no CNES em 2025-09-03),2026-09-23T18:24:38Z,,pendente,,22 - Consultório isolado,excluido,tipo 22 fora do critério de inclusão v1
cnes-4407474,4407474,MED CLINICA POPULAR,private,no,ELETRONORTE,10,,JOSE E MARIA,56320600,Petrolina,PE,8788127929,-9.369370218848553,-40.492178901262044,cadastro_cnes,,,ATENDIMENTOS NOS TURNOS DA MANHA E A TARDE,no,,unknown,,cnes-dados-abertos (atualizado no CNES em 2025-09-03),2026-09-23T18:24:38Z,,pendente,,22 - Consultório isolado,excluido,tipo 22 fora do critério de inclusão v1
cnes-4417887,4417887,INTELECTO ESPACO TERAPEUTICO,private,no,DA INTEGRACAO,1276,,MARIA AUXILIADORA,56330290,Petrolina,PE,8798849907,-9.383787767835047,-40.50088890035619,cadastro_cnes,ambulatorio-especialidades,,ATENDIMENTOS NOS TURNOS DA MANHA E A TARDE,no,,unknown,,cnes-dados-abertos (atualizado no CNES em 2025-09-03),2026-09-23T18:24:38Z,,pendente,,36 - Clínica / centro de especialidade,incluido,
cnes-4418905,4418905,CLINICA NUTROMED,private,no,JOAO PERNAMBUCO,131,,CIDADE UNIVERSITARIA,56332710,Petrolina,PE,,-9.400011874184989,-40.480839215344005,cadastro_cnes,,,ATENDIMENTOS NOS TURNOS DA MANHA E A TARDE,no,,unknown,,cnes-dados-abertos (atualizado no CNES em 2025-09-03),2026-09-23T18:24:38Z,,pendente,,22 - Consultório isolado,excluido,tipo 22 fora do critério de inclusão v1
cnes-4434234,4434234,INTERAGIR FISIOTERAPIA E SAUDE,private,no,DO CHALE,114,,SAO JOSE,56302410,Petrolina,PE,8788332134,-9.398258052611165,-40.49117281105992,cadastro_cnes,,,ATENDIMENTOS NOS TURNOS DA MANHA E A TARDE,no,,unknown,,cnes-dados-abertos (atualizado no CNES em 2025-09-03),2026-09-23T18:24:38Z,,pendente,,22 - Consultório isolado,excluido,tipo 22 fora do critério de inclusão v1
cnes-4437047,4437047,FARMACIA MONTSINAI,private,no,AV PROF SIMAO AMORIM DURANDO,831,,SAO GONCALO,56312280,Petrolina,PE,8788758881,-9.392297222648674,-40.550872320311704,cadastro_cnes,,,ATENDIMENTOS NOS TURNOS DA MANHA E A TARDE,no,,unknown,,cnes-dados-abertos (atualizado no CNES em 2025-09-03),2026-09-23T18:24:38Z,,pendente,,43 - Farmácia,excluido,tipo 43 fora do critério de inclusão v1
cnes-4442849,4442849,MENDES VALOIS,private,no,DA INTEGRACAO AYRTON SENNA,733,,SAO JOSE,56302450,Petrolina,PE,8791029516,-9.386595999417617,-40.49588731805156,cadastro_cnes,ambulatorio-especialidades,,ATENDIMENTOS NOS TURNOS DA MANHA E A TARDE,no,,unknown,,cnes-dados-abertos (atualizado no CNES em 2025-09-03),2026-09-23T18:24:38Z,,pendente,,36 - Clínica / centro de especialidade,incluido,
cnes-4446216,4446216,GRUPO SAUDAVELMENTE POR CAYZA FRANKLIN,private,no,DA AURORA,86,,SAO JOSE,56302765,Petrolina,PE,8781202368,-9.401763724264958,-40.491696413491994,cadastro_cnes,,,ATENDIMENTOS NOS TURNOS DA MANHA E A TARDE,no,,unknown,,cnes-dados-abertos (atualizado no CNES em 2025-09-03),2026-09-23T18:24:38Z,,pendente,,22 - Consultório isolado,excluido,tipo 22 fora do critério de inclusão v1
cnes-4450205,4450205,CLINICA ASTER,private,no,ANTONIO FIRMINO DA SILVA R15,50,,JATOBA,56332358,Petrolina,PE,87988535272,-9.393,-40.508,cadastro_cnes,,,ATENDIMENTOS NOS TURNOS DA MANHA E A TARDE,no,,unknown,,cnes-dados-abertos (atualizado no CNES em 2025-09-03),2026-09-23T18:24:38Z,,pendente,,22 - Consultório isolado,excluido,desabilitado no CNES (motivo 04)
cnes-4450620,4450620,TAIS MATOS BARRETO CLINICA DE FONOAUDIOLOGIA,private,no,DO TAMBOR,16,,SAO JOSE,56302400,Petrolina,PE,,-9.39777902183757,-40.49153946995419,cadastro_cnes,,,ATENDIMENTOS NOS TURNOS DA MANHA E A TARDE,no,,unknown,,cnes-dados-abertos (atualizado no CNES em 2025-09-03),2026-09-23T18:24:38Z,,pendente,,22 - Consultório isolado,excluido,tipo 22 fora do critério de inclusão v1
cnes-4452208,4452208,DEISE PEQUENO SERVICOS MEDICOS,private,no,PACIFICO DA LUZ,819,,CENTRO,56304010,Petrolina,PE,8788063093,-9.393900521181212,-40.500572262578025,cadastro_cnes,,,ATENDIMENTOS NOS TURNOS DA MANHA E A TARDE,no,,unknown,,cnes-dados-abertos (atualizado no CNES em 2025-09-03),2026-09-23T18:24:38Z,,pendente,,22 - Consultório isolado,excluido,tipo 22 fora do critério de inclusão v1
cnes-4461401,4461401,RAIA DROGASIL S A PETROLINA 5,private,no,PACIFICO DA LUZ,709,,CENTRO,56304010,Petrolina,PE,,-9.395012453269967,-40.500743455833714,cadastro_cnes,,,"ATENDIMENTO NOS TURNOS DA MANHA, TARDE E NOITE",no,,unknown,,cnes-dados-abertos (atualizado no CNES em 2025-09-03),2026-09-23T18:24:38Z,,pendente,,43 - Farmácia,excluido,tipo 43 fora do critério de inclusão v1
cnes-4469801,4469801,DROGARIA SAO PAULO,private,no,GUARARAPES,1848,,CENTRO,56302000,Petrolina,PE,8730248833,-9.399474583127953,-40.50246601840319,cadastro_cnes,,,"ATENDIMENTO NOS TURNOS DA MANHA, TARDE E NOITE",no,,unknown,,cnes-dados-abertos (atualizado no CNES em 2026-08-06),2026-09-23T18:24:38Z,,pendente,,43 - Farmácia,excluido,tipo 43 fora do critério de inclusão v1
cnes-4470001,4470001,DANIELLE MATOSO TORREAO LTDA,private,no,PADRE JOSE DE CASTRO,195,,SAO JOSE,56302775,Petrolina,PE,8781653000,-9.401394212457978,-40.49274611349287,cadastro_cnes,,,ATENDIMENTOS NOS TURNOS DA MANHA E A TARDE,no,,unknown,,cnes-dados-abertos (atualizado no CNES em 2026-06-19),2026-09-23T18:24:38Z,,pendente,,22 - Consultório isolado,excluido,tipo 22 fora do critério de inclusão v1
cnes-4470842,4470842,DROGARIA SAO PAULO,private,no,DAS NACOES,1701,,JARDIM MARAVILHA,56306902,Petrolina,PE,,-9.384939474744034,-40.510169057606014,cadastro_cnes,,,"ATENDIMENTO NOS TURNOS DA MANHA, TARDE E NOITE",no,,unknown,,cnes-dados-abertos (atualizado no CNES em 2025-09-03),2026-09-23T18:24:38Z,,pendente,,43 - Farmácia,excluido,tipo 43 fora do critério de inclusão v1
cnes-4475054,4475054,SERTAO SAUDE,private,no,TOBIAS BARRETO,212,,CENTRO,56304210,Petrolina,PE,8781090340,-9.393472048844112,-40.50120666626583,cadastro_cnes,ambulatorio-especialidades,,ATENDIMENTOS NOS TURNOS DA MANHA E A TARDE,no,,unknown,,cnes-dados-abertos (atualizado no CNES em 2025-09-03),2026-09-23T18:24:38Z,,pendente,,36 - Clínica / centro de especialidade,incluido,
cnes-4498003,4498003,CHE VUOI,private,no,DO COBRE,27,,DOM AVELAR,56322210,Petrolina,PE,8799951063,-9.354362075467641,-40.496391400014836,cadastro_cnes,,,ATENDIMENTOS NOS TURNOS DA MANHA E A TARDE,no,,unknown,,cnes-dados-abertos (atualizado no CNES em 2025-09-03),2026-09-23T18:24:38Z,,pendente,,22 - Consultório isolado,excluido,tipo 22 fora do critério de inclusão v1
cnes-4508475,4508475,YHARA KAROLINE,private,no,RIO JACARE,21,,JOSE E MARIA,56320040,Petrolina,PE,8788417282,-9.374283863475831,-40.4954810000108,cadastro_cnes,ambulatorio-especialidades,,ATENDIMENTOS NOS TURNOS DA MANHA E A TARDE,no,,unknown,,cnes-dados-abertos (atualizado no CNES em 2025-09-03),2026-09-23T18:24:38Z,,pendente,,36 - Clínica / centro de especialidade,incluido,
cnes-4509730,4509730,BIANCA LOIANE PSICOLOGA,private,no,HERUNDINA AMORIM SOUZA ALTO DA BOA VISTA,16,,SAO GONCALO,56312281,Petrolina,PE,8788590588,-9.3834891,-40.5457732,cadastro_cnes,ambulatorio-especialidades,,ATENDIMENTOS NOS TURNOS DA MANHA E A TARDE,no,,unknown,,cnes-dados-abertos (atualizado no CNES em 2025-09-03),2026-09-23T18:24:38Z,,pendente,,36 - Clínica / centro de especialidade,incluido,
cnes-4520181,4520181,EMAGRECENTRO,private,no,DA SIMPATIA,14,,CENTRO,56304441,Petrolina,PE,,-9.392044970495643,-40.50581989573024,cadastro_cnes,ambulatorio-especialidades,,ATENDIMENTOS NOS TURNOS DA MANHA E A TARDE,no,,unknown,,cnes-dados-abertos (atualizado no CNES em 2025-09-03),2026-09-23T18:24:38Z,,pendente,,36 - Clínica / centro de especialidade,incluido,
cnes-4521390,4521390,INSTITUTO MOVIMENT,private,no,WALTER BENICIO DOS REIS,235,,JARDIM SAO PAULO,56314510,Petrolina,PE,8781270101,-9.368259432930973,-40.54091336460638,cadastro_cnes,,,ATENDIMENTOS NOS TURNOS DA MANHA E A TARDE,no,,unknown,,cnes-dados-abertos (atualizado no CNES em 2025-09-03),2026-09-23T18:24:38Z,,pendente,,22 - Consultório isolado,excluido,tipo 22 fora do critério de inclusão v1
cnes-4522125,4522125,DA VILA CENTRO DE SAUDE INTEGRADA PETROLINA,private,no,SANTA INES R 11,200,,JOSE E MARIA,56331100,Petrolina,PE,8781039301,-9.3731952,-40.5027781,cadastro_cnes,,,ATENDIMENTOS NOS TURNOS DA MANHA E A TARDE,no,,unknown,,cnes-dados-abertos (atualizado no CNES em 2026-01-23),2026-09-23T18:24:38Z,,pendente,,22 - Consultório isolado,excluido,tipo 22 fora do critério de inclusão v1
cnes-4522664,4522664,SENSORIAL,private,no,WASHINGTON LUIZ,233,,MARIA AUXILIADORA,56330360,Petrolina,PE,8799730081,-9.391220105356018,-40.49134369453674,cadastro_cnes,ambulatorio-especialidades,,ATENDIMENTOS NOS TURNOS DA MANHA E A TARDE,no,,unknown,,cnes-dados-abertos (atualizado no CNES em 2025-09-03),2026-09-23T18:24:38Z,,pendente,,4 - Policlínica,incluido,
cnes-4525205,4525205,ESPACO ACOLHER UNIMED,private,no,DOUTOR JOSE MARIA,111,,CENTRO,56304050,Petrolina,PE,8738667900,-9.396353096317876,-40.498422059916386,cadastro_cnes,,,ATENDIMENTOS NOS TURNOS DA MANHA E A TARDE,no,,unknown,,cnes-dados-abertos (atualizado no CNES em 2025-09-03),2026-09-23T18:24:38Z,,pendente,,22 - Consultório isolado,excluido,tipo 22 fora do critério de inclusão v1
cnes-4529871,4529871,NEUROSAUDE FEITO PARA NEURODIVERGENTES,private,no,CICERO POMBO,111,,CENTRO,56302380,Petrolina,PE,8788091605,-9.397766625292212,-40.49614031827156,cadastro_cnes,,,ATENDIMENTOS NOS TURNOS DA MANHA E A TARDE,no,,unknown,,cnes-dados-abertos (atualizado no CNES em 2025-09-03),2026-09-23T18:24:38Z,,pendente,,22 - Consultório isolado,excluido,tipo 22 fora do critério de inclusão v1
cnes-4533313,4533313,MANOEL RODRIGUES DOS SANTOS NETO LTDA,private,no,DO COLISEU,88,,CENTRO,56302390,Petrolina,PE,,-9.397613793367523,-40.49854242944806,cadastro_cnes,,,ATENDIMENTOS NOS TURNOS DA MANHA E A TARDE,no,,unknown,,cnes-dados-abertos (atualizado no CNES em 2025-09-03),2026-09-23T18:24:38Z,,pendente,,22 - Consultório isolado,excluido,tipo 22 fora do critério de inclusão v1
cnes-4533348,4533348,FERNANDO MELO ORTOPEDIA ESPORTIVA LTDA,private,no,ILHA DA AMELIA,71,,CARNEIRO,56333030,Petrolina,PE,,-9.4760741,-40.6416653,cadastro_cnes,ambulatorio-especialidades,,ATENDIMENTOS NOS TURNOS DA MANHA E A TARDE,no,,unknown,,cnes-dados-abertos (atualizado no CNES em 2025-09-03),2026-09-23T18:24:38Z,,pendente,,36 - Clínica / centro de especialidade,incluido,
cnes-4534409,4534409,AFETO PSICOLOGIA,private,no,PRESIDENTE TANCREDO NEVES,400,,VILA MOCO,56306410,Petrolina,PE,,-9.388964865987143,-40.50801841901477,cadastro_cnes,,,ATENDIMENTOS NOS TURNOS DA MANHA E A TARDE,no,,unknown,,cnes-dados-abertos (atualizado no CNES em 2025-09-03),2026-09-23T18:24:38Z,,pendente,,22 - Consultório isolado,excluido,tipo 22 fora do critério de inclusão v1
cnes-4538226,4538226,EMILENA FISIOTERAPIA E PILATES,private,no,MONSENHOR ANGELO SAMPAIO,519,,MARIA AUXILIADORA,56330300,Petrolina,PE,8798196438,-9.389552645500657,-40.489462235582295,cadastro_cnes,ambulatorio-especialidades,,"ATENDIMENTO NOS TURNOS DA MANHA, TARDE E NOITE",no,,unknown,,cnes-dados-abertos (atualizado no CNES em 2025-09-03),2026-09-23T18:24:38Z,,pendente,,36 - Clínica / centro de especialidade,excluido,desabilitado no CNES (motivo 04)
cnes-4545605,4545605,DOUTORA EDYLA PSICOLOGIA,private,no,DAS UMBURANAS,106,,AREIA BRANCA,56330130,Petrolina,PE,,-9.382561414716763,-40.49532445768823,cadastro_cnes,,,ATENDIMENTOS NOS TURNOS DA MANHA E A TARDE,no,,unknown,,cnes-dados-abertos (atualizado no CNES em 2025-09-03),2026-09-23T18:24:38Z,,pendente,,22 - Consultório isolado,excluido,tipo 22 fora do critério de inclusão v1
cnes-4549260,4549260,INSTITUTO MEDIC,private,no,MANOEL CLEMENTINO,1038,,CENTRO,56302170,Petrolina,PE,8781131513,-9.400337407383175,-40.500625653373454,cadastro_cnes,ambulatorio-especialidades,,ATENDIMENTOS NOS TURNOS DA MANHA E A TARDE,no,,unknown,,cnes-dados-abertos (atualizado no CNES em 2025-09-03),2026-09-23T18:24:38Z,,pendente,,4 - Policlínica,incluido,
cnes-4550528,4550528,CLINICA ASTER,private,no,ANTONIO DE SANTANA FILHO,775,,CENTRO,56302300,Petrolina,PE,8788616430,-9.398943394704018,-40.49517319067892,cadastro_cnes,,,ATENDIMENTOS NOS TURNOS DA MANHA E A TARDE,no,,unknown,,cnes-dados-abertos (atualizado no CNES em 2025-09-03),2026-09-23T18:24:38Z,,pendente,,22 - Consultório isolado,excluido,tipo 22 fora do critério de inclusão v1
cnes-4556011,4556011,COGNICAO CLINICA NEUROPSICOLOGICA,private,no,FRANCISCO MODESTO FILHO,75,,CENTRO,56304080,Petrolina,PE,,-9.397105180182242,-40.49719174416286,cadastro_cnes,,,ATENDIMENTOS NOS TURNOS DA MANHA E A TARDE,no,,unknown,,cnes-dados-abertos (atualizado no CNES em 2025-09-03),2026-09-23T18:24:38Z,,pendente,,22 - Consultório isolado,excluido,tipo 22 fora do critério de inclusão v1
cnes-4556097,4556097,RAIA DROGASIL DS1482,private,no,DAS NACOES,68,,GERCINO COELHO,56306260,Petrolina,PE,,-9.390673378507117,-40.50820752175359,cadastro_cnes,,,"ATENDIMENTO NOS TURNOS DA MANHA, TARDE E NOITE",no,,unknown,,cnes-dados-abertos (atualizado no CNES em 2025-09-03),2026-09-23T18:24:38Z,,pendente,,43 - Farmácia,excluido,tipo 43 fora do critério de inclusão v1
cnes-4560914,4560914,ROGERIO ALMEIDA LABORATORIO DE PROTESES DENTARIAS,private,yes,VICENTE LUCIO DOS SANTOS,58,,CENTRO,56304650,Petrolina,PE,8730247208,-9.393399315377982,-40.50542812179712,cadastro_cnes,exames-terapias,,ATENDIMENTOS NOS TURNOS DA MANHA E A TARDE,no,,unknown,,cnes-dados-abertos (atualizado no CNES em 2025-09-03),2026-09-23T18:24:38Z,,pendente,,39 - Unidade de apoio diagnose e terapia (SADT isolado),incluido,
cnes-4592212,4592212,ORTOPAT SERVICOS MEDICOS,private,no,AUGUSTO CARLOS BRANDAO,98,,CENTRO,56304110,Petrolina,PE,,-9.397246595769392,-40.49627576614323,cadastro_cnes,ambulatorio-especialidades,,ATENDIMENTOS NOS TURNOS DA MANHA E A TARDE,no,,unknown,,cnes-dados-abertos (atualizado no CNES em 2026-05-08),2026-09-23T18:24:38Z,,pendente,,36 - Clínica / centro de especialidade,excluido,desabilitado no CNES (motivo 11)
cnes-4595750,4595750,HORA E DIAS,private,no,SAO FRANCISCO,466,,ATRAS DA BANCA,56308060,Petrolina,PE,,-9.377872243657496,-40.49260314112793,cadastro_cnes,ambulatorio-especialidades,,ATENDIMENTOS NOS TURNOS DA MANHA E A TARDE,no,,unknown,,cnes-dados-abertos (atualizado no CNES em 2025-12-09),2026-09-23T18:24:38Z,,pendente,,36 - Clínica / centro de especialidade,incluido,
cnes-4596188,4596188,EN ODONTOLOGIA,private,no,CRISPIM DE AMORIM COELHO,166,,CENTRO,56304220,Petrolina,PE,8788330035,-9.39285443512646,-40.50013359679942,cadastro_cnes,,,ATENDIMENTOS NOS TURNOS DA MANHA E A TARDE,no,,unknown,,cnes-dados-abertos (atualizado no CNES em 2025-09-03),2026-09-23T18:24:38Z,,pendente,,22 - Consultório isolado,excluido,tipo 22 fora do critério de inclusão v1
cnes-4596846,4596846,ALDA LETICIA DE SOUZA ANDRADE,private,no,CRISPIM DE AMORIM COELHO,178,,CENTRO,56304220,Petrolina,PE,8799348586,-9.392806107845932,-40.50035001615457,cadastro_cnes,,,ATENDIMENTOS NOS TURNOS DA MANHA E A TARDE,no,,unknown,,cnes-dados-abertos (atualizado no CNES em 2025-09-03),2026-09-23T18:24:38Z,,pendente,,22 - Consultório isolado,excluido,tipo 22 fora do critério de inclusão v1
cnes-4596935,4596935,SC SARA CARVALHO,private,no,JOSE RABELO PADILHA,800,,CENTRO,56302090,Petrolina,PE,,-9.40100145196181,-40.50339426150872,cadastro_cnes,,,ATENDIMENTOS NOS TURNOS DA MANHA E A TARDE,no,,unknown,,cnes-dados-abertos (atualizado no CNES em 2025-09-03),2026-09-23T18:24:38Z,,pendente,,22 - Consultório isolado,excluido,tipo 22 fora do critério de inclusão v1
cnes-4597036,4597036,JAMERSON OLIVEIRA SILVA,private,no,ANA DAS CARRANCAS,61,,GERCINO COELHO,56316786,Petrolina,PE,,-9.354690365986654,-40.521923277668286,cadastro_cnes,,,ATENDIMENTOS NOS TURNOS DA MANHA E A TARDE,no,,unknown,,cnes-dados-abertos (atualizado no CNES em 2025-09-03),2026-09-23T18:24:38Z,,pendente,,22 - Consultório isolado,excluido,tipo 22 fora do critério de inclusão v1
cnes-4597133,4597133,CONDUZIR NUCLEO DE APLICADOR ABA,private,no,CICERO POMBO,186,,CENTRO,56302380,Petrolina,PE,8791527777,-9.398069561204114,-40.495400170552124,cadastro_cnes,,,ATENDIMENTOS NOS TURNOS DA MANHA E A TARDE,no,,unknown,,cnes-dados-abertos (atualizado no CNES em 2025-09-03),2026-09-23T18:24:38Z,,pendente,,22 - Consultório isolado,excluido,tipo 22 fora do critério de inclusão v1
cnes-4597192,4597192,ELIENE SOUZA SANTOS,private,no,DOS IMIGRANTES,64,,SAO JOSE,56302970,Petrolina,PE,,-9.39596,-40.48829,cadastro_cnes,,,ATENDIMENTOS NOS TURNOS DA MANHA E A TARDE,no,,unknown,,cnes-dados-abertos (atualizado no CNES em 2025-09-03),2026-09-23T18:24:38Z,,pendente,,22 - Consultório isolado,excluido,tipo 22 fora do critério de inclusão v1
cnes-4597265,4597265,FONO CRIATIV,private,no,VALERIO PEREIRA,416,,CENTRO,56304060,Petrolina,PE,,-9.396888899594877,-40.49590722944834,cadastro_cnes,,,ATENDIMENTOS NOS TURNOS DA MANHA E A TARDE,no,,unknown,,cnes-dados-abertos (atualizado no CNES em 2025-09-03),2026-09-23T18:24:38Z,,pendente,,22 - Consultório isolado,excluido,tipo 22 fora do critério de inclusão v1
cnes-4598091,4598091,J CASTRO DE ASSIS LTDA,private,no,ANTONIO PETRONILO R 12,85,,COHAB MASSANGANO,56310110,Petrolina,PE,8788256561,-9.383498168406698,-40.53271820000025,cadastro_cnes,,,ATENDIMENTOS NOS TURNOS DA MANHA E A TARDE,no,,unknown,,cnes-dados-abertos (atualizado no CNES em 2025-09-03),2026-09-23T18:24:38Z,,pendente,,22 - Consultório isolado,excluido,tipo 22 fora do critério de inclusão v1
cnes-4613252,4613252,7 SENTIDOS DESENVOLVIMENTO TERAPEUTICO INFANTIL,private,no,DAS NACOES,112,,CENTRO,56304360,Petrolina,PE,,-9.389355702392189,-40.5083619,cadastro_cnes,ambulatorio-especialidades,,"ATENDIMENTO NOS TURNOS DA MANHA, TARDE E NOITE",no,,unknown,,cnes-dados-abertos (atualizado no CNES em 2025-09-03),2026-09-23T18:24:38Z,,pendente,,36 - Clínica / centro de especialidade,incluido,
cnes-4620968,4620968,DR BRUNO MEDRADO,private,no,XISTO GRACILIANO,71,,VILA MOCO,56306460,Petrolina,PE,8799116480,-9.388216676256516,-40.504624273392736,cadastro_cnes,ambulatorio-especialidades,,"ATENDIMENTO NOS TURNOS DA MANHA, TARDE E NOITE",no,,unknown,,cnes-dados-abertos (atualizado no CNES em 2026-03-31),2026-09-23T18:24:38Z,,pendente,,36 - Clínica / centro de especialidade,incluido,
cnes-4636023,4636023,CONSULTORIO DE FISIOTERAPIA NEUROFUNCIONAL DRA MORGANA NOV,private,no,AV CARDOSO DE SA,1000,,CIDADE UNIVERSITARIA,56302110,Petrolina,PE,,-9.396975073089552,-40.481216962069844,cadastro_cnes,,,ATENDIMENTOS NOS TURNOS DA MANHA E A TARDE,no,,unknown,,cnes-dados-abertos (atualizado no CNES em 2025-09-03),2026-09-23T18:24:38Z,,pendente,,22 - Consultório isolado,excluido,tipo 22 fora do critério de inclusão v1
cnes-4637542,4637542,FONO LIDIA SOARES,private,no,DOS EMIGRANTES,226,,VILA EDUARDO,56328057,Petrolina,PE,,-9.383115765395997,-40.486496937468615,cadastro_cnes,,,ATENDIMENTOS NOS TURNOS DA MANHA E A TARDE,no,,unknown,,cnes-dados-abertos (atualizado no CNES em 2025-09-03),2026-09-23T18:24:38Z,,pendente,,22 - Consultório isolado,excluido,tipo 22 fora do critério de inclusão v1
cnes-4650131,4650131,ESPECIAL MED CLINICA INTEGRADA,private,no,PERNAMBUCO,200,,VILA MOCO,56306425,Petrolina,PE,,-9.388001583864167,-40.507121670553204,cadastro_cnes,ambulatorio-especialidades,,ATENDIMENTOS NOS TURNOS DA MANHA E A TARDE,no,,unknown,,cnes-dados-abertos (atualizado no CNES em 2025-09-03),2026-09-23T18:24:38Z,,pendente,,36 - Clínica / centro de especialidade,incluido,
cnes-4651340,4651340,HGJ CLINICA CIRURGICA,private,no,CARDOSO DE SA,312,,SAO JOSE,56328020,Petrolina,PE,8799472907,-9.401156629375556,-40.48840357343725,cadastro_cnes,ambulatorio-especialidades,,ATENDIMENTO SOMENTE PELA MANHA,no,,unknown,,cnes-dados-abertos (atualizado no CNES em 2025-09-03),2026-09-23T18:24:38Z,,pendente,,36 - Clínica / centro de especialidade,incluido,
cnes-4658590,4658590,CONSULTORIO EDINEIA SOBRINHO,private,no,AV DA INTEGRACAO,8,,SAO JOSE,56302450,Petrolina,PE,8799876851,-9.400137799752978,-40.49299908221056,cadastro_cnes,,,ATENDIMENTO SOMENTE A TARDE,no,,unknown,,cnes-dados-abertos (atualizado no CNES em 2025-09-03),2026-09-23T18:24:38Z,,pendente,,22 - Consultório isolado,excluido,tipo 22 fora do critério de inclusão v1
cnes-4667328,4667328,CICATRICLIN TRATAMENTO AVANCADO DE FERIDAS,private,no,CABO EVERALDO ALVES DE OLIVEIRA,215,,SAO JOSE,56302770,Petrolina,PE,8799208887,-9.399435955036546,-40.49585346996985,cadastro_cnes,ambulatorio-especialidades,,ATENDIMENTOS NOS TURNOS DA MANHA E A TARDE,no,,unknown,,cnes-dados-abertos (atualizado no CNES em 2025-09-03),2026-09-23T18:24:38Z,,pendente,,36 - Clínica / centro de especialidade,incluido,
cnes-4667352,4667352,REUMATICLIN CLINICA MEDICA,private,no,CABO EVERALDO ALVES DE OLIVEIRA,215,,SAO JOSE,56302770,Petrolina,PE,8799208887,-9.395261796630328,-40.48142419786162,cadastro_cnes,,,ATENDIMENTOS NOS TURNOS DA MANHA E A TARDE,no,,unknown,,cnes-dados-abertos (atualizado no CNES em 2025-09-03),2026-09-23T18:24:38Z,,pendente,,22 - Consultório isolado,excluido,tipo 22 fora do critério de inclusão v1
cnes-4669487,4669487,DESENVOLVER INSTITUTO DE TERAPIA MULTIDISCIPLINAR,private,no,JITIRANA,75,,AREIA BRANCA,56330025,Petrolina,PE,8799208887,-9.379742867100182,-40.493545920620505,cadastro_cnes,,,ATENDIMENTOS NOS TURNOS DA MANHA E A TARDE,no,,unknown,,cnes-dados-abertos (atualizado no CNES em 2025-09-03),2026-09-23T18:24:38Z,,pendente,,22 - Consultório isolado,excluido,tipo 22 fora do critério de inclusão v1
cnes-4678001,4678001,PNEUMOLOGISTA PEDIATRICA DRA CAROL,private,no,DA INTEGRACAO AYRTON SENNA,685,,SAO JOSE,56302450,Petrolina,PE,,-9.386556869824695,-40.4958777226751,cadastro_cnes,,,"ATENDIMENTO NOS TURNOS DA MANHA, TARDE E NOITE",no,,unknown,,cnes-dados-abertos (atualizado no CNES em 2025-09-03),2026-09-23T18:24:38Z,,pendente,,22 - Consultório isolado,excluido,tipo 22 fora do critério de inclusão v1
cnes-4678753,4678753,EVOLUIR FISIOPILATES,private,no,CORONEL ANTONIO HONORATO VIANA,601,,PALHINHAS,56308000,Petrolina,PE,8799801763,-9.39253919001218,-40.5151885711644,cadastro_cnes,ambulatorio-especialidades,,"ATENDIMENTO NOS TURNOS DA MANHA, TARDE E NOITE",no,,unknown,,cnes-dados-abertos (atualizado no CNES em 2025-09-03),2026-09-23T18:24:38Z,,pendente,,36 - Clínica / centro de especialidade,incluido,
cnes-4688244,4688244,CLINICA METAMORFOSE,private,no,VIRGILIO HAROLDO DE ARAUJO,39,,JATOBA,56332324,Petrolina,PE,8781387039,-9.385915666755167,-40.47178290457484,cadastro_cnes,ambulatorio-especialidades,,ATENDIMENTOS NOS TURNOS DA MANHA E A TARDE,no,,unknown,,cnes-dados-abertos (atualizado no CNES em 2025-09-03),2026-09-23T18:24:38Z,,pendente,,36 - Clínica / centro de especialidade,incluido,
cnes-4691253,4691253,DR ICARO RAMALHO,private,no,JOAQUIM NABUCO,541,,CENTRO,56304040,Petrolina,PE,8781790907,-9.396882733021776,-40.49990708650984,cadastro_cnes,,,ATENDIMENTOS NOS TURNOS DA MANHA E A TARDE,no,,unknown,,cnes-dados-abertos (atualizado no CNES em 2025-09-03),2026-09-23T18:24:38Z,,pendente,,22 - Consultório isolado,excluido,tipo 22 fora do critério de inclusão v1
cnes-4693558,4693558,PROJETO FONTE DE ESPERANCA,private,no,DA ROSA,140,,CAMINHO DO SOL,56330523,Petrolina,PE,,-9.37816,-40.49739,cadastro_cnes,ambulatorio-especialidades,,ATENDIMENTOS NOS TURNOS DA MANHA E A TARDE,no,,unknown,,cnes-dados-abertos (atualizado no CNES em 2026-07-14),2026-09-23T18:24:38Z,,pendente,,36 - Clínica / centro de especialidade,excluido,desabilitado no CNES (motivo 08)
cnes-4704037,4704037,VIVANCE SAUDE INTEGRADA LTDA,private,no,MANOEL CLEMENTINO,1185,,CENTRO,56302170,Petrolina,PE,8788499077,-9.400453876675762,-40.499459623313314,cadastro_cnes,,,"ATENDIMENTO NOS TURNOS DA MANHA, TARDE E NOITE",no,,unknown,,cnes-dados-abertos (atualizado no CNES em 2025-09-03),2026-09-23T18:24:38Z,,pendente,,22 - Consultório isolado,excluido,tipo 22 fora do critério de inclusão v1
cnes-4712021,4712021,ALIMAKCBMODONTOLOGIA,private,no,JOAQUIM NABUCO,541,,CENTRO,56304040,Petrolina,PE,8791922323,-9.39694210389434,-40.4998764951971,cadastro_cnes,,,ATENDIMENTOS NOS TURNOS DA MANHA E A TARDE,no,,unknown,,cnes-dados-abertos (atualizado no CNES em 2025-09-03),2026-09-23T18:24:38Z,,pendente,,22 - Consultório isolado,excluido,tipo 22 fora do critério de inclusão v1
cnes-4722248,4722248,CLINICA DE CIRURGIA E SERVICOS MEDICOS HERMES WILLER,private,no,FRANCISCO ALVES CORREIA,119,,SAO JOSE,56302515,Petrolina,PE,8730247885,-9.401287498514492,-40.491848271165615,cadastro_cnes,,,ATENDIMENTO SOMENTE PELA MANHA,no,,unknown,,cnes-dados-abertos (atualizado no CNES em 2025-09-03),2026-09-23T18:24:38Z,,pendente,,22 - Consultório isolado,excluido,tipo 22 fora do critério de inclusão v1
cnes-4725077,4725077,MAIS AFETO,private,no,JOSEMAR BATISTA DA SILVA,57,,VILA MOCO,56304620,Petrolina,PE,8799029426,-9.389290152935997,-40.502216889935625,cadastro_cnes,ambulatorio-especialidades,,"ATENDIMENTO NOS TURNOS DA MANHA, TARDE E NOITE",no,,unknown,,cnes-dados-abertos (atualizado no CNES em 2026-03-23),2026-09-23T18:24:38Z,,pendente,,36 - Clínica / centro de especialidade,incluido,
cnes-4725964,4725964,ESPACO SER PRESENTE,private,no,TAMANDARE,282,,MARIA AUXILIADORA,56330400,Petrolina,PE,8796200953,-9.389570918029,-40.49189705661027,cadastro_cnes,ambulatorio-especialidades,,ATENDIMENTOS NOS TURNOS DA MANHA E A TARDE,no,,unknown,,cnes-dados-abertos (atualizado no CNES em 2025-09-03),2026-09-23T18:24:38Z,,pendente,,36 - Clínica / centro de especialidade,incluido,
cnes-4727444,4727444,BRINCARE CLINICA PEDIATRICA,private,no,DOUTOR JOSE MARIANO,1174,,CENTRO,56302190,Petrolina,PE,8791780486,-9.401006155067405,-40.499460942328,cadastro_cnes,ambulatorio-especialidades,,ATENDIMENTOS NOS TURNOS DA MANHA E A TARDE,no,,unknown,,cnes-dados-abertos (atualizado no CNES em 2025-09-03),2026-09-23T18:24:38Z,,pendente,,36 - Clínica / centro de especialidade,incluido,
cnes-4729374,4729374,GILMAR DE SOUSA SILVA JUNIOR,private,no,ANA TELMA ALVES DE SOUZA,131,,VILA MOCO,56306347,Petrolina,PE,8788465020,-9.384185453168596,-40.503483529448154,cadastro_cnes,,,ATENDIMENTOS NOS TURNOS DA MANHA E A TARDE,no,,unknown,,cnes-dados-abertos (atualizado no CNES em 2025-09-03),2026-09-23T18:24:38Z,,pendente,,22 - Consultório isolado,excluido,tipo 22 fora do critério de inclusão v1
cnes-4730879,4730879,CHRISTIANE WANESKA DE ALBUQUERQUE NASCIMENTO,private,no,AV PERNAMBUCO,270,,VILA MOCO,56302340,Petrolina,PE,87988523941,-9.387934687950937,-40.50649117651785,cadastro_cnes,,,ATENDIMENTO SOMENTE PELA MANHA,no,,unknown,,cnes-dados-abertos (atualizado no CNES em 2025-09-03),2026-09-23T18:24:38Z,,pendente,,22 - Consultório isolado,excluido,tipo 22 fora do critério de inclusão v1
cnes-4737288,4737288,HOSPITAL MUNICIPAL DE PETROLINA,public,yes,AV JOSE DE SA MANICOBA,413,,CENTRO,56304205,Petrolina,PE,,-9.392199224684134,-40.49535956212486,cadastro_cnes,hospital;internacao;centro-cirurgico,,ATENDIMENTOS NOS TURNOS DA MANHA E A TARDE,no,,unknown,,cnes-dados-abertos (atualizado no CNES em 2025-09-03),2026-09-23T18:24:38Z,,pendente,,5 - Hospital geral,incluido,
cnes-4757912,4757912,INSTITUTO SUPPORT,private,no,CASTRO ALVES,481,,CENTRO,56304340,Petrolina,PE,8781238550,-9.393554414761386,-40.50477495929972,cadastro_cnes,ambulatorio-especialidades,,ATENDIMENTOS NOS TURNOS DA MANHA E A TARDE,no,,unknown,,cnes-dados-abertos (atualizado no CNES em 2025-09-03),2026-09-23T18:24:38Z,,pendente,,36 - Clínica / centro de especialidade,incluido,
cnes-4758897,4758897,L L MOURA SERVICOS MEDICOS,private,no,TOBIAS BARRETO,189,,CENTRO,56304210,Petrolina,PE,,-9.393700097741766,-40.50106361779107,cadastro_cnes,ambulatorio-especialidades,,ATENDIMENTOS NOS TURNOS DA MANHA E A TARDE,no,,unknown,,cnes-dados-abertos (atualizado no CNES em 2025-09-03),2026-09-23T18:24:38Z,,pendente,,36 - Clínica / centro de especialidade,incluido,
cnes-4764749,4764749,LUNIS RADIOLOGIA,private,no,FERNANDO MENEZES DE GOES,820,,CENTRO,56304020,Petrolina,PE,8799800853,-9.39561332464982,-40.4963939554888,cadastro_cnes,,,"ATENDIMENTO NOS TURNOS DA MANHA, TARDE E NOITE",no,,unknown,,cnes-dados-abertos (atualizado no CNES em 2025-09-03),2026-09-23T18:24:38Z,,pendente,,22 - Consultório isolado,excluido,tipo 22 fora do critério de inclusão v1
cnes-4766520,4766520,SER TAO SERENA SAUDE INTEGRADA,private,no,DA INTEGRACAO AYRTON SENNA,160,,SAO JOSE,56302450,Petrolina,PE,8791047861,-9.38841458227841,-40.49072165717551,cadastro_cnes,ambulatorio-especialidades,,"ATENDIMENTO NOS TURNOS DA MANHA, TARDE E NOITE",no,,unknown,,cnes-dados-abertos (atualizado no CNES em 2025-09-03),2026-09-23T18:24:38Z,,pendente,,36 - Clínica / centro de especialidade,incluido,
cnes-4767268,4767268,CLINIC ABA ESPACO TERAPEUTICO,private,no,INGLATERRA,49,,AREIA BRANCA,56328320,Petrolina,PE,8788637587,-9.384956284652398,-40.492548871164,cadastro_cnes,ambulatorio-especialidades,,ATENDIMENTOS NOS TURNOS DA MANHA E A TARDE,no,,unknown,,cnes-dados-abertos (atualizado no CNES em 2025-09-03),2026-09-23T18:24:38Z,,pendente,,36 - Clínica / centro de especialidade,incluido,
cnes-4771818,4771818,THAIANNE MORAIS FONOAUDIOLOGA,private,no,CONDE DEU,460,,GERCINO COELHO,56306060,Petrolina,PE,,-9.390741306761566,-40.5117071233136,cadastro_cnes,ambulatorio-especialidades,,ATENDIMENTOS NOS TURNOS DA MANHA E A TARDE,no,,unknown,,cnes-dados-abertos (atualizado no CNES em 2025-09-03),2026-09-23T18:24:38Z,,pendente,,36 - Clínica / centro de especialidade,incluido,
cnes-4774035,4774035,LUANDA PASSOS FISIOTERAPIA EM ORTOPEDIA E ESPORTIVA,private,no,DA INTEGRACAO AYRTON SENNA,561,,SAO JOSE,56328010,Petrolina,PE,8781309853,-9.392124678066056,-40.48548827869426,cadastro_cnes,ambulatorio-especialidades,,"ATENDIMENTO NOS TURNOS DA MANHA, TARDE E NOITE",no,,unknown,,cnes-dados-abertos (atualizado no CNES em 2025-09-03),2026-09-23T18:24:38Z,,pendente,,36 - Clínica / centro de especialidade,incluido,
cnes-4776054,4776054,FLORESCER SAUDE INTEGRADA,private,no,CARDOSO DE SA,1000,,CIDADE UNIVERSITARIA,56328020,Petrolina,PE,,-9.396988031974676,-40.4812674916277,cadastro_cnes,ambulatorio-especialidades,,ATENDIMENTOS NOS TURNOS DA MANHA E A TARDE,no,,unknown,,cnes-dados-abertos (atualizado no CNES em 2025-09-03),2026-09-23T18:24:38Z,,pendente,,36 - Clínica / centro de especialidade,incluido,
cnes-4776216,4776216,CARDIOLOGIA DR ANDRE NAHU,private,no,CRISPIM DE AMORIM COELHO,308,,CENTRO,56304220,Petrolina,PE,8791146164,-9.392452070499465,-40.50140631215318,cadastro_cnes,ambulatorio-especialidades,,ATENDIMENTOS NOS TURNOS DA MANHA E A TARDE,no,,unknown,,cnes-dados-abertos (atualizado no CNES em 2025-09-03),2026-09-23T18:24:38Z,,pendente,,36 - Clínica / centro de especialidade,incluido,
cnes-4793129,4793129,ISABELLA RAMOS COSTA TOME,private,no,FRANCISCO MODESTO FILHO,75,,CENTRO,56304080,Petrolina,PE,8788157007,-9.397098137063983,-40.49734292883588,cadastro_cnes,ambulatorio-especialidades,,ATENDIMENTOS NOS TURNOS DA MANHA E A TARDE,no,,unknown,,cnes-dados-abertos (atualizado no CNES em 2025-09-03),2026-09-23T18:24:38Z,,pendente,,36 - Clínica / centro de especialidade,incluido,
cnes-4795024,4795024,FACETA ODONTOLOGIA E ESTETICA,private,no,CARDOSO DE SA,860,,CIDADE UNIVERSITARIA,56328020,Petrolina,PE,,-9.399540566885744,-40.48256723505676,cadastro_cnes,,,ATENDIMENTOS NOS TURNOS DA MANHA E A TARDE,no,,unknown,,cnes-dados-abertos (atualizado no CNES em 2025-09-03),2026-09-23T18:24:38Z,,pendente,,22 - Consultório isolado,excluido,tipo 22 fora do critério de inclusão v1
cnes-4803620,4803620,SINGULAR ESPACO TERAPEUTICO,private,no,CABROBO L,801,,VILA EDUARDO,56328183,Petrolina,PE,8796231006,-9.385856948855007,-40.483042787148165,cadastro_cnes,ambulatorio-especialidades,,"ATENDIMENTO NOS TURNOS DA MANHA, TARDE E NOITE",no,,unknown,,cnes-dados-abertos (atualizado no CNES em 2025-09-03),2026-09-23T18:24:38Z,,pendente,,36 - Clínica / centro de especialidade,incluido,
cnes-4806336,4806336,DOUTOR HERNIA PETROLINA,private,no,GUARARAPES,2218,,CENTRO,56302000,Petrolina,PE,8781185421,-9.399844359677168,-40.49896692799058,cadastro_cnes,ambulatorio-especialidades,,ATENDIMENTOS NOS TURNOS DA MANHA E A TARDE,no,,unknown,,cnes-dados-abertos (atualizado no CNES em 2025-09-03),2026-09-23T18:24:38Z,,pendente,,36 - Clínica / centro de especialidade,incluido,
cnes-4806395,4806395,TIO PAULINHO PEDIATRA LTDA,private,no,DOUTOR JOSE MARIANO,1174,,CENTRO,56302190,Petrolina,PE,8788038541,-9.401578131174784,-40.49940672968654,cadastro_cnes,ambulatorio-especialidades,,ATENDIMENTOS NOS TURNOS DA MANHA E A TARDE,no,,unknown,,cnes-dados-abertos (atualizado no CNES em 2025-09-03),2026-09-23T18:24:38Z,,pendente,,36 - Clínica / centro de especialidade,incluido,
cnes-4806603,4806603,F F OFTALMOLOGIA LTDA,private,no,SANTA CECILIA,20,,CENTRO,56304470,Petrolina,PE,8788788555,-9.391003326595396,-40.503656793192235,cadastro_cnes,ambulatorio-especialidades,,ATENDIMENTOS NOS TURNOS DA MANHA E A TARDE,no,,unknown,,cnes-dados-abertos (atualizado no CNES em 2025-09-03),2026-09-23T18:24:38Z,,pendente,,36 - Clínica / centro de especialidade,incluido,
cnes-4806727,4806727,RECONECTAR REABILITACAO NEUROLOGICA,private,no,CARDOSO DE SA,1000,,CIDADE UNIVERSITARIA,56328020,Petrolina,PE,8788143805,-9.402879688194286,-40.4935812869429,cadastro_cnes,ambulatorio-especialidades,,ATENDIMENTOS NOS TURNOS DA MANHA E A TARDE,no,,unknown,,cnes-dados-abertos (atualizado no CNES em 2025-09-03),2026-09-23T18:24:38Z,,pendente,,36 - Clínica / centro de especialidade,incluido,
cnes-4814401,4814401,ORTOLIFE,private,no,SOUZA FILHO,728,,CENTRO,56304000,Petrolina,PE,8791529389,-9.394852779041223,-40.5017017382083,cadastro_cnes,,,ATENDIMENTOS NOS TURNOS DA MANHA E A TARDE,no,,unknown,,cnes-dados-abertos (atualizado no CNES em 2025-09-03),2026-09-23T18:24:38Z,,pendente,,22 - Consultório isolado,excluido,tipo 22 fora do critério de inclusão v1
cnes-4814487,4814487,ORNAE ODONTOLOGIA,private,no,JOAQUIM NABUCO,541,,CENTRO,56304040,Petrolina,PE,,-9.39613854749741,-40.49959485435508,cadastro_cnes,,,ATENDIMENTOS NOS TURNOS DA MANHA E A TARDE,no,,unknown,,cnes-dados-abertos (atualizado no CNES em 2025-09-03),2026-09-23T18:24:38Z,,pendente,,22 - Consultório isolado,excluido,tipo 22 fora do critério de inclusão v1
cnes-4815823,4815823,CLINICA TALITA SIQUEIRA,private,no,PROFESSORA SIMIDOCEA DA SILVA VL DOS INGAS I,333,,SAO JOSE,56302740,Petrolina,PE,8799969994,-9.400595999121458,-40.48703864662811,cadastro_cnes,,,ATENDIMENTOS NOS TURNOS DA MANHA E A TARDE,no,,unknown,,cnes-dados-abertos (atualizado no CNES em 2025-09-03),2026-09-23T18:24:38Z,,pendente,,22 - Consultório isolado,excluido,tipo 22 fora do critério de inclusão v1
cnes-4824199,4824199,DRA ANNE CAROLINE PEDIATRIA,private,no,DOUTOR JOSE MARIANO,1174,,CENTRO,56302190,Petrolina,PE,,-9.401593346006909,-40.4994061233135,cadastro_cnes,ambulatorio-especialidades,,ATENDIMENTOS NOS TURNOS DA MANHA E A TARDE,no,,unknown,,cnes-dados-abertos (atualizado no CNES em 2025-09-03),2026-09-23T18:24:38Z,,pendente,,36 - Clínica / centro de especialidade,incluido,
cnes-4825071,4825071,C L FONSECA COSTA,private,no,DOUTOR JOSE MARIANO,1174,,CENTRO,56302190,Petrolina,PE,8796215915,-9.401562914929409,-40.4994021,cadastro_cnes,ambulatorio-especialidades,,ATENDIMENTOS NOS TURNOS DA MANHA E A TARDE,no,,unknown,,cnes-dados-abertos (atualizado no CNES em 2025-09-03),2026-09-23T18:24:38Z,,pendente,,36 - Clínica / centro de especialidade,incluido,
cnes-4826191,4826191,ALLMEDICAL ATENDIMENTOS MEDICOS,private,no,JOAO ALFREDO,2017,,CENTRO,56302080,Petrolina,PE,8799661924,-9.400527352469119,-40.50088859999979,cadastro_cnes,,,ATENDIMENTOS NOS TURNOS DA MANHA E A TARDE,no,,unknown,,cnes-dados-abertos (atualizado no CNES em 2025-09-03),2026-09-23T18:24:38Z,,pendente,,22 - Consultório isolado,excluido,tipo 22 fora do critério de inclusão v1
cnes-4826884,4826884,DR IGOR DAMASCENO CLINICA ODONTOLOGICA ESPECIALIZADA,private,no,DOUTOR JOSE MARIA,62,,CENTRO,56304050,Petrolina,PE,8799208887,-9.396470482146352,-40.498897373911646,cadastro_cnes,,,ATENDIMENTOS NOS TURNOS DA MANHA E A TARDE,no,,unknown,,cnes-dados-abertos (atualizado no CNES em 2025-09-03),2026-09-23T18:24:38Z,,pendente,,22 - Consultório isolado,excluido,tipo 22 fora do critério de inclusão v1
cnes-4830954,4830954,ORTHODONTIC,private,no,DO CAJUEIRO,125,,CENTRO,56304420,Petrolina,PE,8781548713,-9.393080968639955,-40.504781854347826,cadastro_cnes,,,ATENDIMENTOS NOS TURNOS DA MANHA E A TARDE,no,,unknown,,cnes-dados-abertos (atualizado no CNES em 2025-09-03),2026-09-23T18:24:38Z,,pendente,,22 - Consultório isolado,excluido,tipo 22 fora do critério de inclusão v1
cnes-4832469,4832469,HELYDA HYGLA MONTEIRO LOBO,private,no,LUCYANNO PATRIOTA,200,,VILA MOCO,56306405,Petrolina,PE,,-9.384601395689069,-40.50353659463684,cadastro_cnes,,,ATENDIMENTOS NOS TURNOS DA MANHA E A TARDE,no,,unknown,,cnes-dados-abertos (atualizado no CNES em 2025-09-03),2026-09-23T18:24:38Z,,pendente,,22 - Consultório isolado,excluido,tipo 22 fora do critério de inclusão v1
cnes-4837304,4837304,INSTITUTO SAMMELO ODONTOLOGIA,private,no,VILA SAO FRANCISCO,520,,CENTRO,56302280,Petrolina,PE,,-9.39878948263627,-40.492954517790366,cadastro_cnes,,,ATENDIMENTOS NOS TURNOS DA MANHA E A TARDE,no,,unknown,,cnes-dados-abertos (atualizado no CNES em 2025-09-03),2026-09-23T18:24:38Z,,pendente,,22 - Consultório isolado,excluido,tipo 22 fora do critério de inclusão v1
cnes-4837576,4837576,ORTOMAO,private,no,CABROBO,42,,VILA EDUARDO,56328180,Petrolina,PE,,-9.389440381991271,-40.48837863988398,cadastro_cnes,ambulatorio-especialidades,,ATENDIMENTOS NOS TURNOS DA MANHA E A TARDE,no,,unknown,,cnes-dados-abertos (atualizado no CNES em 2025-09-03),2026-09-23T18:24:38Z,,pendente,,36 - Clínica / centro de especialidade,incluido,
cnes-4837592,4837592,VALE MAIS SORRISOS,private,no,SOUZA JUNIOR,313,,CENTRO,56302360,Petrolina,PE,,-9.39860327466625,-40.503995355821026,cadastro_cnes,,,ATENDIMENTOS NOS TURNOS DA MANHA E A TARDE,no,,unknown,,cnes-dados-abertos (atualizado no CNES em 2025-09-03),2026-09-23T18:24:38Z,,pendente,,22 - Consultório isolado,excluido,tipo 22 fora do critério de inclusão v1
cnes-4841719,4841719,INSTITUTO PERTENSER,private,no,VILA SAO FRANCISCO,451,,CENTRO,56302280,Petrolina,PE,8788558506,-9.398616413609139,-40.4936373093124,cadastro_cnes,ambulatorio-especialidades,,ATENDIMENTOS NOS TURNOS DA MANHA E A TARDE,no,,unknown,,cnes-dados-abertos (atualizado no CNES em 2025-09-03),2026-09-23T18:24:38Z,,pendente,,36 - Clínica / centro de especialidade,incluido,
cnes-4843738,4843738,INSTITUTO CARVALHO,private,no,CONSTELACAO DE ORION,45,,LOTEAMENTO VILA DAS,56328235,Petrolina,PE,,-9.396022790230358,-40.4845950748876,cadastro_cnes,ambulatorio-especialidades,,ATENDIMENTOS NOS TURNOS DA MANHA E A TARDE,no,,unknown,,cnes-dados-abertos (atualizado no CNES em 2025-09-03),2026-09-23T18:24:38Z,,pendente,,36 - Clínica / centro de especialidade,incluido,
cnes-4844572,4844572,OWLMIND SAUDE E EDUCACAO,private,no,ARARIPINA,136,,CENTRO,56302250,Petrolina,PE,8791833931,-9.402854834965208,-40.49460232257843,cadastro_cnes,ambulatorio-especialidades,,"ATENDIMENTO NOS TURNOS DA MANHA, TARDE E NOITE",no,,unknown,,cnes-dados-abertos (atualizado no CNES em 2025-09-03),2026-09-23T18:24:38Z,,pendente,,36 - Clínica / centro de especialidade,incluido,
cnes-4847873,4847873,JAMARA CARNEIRO DE CARVALHO,private,no,CHICO MENDES,11,,SAO JOSE,56328660,Petrolina,PE,,-9.392353142566867,-40.486282106151116,cadastro_cnes,,,ATENDIMENTOS NOS TURNOS DA MANHA E A TARDE,no,,unknown,,cnes-dados-abertos (atualizado no CNES em 2025-09-03),2026-09-23T18:24:38Z,,pendente,,22 - Consultório isolado,excluido,tipo 22 fora do critério de inclusão v1
cnes-4849388,4849388,EPICORDIS SERVICOS MEDICOS,private,no,MONSENHOR ANGELO SAMPAIO,100,,CENTRO,56304160,Petrolina,PE,8788377546,-9.38800828513744,-40.488853253373144,cadastro_cnes,,,ATENDIMENTOS NOS TURNOS DA MANHA E A TARDE,no,,unknown,,cnes-dados-abertos (atualizado no CNES em 2025-09-03),2026-09-23T18:24:38Z,,pendente,,22 - Consultório isolado,excluido,tipo 22 fora do critério de inclusão v1
cnes-4858956,4858956,DROGARIA SAO PAULO,private,no,DA INTEGRACAO,562,,VILA EDUARDO,56328010,Petrolina,PE,8730248833,-9.3859421,-40.497015,cadastro_cnes,,,"ATENDIMENTO NOS TURNOS DA MANHA, TARDE E NOITE",no,,unknown,,cnes-dados-abertos (atualizado no CNES em 2026-09-19),2026-09-23T18:24:38Z,,pendente,,43 - Farmácia,excluido,tipo 43 fora do critério de inclusão v1
cnes-4863623,4863623,HORMO VIDA,private,no,CANDIDO MIRANDA,200,,SAO JOSE,56302770,Petrolina,PE,8738627509,-9.400375890083387,-40.48851331534653,cadastro_cnes,,,ATENDIMENTOS NOS TURNOS DA MANHA E A TARDE,no,,unknown,,cnes-dados-abertos (atualizado no CNES em 2025-09-03),2026-09-23T18:24:38Z,,pendente,,22 - Consultório isolado,excluido,tipo 22 fora do critério de inclusão v1
cnes-4863666,4863666,CENTRO CLINICO PETROLINA,private,no,AMAZONAS,31,,JOSE E MARIA,56320045,Petrolina,PE,,-9.36643692610229,-40.49616590858161,cadastro_cnes,ambulatorio-especialidades,,ATENDIMENTOS NOS TURNOS DA MANHA E A TARDE,no,,unknown,,cnes-dados-abertos (atualizado no CNES em 2025-09-03),2026-09-23T18:24:38Z,,pendente,,36 - Clínica / centro de especialidade,incluido,
cnes-4866924,4866924,MAXFIX IMPLANTES,private,no,SAO FRANCISCO,220,,AREIA BRANCA,56330095,Petrolina,PE,8781177053,-9.378477576820497,-40.49284619447729,cadastro_cnes,,,ATENDIMENTOS NOS TURNOS DA MANHA E A TARDE,no,,unknown,,cnes-dados-abertos (atualizado no CNES em 2026-01-20),2026-09-23T18:24:38Z,,pendente,,22 - Consultório isolado,excluido,tipo 22 fora do critério de inclusão v1
cnes-4871308,4871308,MUSICUIDAR,private,no,PRESIDENTE TANCREDO NEVES,17,,VILA MOCO,56306410,Petrolina,PE,8781261999,-9.389041215997246,-40.505467101226486,cadastro_cnes,,,ATENDIMENTOS NOS TURNOS DA MANHA E A TARDE,no,,unknown,,cnes-dados-abertos (atualizado no CNES em 2026-04-29),2026-09-23T18:24:38Z,,pendente,,22 - Consultório isolado,excluido,desabilitado no CNES (motivo 04)
cnes-4872207,4872207,DR LEANDRO RIBEIRO ODONTOLOGIA ESPECIALIZADA,private,no,CRISPIM DE AMORIM COELHO,166,,CENTRO,56304220,Petrolina,PE,8788029806,-9.392838968764083,-40.500252600000245,cadastro_cnes,,,ATENDIMENTOS NOS TURNOS DA MANHA E A TARDE,no,,unknown,,cnes-dados-abertos (atualizado no CNES em 2025-09-03),2026-09-23T18:24:38Z,,pendente,,22 - Consultório isolado,excluido,tipo 22 fora do critério de inclusão v1
cnes-4874382,4874382,INSTITUTO FERNANDES,private,no,DA INTEGRACAO AYRTON SENNA,140,,SAO JOSE,56302450,Petrolina,PE,8781554555,-9.391761975376651,-40.48661632884354,cadastro_cnes,ambulatorio-especialidades,,ATENDIMENTOS NOS TURNOS DA MANHA E A TARDE,no,,unknown,,cnes-dados-abertos (atualizado no CNES em 2025-09-03),2026-09-23T18:24:38Z,,pendente,,36 - Clínica / centro de especialidade,incluido,
cnes-4882202,4882202,TEAMAMOS,private,no,ANTONIO DE SANTANA FILHO,540,,CENTRO,56302300,Petrolina,PE,,-9.398993568997913,-40.497255964417064,cadastro_cnes,,,ATENDIMENTOS NOS TURNOS DA MANHA E A TARDE,no,,unknown,,cnes-dados-abertos (atualizado no CNES em 2025-09-03),2026-09-23T18:24:38Z,,pendente,,22 - Consultório isolado,excluido,tipo 22 fora do critério de inclusão v1
cnes-4887883,4887883,HARMONY CIRURGIA BUCOMAXILOFACIAL,private,no,CARDOSO DE SA,860,,CIDADE UNIVERSITARIA,56328020,Petrolina,PE,,-9.399670032611048,-40.48249542146105,cadastro_cnes,ambulatorio-especialidades,,ATENDIMENTOS NOS TURNOS DA MANHA E A TARDE,no,,unknown,,cnes-dados-abertos (atualizado no CNES em 2025-09-03),2026-09-23T18:24:38Z,,pendente,,36 - Clínica / centro de especialidade,excluido,desabilitado no CNES (motivo 10)
cnes-4888200,4888200,MELO MOURA,private,no,DA SIMPATIA,65,,CENTRO,56304440,Petrolina,PE,,-9.391581922461521,-40.50603032207581,cadastro_cnes,,,ATENDIMENTOS NOS TURNOS DA MANHA E A TARDE,no,,unknown,,cnes-dados-abertos (atualizado no CNES em 2025-09-03),2026-09-23T18:24:38Z,,pendente,,22 - Consultório isolado,excluido,tipo 22 fora do critério de inclusão v1
cnes-4890558,4890558,LETICIA RAFAELA,private,no,DOUTOR NESTOR CAVALCANTE,112,,CENTRO,56304400,Petrolina,PE,8799199804,-9.390293892534062,-40.50624546072021,cadastro_cnes,,,ATENDIMENTOS NOS TURNOS DA MANHA E A TARDE,no,,unknown,,cnes-dados-abertos (atualizado no CNES em 2025-09-03),2026-09-23T18:24:38Z,,pendente,,22 - Consultório isolado,excluido,tipo 22 fora do critério de inclusão v1
cnes-4894480,4894480,POLICLINICA FACAPE,public,yes,VALERIO PEREIRA,26,,CENTRO,56304060,Petrolina,PE,87998663282,-9.39713839985293,-40.49915109510427,cadastro_cnes,ambulatorio-especialidades,,ATENDIMENTOS NOS TURNOS DA MANHA E A TARDE,no,,unknown,,cnes-dados-abertos (atualizado no CNES em 2026-09-15),2026-09-23T18:24:38Z,,pendente,,36 - Clínica / centro de especialidade,incluido,
cnes-4912195,4912195,FELIPE ALMEIDA OLIVEIRA SERVICOS MEDICOS LTDA,private,no,QUATORZE,92,,LOTEAMENTO RECIFE,56320776,Petrolina,PE,8781645555,-9.356460225118528,-40.47740508465935,cadastro_cnes,,,ATENDIMENTOS NOS TURNOS DA MANHA E A TARDE,no,,unknown,,cnes-dados-abertos (atualizado no CNES em 2025-09-03),2026-09-23T18:24:38Z,,pendente,,22 - Consultório isolado,excluido,tipo 22 fora do critério de inclusão v1
cnes-4912454,4912454,COELHO PLASTICA,private,no,JOSE FERNANDES COELHO,282,,CENTRO,56304390,Petrolina,PE,8791337960,-9.389538348980478,-40.507570559521284,cadastro_cnes,,,ATENDIMENTOS NOS TURNOS DA MANHA E A TARDE,no,,unknown,,cnes-dados-abertos (atualizado no CNES em 2025-09-03),2026-09-23T18:24:38Z,,pendente,,22 - Consultório isolado,excluido,tipo 22 fora do critério de inclusão v1
cnes-4912470,4912470,COB ODONTO,private,no,DOUTOR JOSE MARIA,27,,CENTRO,56304050,Petrolina,PE,8788319858,-9.396356415988112,-40.499160964401575,cadastro_cnes,,,ATENDIMENTOS NOS TURNOS DA MANHA E A TARDE,no,,unknown,,cnes-dados-abertos (atualizado no CNES em 2025-09-03),2026-09-23T18:24:38Z,,pendente,,22 - Consultório isolado,excluido,tipo 22 fora do critério de inclusão v1
cnes-4912497,4912497,LPM SERVICOS MEDICOS E HOSPITALARE LTDA,private,no,DOUTOR JOSE MARIANO,1292,,CENTRO,56302190,Petrolina,PE,,-9.401743422676516,-40.498294823926024,cadastro_cnes,,,ATENDIMENTOS NOS TURNOS DA MANHA E A TARDE,no,,unknown,,cnes-dados-abertos (atualizado no CNES em 2025-09-03),2026-09-23T18:24:38Z,,pendente,,22 - Consultório isolado,excluido,tipo 22 fora do critério de inclusão v1
cnes-4913671,4913671,LAED,private,yes,POLONIA,19,,AREIA BRANCA,56328370,Petrolina,PE,8788758885,-9.384146208007344,-40.49125133005675,cadastro_cnes,exames-terapias,,ATENDIMENTOS NOS TURNOS DA MANHA E A TARDE,no,,unknown,,cnes-dados-abertos (atualizado no CNES em 2026-07-07),2026-09-23T18:24:38Z,,pendente,,39 - Unidade de apoio diagnose e terapia (SADT isolado),incluido,
cnes-4919963,4919963,GABRIEL DUARTE REABILITACAO SAUDE E PERFORMANCE,private,no,CIRILO CORREIA,337,,ATRAS DA BANCA,56308220,Petrolina,PE,8788322097,-9.393751861843043,-40.51310603802717,cadastro_cnes,ambulatorio-especialidades,,ATENDIMENTOS NOS TURNOS DA MANHA E A TARDE,no,,unknown,,cnes-dados-abertos (atualizado no CNES em 2025-09-03),2026-09-23T18:24:38Z,,pendente,,36 - Clínica / centro de especialidade,incluido,
cnes-4933400,4933400,CARVALHO E MARTINS ASSISTENCIA MEDICA,private,no,FERNANDO REIS,10,,ATRAS DA BANCA,56308070,Petrolina,PE,8799276753,-9.398996885414936,-40.50957522884568,cadastro_cnes,,,ATENDIMENTOS NOS TURNOS DA MANHA E A TARDE,no,,unknown,,cnes-dados-abertos (atualizado no CNES em 2025-09-03),2026-09-23T18:24:38Z,,pendente,,22 - Consultório isolado,excluido,tipo 22 fora do critério de inclusão v1
cnes-4933850,4933850,JAIDENYSSE MELO FONOAUDIOLOGIA ESPECIALIZADA,private,no,DOS IMIGRANTES,226,,VILA EDUARDO,56328057,Petrolina,PE,8791692020,-9.383219468619117,-40.486459364477575,cadastro_cnes,ambulatorio-especialidades,,ATENDIMENTOS NOS TURNOS DA MANHA E A TARDE,no,,unknown,,cnes-dados-abertos (atualizado no CNES em 2025-09-03),2026-09-23T18:24:38Z,,pendente,,36 - Clínica / centro de especialidade,incluido,
cnes-4936590,4936590,VINCULAR CUIDADO MULTIDISCIPLINAR,private,no,PROJETADA 02,16,,MARIA AUXILIADORA,56330390,Petrolina,PE,8796313400,-9.386720161028109,-40.499090704316664,cadastro_cnes,,,ATENDIMENTOS NOS TURNOS DA MANHA E A TARDE,no,,unknown,,cnes-dados-abertos (atualizado no CNES em 2025-09-03),2026-09-23T18:24:38Z,,pendente,,22 - Consultório isolado,excluido,tipo 22 fora do critério de inclusão v1
cnes-4944410,4944410,UBS N 1,public,yes,RUA E,73,,VILA VELHA N 1,56353700,Petrolina,PE,,-9.348495488241982,-40.684717628471255,cadastro_cnes,atencao-basica,,ATENDIMENTOS NOS TURNOS DA MANHA E A TARDE,no,,unknown,,cnes-dados-abertos (atualizado no CNES em 2025-09-03),2026-09-23T18:24:38Z,,pendente,,2 - Centro de saúde / Unidade básica,incluido,
cnes-4956117,4956117,LAISA ALMEIDA TERAPEUTA OCUPACIONAL,private,no,DOUTOR JOSE MARIA,110,,CENTRO,56304050,Petrolina,PE,,-9.396434688606458,-40.49848875336902,cadastro_cnes,ambulatorio-especialidades,,ATENDIMENTOS NOS TURNOS DA MANHA E A TARDE,no,,unknown,,cnes-dados-abertos (atualizado no CNES em 2025-09-03),2026-09-23T18:24:38Z,,pendente,,36 - Clínica / centro de especialidade,incluido,
cnes-4956648,4956648,AMORIM CAVALCANTI,private,no,DA ROSA,110,,CAMINHO DO SOL,56330523,Petrolina,PE,8788684449,-9.378044139102517,-40.49753921871709,cadastro_cnes,,,ATENDIMENTOS NOS TURNOS DA MANHA E A TARDE,no,,unknown,,cnes-dados-abertos (atualizado no CNES em 2025-09-03),2026-09-23T18:24:38Z,,pendente,,22 - Consultório isolado,excluido,tipo 22 fora do critério de inclusão v1
cnes-4964209,4964209,ANESTESIA EM SERVICOS MEDICOS,private,no,FERNANDO MENEZES DE GOES,226,,CENTRO,56304020,Petrolina,PE,,-9.395289044970166,-40.501457808751304,cadastro_cnes,,,ATENDIMENTOS NOS TURNOS DA MANHA E A TARDE,no,,unknown,,cnes-dados-abertos (atualizado no CNES em 2025-09-03),2026-09-23T18:24:38Z,,pendente,,22 - Consultório isolado,excluido,tipo 22 fora do critério de inclusão v1
cnes-4964225,4964225,NUTRISSENSI CLINICA DE NUTRICAO,private,no,DEISE ALBUQUERQUE AMADOR,90,,CAMINHO DO SOL,56330265,Petrolina,PE,8791995454,-9.383306400231785,-40.499710995610926,cadastro_cnes,ambulatorio-especialidades,,ATENDIMENTOS NOS TURNOS DA MANHA E A TARDE,no,,unknown,,cnes-dados-abertos (atualizado no CNES em 2025-09-03),2026-09-23T18:24:38Z,,pendente,,36 - Clínica / centro de especialidade,incluido,
cnes-4964233,4964233,PRONTOMED,private,no,TOBIAS BARRETO,12,,CENTRO,56304210,Petrolina,PE,8730328993,-9.393395102896125,-40.49932532208829,cadastro_cnes,ambulatorio-especialidades,,ATENDIMENTOS NOS TURNOS DA MANHA E A TARDE,no,,unknown,,cnes-dados-abertos (atualizado no CNES em 2025-11-20),2026-09-23T18:24:38Z,,pendente,,36 - Clínica / centro de especialidade,incluido,
cnes-4969197,4969197,INNER INSTITUTO DE NEFROLOGIA E ENDOCRINOLOGIA,private,no,JOAQUIM NABUCO,541,,CENTRO,56304040,Petrolina,PE,8799208887,-9.3972301625789,-40.49963364417784,cadastro_cnes,ambulatorio-especialidades,,ATENDIMENTOS NOS TURNOS DA MANHA E A TARDE,no,,unknown,,cnes-dados-abertos (atualizado no CNES em 2025-09-03),2026-09-23T18:24:38Z,,pendente,,36 - Clínica / centro de especialidade,incluido,
cnes-4969200,4969200,JANAINA PSICOLOGIA,private,no,CORONEL AMORIM,225,,CENTRO,56302320,Petrolina,PE,8799208887,-9.397958364955716,-40.499896574229794,cadastro_cnes,,,ATENDIMENTOS NOS TURNOS DA MANHA E A TARDE,no,,unknown,,cnes-dados-abertos (atualizado no CNES em 2025-09-03),2026-09-23T18:24:38Z,,pendente,,22 - Consultório isolado,excluido,tipo 22 fora do critério de inclusão v1
cnes-4969987,4969987,CLINICA DE FISIOTERAPIA ESPECIALIZADA E HUMANIZADA,private,no,NORDESTE,111,,JOSE E MARIA,56320660,Petrolina,PE,,-9.369947807154967,-40.48850738220737,cadastro_cnes,ambulatorio-especialidades,,ATENDIMENTOS NOS TURNOS DA MANHA E A TARDE,no,,unknown,,cnes-dados-abertos (atualizado no CNES em 2025-09-03),2026-09-23T18:24:38Z,,pendente,,36 - Clínica / centro de especialidade,incluido,
cnes-4974913,4974913,THERAPIE,private,no,NORDESTE,111,,JOSE E MARIA,56320660,Petrolina,PE,,-9.369942514311916,-40.48852347546405,cadastro_cnes,ambulatorio-especialidades,,ATENDIMENTOS NOS TURNOS DA MANHA E A TARDE,no,,unknown,,cnes-dados-abertos (atualizado no CNES em 2025-09-03),2026-09-23T18:24:38Z,,pendente,,36 - Clínica / centro de especialidade,incluido,
cnes-4981200,4981200,BENEFICENCIA SOCIAL DO BRASIL,private,no,TOBIAS BARRETO,10,,CENTRO,56304210,Petrolina,PE,,-9.393528361276617,-40.49932520000346,cadastro_cnes,,,ATENDIMENTOS NOS TURNOS DA MANHA E A TARDE,no,,unknown,,cnes-dados-abertos (atualizado no CNES em 2025-09-03),2026-09-23T18:24:38Z,,pendente,,22 - Consultório isolado,excluido,tipo 22 fora do critério de inclusão v1
cnes-4981294,4981294,ENDORFINA,private,no,AUGUSTO CARLOS BRANDAO,98,,CENTRO,56304110,Petrolina,PE,,-9.397344833251774,-40.49634312197197,cadastro_cnes,ambulatorio-especialidades,,ATENDIMENTOS NOS TURNOS DA MANHA E A TARDE,no,,unknown,,cnes-dados-abertos (atualizado no CNES em 2025-09-03),2026-09-23T18:24:38Z,,pendente,,36 - Clínica / centro de especialidade,incluido,
cnes-5003881,5003881,NEUROCARDIO POPULAR,private,no,CENTENARIO,1067,,CENTRO,56302120,Petrolina,PE,8721013100,-9.393191121871435,-40.493727437445465,cadastro_cnes,,,ATENDIMENTOS NOS TURNOS DA MANHA E A TARDE,no,,unknown,,cnes-dados-abertos (atualizado no CNES em 2025-09-03),2026-09-23T18:24:38Z,,pendente,,22 - Consultório isolado,excluido,tipo 22 fora do critério de inclusão v1
cnes-5004853,5004853,MIMESE ODONTOLOGIA,private,no,VALERIO PEREIRA,515,,CENTRO,56304060,Petrolina,PE,8799253232,-9.396689492436032,-40.49512087116459,cadastro_cnes,ambulatorio-especialidades,,ATENDIMENTOS NOS TURNOS DA MANHA E A TARDE,no,,unknown,,cnes-dados-abertos (atualizado no CNES em 2025-09-03),2026-09-23T18:24:38Z,,pendente,,36 - Clínica / centro de especialidade,incluido,
cnes-5005051,5005051,CLINICA ODONTOLOGICA DR GIORGI ENGELS,private,no,BECO DA CULTURA,70,,CENTRO,56302040,Petrolina,PE,8738615014,-9.4001607,-40.5018785,cadastro_cnes,ambulatorio-especialidades,,ATENDIMENTOS NOS TURNOS DA MANHA E A TARDE,no,,unknown,,cnes-dados-abertos (atualizado no CNES em 2025-09-03),2026-09-23T18:24:38Z,,pendente,,36 - Clínica / centro de especialidade,incluido,
cnes-5126746,5126746,CEO CENTRO DE ESPECIALIDADES ODONTOLOGICAS II,public,yes,CASTRO ALVES,55,,CENTRO,56304020,Petrolina,PE,,-9.394625428884764,-40.50116257548562,cadastro_cnes,ambulatorio-especialidades,,ATENDIMENTOS NOS TURNOS DA MANHA E A TARDE,no,,unknown,,cnes-dados-abertos (atualizado no CNES em 2025-09-03),2026-09-23T18:24:38Z,,pendente,,36 - Clínica / centro de especialidade,incluido,
cnes-5141885,5141885,CLINICA DE FISIOTERAPIA UNIMED,private,no,DO COLISEU,123,,CENTRO,56302390,Petrolina,PE,8738667924,-9.397835143017728,-40.4983872153382,cadastro_cnes,ambulatorio-especialidades,,ATENDIMENTOS NOS TURNOS DA MANHA E A TARDE,no,,unknown,,cnes-dados-abertos (atualizado no CNES em 2025-09-03),2026-09-23T18:24:38Z,,pendente,,36 - Clínica / centro de especialidade,incluido,
cnes-5219388,5219388,GINCOPE,private,no,AV HONORATO VIANA,S/N,,GERCINO COELHO,56304020,Petrolina,PE,8738668750,-9.390928366418976,-40.520815422091395,cadastro_cnes,ambulatorio-especialidades,,ATENDIMENTOS NOS TURNOS DA MANHA E A TARDE,no,,unknown,,cnes-dados-abertos (atualizado no CNES em 2025-10-14),2026-09-23T18:24:38Z,,pendente,,36 - Clínica / centro de especialidade,incluido,
cnes-5244757,5244757,SUPERA ESPACO TERAPEUTICO,private,no,JOSE PEREIRA DOS SANTOS,,,AREIA BRANCA,56330105,Petrolina,PE,8796354686,-9.383462680986325,-40.49279774232764,cadastro_cnes,,,ATENDIMENTOS NOS TURNOS DA MANHA E A TARDE,no,,unknown,,cnes-dados-abertos (atualizado no CNES em 2025-09-03),2026-09-23T18:24:38Z,,pendente,,22 - Consultório isolado,excluido,tipo 22 fora do critério de inclusão v1
cnes-5280699,5280699,ORTOTRAUMA,private,no,PACIFICO DA LUZ,900,,CENTRO,56302130,Petrolina,PE,8738610554,-9.393083045054405,-40.500431636198854,cadastro_cnes,,,ATENDIMENTOS NOS TURNOS DA MANHA E A TARDE,no,,unknown,,cnes-dados-abertos (atualizado no CNES em 2025-09-03),2026-09-23T18:24:38Z,,pendente,,22 - Consultório isolado,excluido,tipo 22 fora do critério de inclusão v1
cnes-5320275,5320275,CISO,private,no,RUA DOM VITAL,451,,CENTRO,56304260,Petrolina,PE,,,,,ambulatorio-especialidades,,ATENDIMENTOS NOS TURNOS DA MANHA E A TARDE,no,,unknown,,cnes-dados-abertos (atualizado no CNES em 2025-09-03),2026-09-23T18:24:38Z,,pendente,,36 - Clínica / centro de especialidade,excluido,desabilitado no CNES (motivo 08)
cnes-5321476,5321476,UBS GILDEVANIA DE OLIVEIRA SILVA,public,yes,VILA NOVA,S/N,,N5,56337600,Petrolina,PE,,-9.359527356313372,-40.62100611531236,cadastro_cnes,atencao-basica,,ATENDIMENTOS NOS TURNOS DA MANHA E A TARDE,no,,unknown,,cnes-dados-abertos (atualizado no CNES em 2025-09-03),2026-09-23T18:24:38Z,,pendente,,2 - Centro de saúde / Unidade básica,incluido,
cnes-5321697,5321697,UBS JOSEFA DE SOUZA SILVA,public,yes,RUA 03,S/N,,PEDRA LINDA,56317200,Petrolina,PE,8738634583,-9.36316,-40.5429478,cadastro_cnes,atencao-basica,,ATENDIMENTOS NOS TURNOS DA MANHA E A TARDE,no,,unknown,,cnes-dados-abertos (atualizado no CNES em 2025-09-03),2026-09-23T18:24:38Z,,pendente,,2 - Centro de saúde / Unidade básica,incluido,
cnes-5326214,5326214,MAYKON MENDES PSICOLOGIA,private,no,CARDOSO DE SA,13,,CENTRO,56302110,Petrolina,PE,8799993124,-9.402035457862711,-40.50276422335193,cadastro_cnes,,,ATENDIMENTOS NOS TURNOS DA MANHA E A TARDE,no,,unknown,,cnes-dados-abertos (atualizado no CNES em 2025-09-03),2026-09-23T18:24:38Z,,pendente,,22 - Consultório isolado,excluido,tipo 22 fora do critério de inclusão v1
cnes-5327784,5327784,CLINICA SAO VICENTE,private,no,GUARARAPES,2250,,CENTRO,56302000,Petrolina,PE,8738668771,-9.399829205678785,-40.49866991349184,cadastro_cnes,,,ATENDIMENTOS NOS TURNOS DA MANHA E A TARDE,no,,unknown,,cnes-dados-abertos (atualizado no CNES em 2025-09-03),2026-09-23T18:24:38Z,,pendente,,22 - Consultório isolado,excluido,tipo 22 fora do critério de inclusão v1
cnes-5332125,5332125,ANGIOVALE,private,no,RUA TOBIAS BARRETO,08,,CENTRO,56304210,Petrolina,PE,8738610810,-9.393409726599415,-40.498508724535434,cadastro_cnes,,,ATENDIMENTOS NOS TURNOS DA MANHA E A TARDE,no,,unknown,,cnes-dados-abertos (atualizado no CNES em 2025-09-03),2026-09-23T18:24:38Z,,pendente,,22 - Consultório isolado,excluido,tipo 22 fora do critério de inclusão v1
cnes-5332141,5332141,APAE,private,no,TRAVESSA VASCO DA GAMA,130,,VILA MOCO,56304480,Petrolina,PE,8738613745,-9.3881055,-40.5030221,cadastro_cnes,ambulatorio-especialidades,,ATENDIMENTOS NOS TURNOS DA MANHA E A TARDE,no,,unknown,,cnes-dados-abertos (atualizado no CNES em 2025-09-03),2026-09-23T18:24:38Z,,pendente,,36 - Clínica / centro de especialidade,incluido,
cnes-5332214,5332214,CENTRO AUDITIVO DE PETROLINA,public,yes,RUA TOBIAS BARRETO,240,,CENTRO,56304210,Petrolina,PE,8738633129,-9.393389402916615,-40.50138130674737,cadastro_cnes,ambulatorio-especialidades,,ATENDIMENTOS NOS TURNOS DA MANHA E A TARDE,no,,unknown,,cnes-dados-abertos (atualizado no CNES em 2025-09-03),2026-09-23T18:24:38Z,,pendente,,36 - Clínica / centro de especialidade,incluido,
cnes-5332222,5332222,CEMESF CENTRO MEDICO ESPECIALIZADO DO SAO FRANCISCO,private,no,PRESIDENTE TANCREDO NEVES,90,,VILA MOCO,56306410,Petrolina,PE,8796278296,-9.389063089899114,-40.50494071778283,cadastro_cnes,ambulatorio-especialidades,,ATENDIMENTOS NOS TURNOS DA MANHA E A TARDE,no,,unknown,,cnes-dados-abertos (atualizado no CNES em 2026-03-28),2026-09-23T18:24:38Z,,pendente,,36 - Clínica / centro de especialidade,excluido,desabilitado no CNES (motivo 04)
cnes-5332389,5332389,CLINICA GINECOLOGIA,private,no,AV CARDOSO DE SA,312,,VILA EDUARDO,56302300,Petrolina,PE,8738619715,-9.400979973947448,-40.488383406745164,cadastro_cnes,ambulatorio-especialidades,,ATENDIMENTOS NOS TURNOS DA MANHA E A TARDE,no,,unknown,,cnes-dados-abertos (atualizado no CNES em 2025-10-14),2026-09-23T18:24:38Z,,pendente,,36 - Clínica / centro de especialidade,incluido,
cnes-5332400,5332400,CLINIS,private,no,DR JULIO DE MELO,140,,CENTRO,56332175,Petrolina,PE,,-9.400438966152695,-40.4987000653153,cadastro_cnes,ambulatorio-especialidades,,ATENDIMENTOS NOS TURNOS DA MANHA E A TARDE,no,,unknown,,cnes-dados-abertos (atualizado no CNES em 2025-09-03),2026-09-23T18:24:38Z,,pendente,,36 - Clínica / centro de especialidade,incluido,
cnes-5332443,5332443,CONSULTORIO DR MARCELO COIMBRA,private,no,PADRE FRAGA,S/N,,CENTRO,56304280,Petrolina,PE,8788641843,-9.397786933980797,-40.50429299879665,cadastro_cnes,,,ATENDIMENTOS NOS TURNOS DA MANHA E A TARDE,no,,unknown,,cnes-dados-abertos (atualizado no CNES em 2025-09-03),2026-09-23T18:24:38Z,,pendente,,22 - Consultório isolado,excluido,tipo 22 fora do critério de inclusão v1
cnes-5332451,5332451,COP,private,no,TOBIAS BARRETO,200,,CENTRO,56304210,Petrolina,PE,8738622077,-9.393319918347348,-40.50101448455525,cadastro_cnes,ambulatorio-especialidades,,ATENDIMENTOS NOS TURNOS DA MANHA E A TARDE,no,,unknown,,cnes-dados-abertos (atualizado no CNES em 2025-09-03),2026-09-23T18:24:38Z,,pendente,,36 - Clínica / centro de especialidade,incluido,
cnes-5332478,5332478,DERMASF,private,no,RUA TOBIAS BARRETO,8,,CENTRO,56304210,Petrolina,PE,8730350828,-9.4297714,-40.5053861,cadastro_cnes,,,ATENDIMENTOS NOS TURNOS DA MANHA E A TARDE,no,,unknown,,cnes-dados-abertos (atualizado no CNES em 2025-09-03),2026-09-23T18:24:38Z,,pendente,,22 - Consultório isolado,excluido,tipo 22 fora do critério de inclusão v1
cnes-5332508,5332508,DERMAVALE,private,no,AV MONSENHOR ANGELO SAMPAIO,100,,CENTRO,56302290,Petrolina,PE,,,,,,,ATENDIMENTOS NOS TURNOS DA MANHA E A TARDE,no,,unknown,,cnes-dados-abertos (atualizado no CNES em 2025-09-03),2026-09-23T18:24:38Z,,pendente,,22 - Consultório isolado,excluido,desabilitado no CNES (motivo 11)
cnes-5332575,5332575,FBOVSF,private,yes,JOSE DE SA MANICOBA,S/N,,CENTRO,56304205,Petrolina,PE,8738614585,-9.392276462512946,-40.49539989326613,cadastro_cnes,ambulatorio-especialidades,,ATENDIMENTOS NOS TURNOS DA MANHA E A TARDE,no,,unknown,,cnes-dados-abertos (atualizado no CNES em 2025-09-03),2026-09-23T18:24:38Z,,pendente,,36 - Clínica / centro de especialidade,incluido,
cnes-5332613,5332613,FISIOCENTER,private,no,FRANCISCO MODESTO FILHO,65,,CENTRO,56304080,Petrolina,PE,8738623525,-9.3973293,-40.4963541,cadastro_cnes,ambulatorio-especialidades,,ATENDIMENTOS NOS TURNOS DA MANHA E A TARDE,no,,unknown,,cnes-dados-abertos (atualizado no CNES em 2025-09-03),2026-09-23T18:24:38Z,,pendente,,36 - Clínica / centro de especialidade,incluido,
cnes-5332672,5332672,GALINDO CONSULTORIO ODONTOLOGICO,private,no,TOBIAS BARRETO,105,,CENTRO,56304210,Petrolina,PE,8738620385,-9.393713847939505,-40.50045344110296,cadastro_cnes,ambulatorio-especialidades,,ATENDIMENTOS NOS TURNOS DA MANHA E A TARDE,no,,unknown,,cnes-dados-abertos (atualizado no CNES em 2025-09-03),2026-09-23T18:24:38Z,,pendente,,36 - Clínica / centro de especialidade,incluido,
cnes-5332745,5332745,LUCIA MARIA PIRES MARQUES,private,no,AVENIDA SOUZA FILHO,842,,CENTRO,56304000,Petrolina,PE,8738614086,,,,,,ATENDIMENTOS NOS TURNOS DA MANHA E A TARDE,no,,unknown,,cnes-dados-abertos (atualizado no CNES em 2025-09-03),2026-09-23T18:24:38Z,,pendente,,22 - Consultório isolado,excluido,desabilitado no CNES (motivo 06)
cnes-5332869,5332869,PROCARDIO,private,no,RUA TOBIAS BARRETO,249,,CENTRO,56304210,Petrolina,PE,8738626300,-9.393316628340875,-40.50163827976451,cadastro_cnes,ambulatorio-especialidades,,ATENDIMENTOS NOS TURNOS DA MANHA E A TARDE,no,,unknown,,cnes-dados-abertos (atualizado no CNES em 2026-01-20),2026-09-23T18:24:38Z,,pendente,,36 - Clínica / centro de especialidade,incluido,
cnes-5332982,5332982,SERVICOS MEDICOS CIRURGICOS,private,no,ENGENHEIRO CARLOS PINHEIRO,414,,CENTRO,56304070,Petrolina,PE,,-9.396103623331275,-40.49803253071268,cadastro_cnes,ambulatorio-especialidades,,ATENDIMENTOS NOS TURNOS DA MANHA E A TARDE,no,,unknown,,cnes-dados-abertos (atualizado no CNES em 2025-09-03),2026-09-23T18:24:38Z,,pendente,,36 - Clínica / centro de especialidade,incluido,
cnes-5333016,5333016,SAULO FREDERICO BARROS DE MESQUITA,private,no,JOAQUIM NABUCO,642,,CENTRO,56304040,Petrolina,PE,8788655949,-9.39609466133243,-40.49945613683534,cadastro_cnes,,,ATENDIMENTOS NOS TURNOS DA MANHA E A TARDE,no,,unknown,,cnes-dados-abertos (atualizado no CNES em 2025-09-03),2026-09-23T18:24:38Z,,pendente,,22 - Consultório isolado,excluido,tipo 22 fora do critério de inclusão v1
cnes-5333024,5333024,REUMATO CLINICA,private,no,AV JOAQUIM NABUCO,649,,CENTRO,56309000,Petrolina,PE,,,,,,,"ATENDIMENTO NOS TURNOS DA MANHA, TARDE E NOITE",no,,unknown,,cnes-dados-abertos (atualizado no CNES em 2025-09-03),2026-09-23T18:24:38Z,,pendente,,22 - Consultório isolado,excluido,desabilitado no CNES (motivo 04)
cnes-5341876,5341876,CAF CENTRAL DE ABASTECIMENTO FARMACEUTICO,public,yes,RUA DOZE,249,,OURO PRETO,56318625,Petrolina,PE,,-9.375274646433812,-40.52226949995071,cadastro_cnes,,,ATENDIMENTOS NOS TURNOS DA MANHA E A TARDE,no,,unknown,,cnes-dados-abertos (atualizado no CNES em 2025-09-03),2026-09-23T18:24:38Z,,pendente,,43 - Farmácia,excluido,tipo 43 fora do critério de inclusão v1
cnes-5341884,5341884,FARMACIA DA FAMILIA,public,no,AVENIDA FERNANDO DE MENEZES GOES,538,,CENTRO,56304020,Petrolina,PE,,-9.395560130187636,-40.49899920000001,cadastro_cnes,,,ATENDIMENTOS NOS TURNOS DA MANHA E A TARDE,no,,unknown,,cnes-dados-abertos (atualizado no CNES em 2025-09-03),2026-09-23T18:24:38Z,,pendente,,43 - Farmácia,excluido,tipo 43 fora do critério de inclusão v1
cnes-5345979,5345979,PROGESTAR,private,no,RUA TOBIAS BARRETO,8,,CENTRO,56304210,Petrolina,PE,8738616179,-9.4297714,-40.5053861,cadastro_cnes,ambulatorio-especialidades,,ATENDIMENTOS NOS TURNOS DA MANHA E A TARDE,no,,unknown,,cnes-dados-abertos (atualizado no CNES em 2025-09-03),2026-09-23T18:24:38Z,,pendente,coordenada do cadastro fora do limite municipal (OSM); descartada para rota até conferência,36 - Clínica / centro de especialidade,incluido,
cnes-5347114,5347114,CONSULTORIO ISOLADO DE MARIA IVONE MENEZES DE OLIVEIRA,private,no,RUA ENG CARLOS PINHEIRO,171,,CENTRO,56330000,Petrolina,PE,,-9.398290938618677,-40.49779307175842,cadastro_cnes,,,ATENDIMENTOS NOS TURNOS DA MANHA E A TARDE,no,,unknown,,cnes-dados-abertos (atualizado no CNES em 2025-09-03),2026-09-23T18:24:38Z,,pendente,,22 - Consultório isolado,excluido,tipo 22 fora do critério de inclusão v1
cnes-5347157,5347157,HARMONIA SAUDE E BEM ESTAR,private,no,PARAIBA,95,,AREIA BRANCA,56328480,Petrolina,PE,8788523629,-9.378559976821766,-40.48991675889556,cadastro_cnes,ambulatorio-especialidades,,ATENDIMENTOS NOS TURNOS DA MANHA E A TARDE,no,,unknown,,cnes-dados-abertos (atualizado no CNES em 2026-04-09),2026-09-23T18:24:38Z,,pendente,,36 - Clínica / centro de especialidade,incluido,
cnes-5353327,5353327,CAPS AD III 24 HORAS CELIA MARIA DE OLIVEIRA ALENCAR,public,no,RUA BAHIA,119,,VILA MOCO,56304410,Petrolina,PE,8738617063,-9.2963846,-40.8205252,cadastro_cnes,saude-mental,,"ATENDIMENTO CONTINUO DE 24 HORAS/DIA (PLANTAO:INCLUI SABADOS, DOMINGOS E FERIADOS)",yes,,unknown,,cnes-dados-abertos (atualizado no CNES em 2025-09-03),2026-09-23T18:24:38Z,,pendente,coordenada do cadastro fora do limite municipal (OSM); descartada para rota até conferência,70 - Centro de atenção psicossocial (CAPS),incluido,
cnes-5364728,5364728,CLINICA DR MARIA DO CARMO,private,no,R4,216,,ZONA RURAL,56334899,Petrolina,PE,8796255441,-9.101358448465927,-40.533303586759,cadastro_cnes,,,ATENDIMENTOS NOS TURNOS DA MANHA E A TARDE,no,,unknown,,cnes-dados-abertos (atualizado no CNES em 2025-09-03),2026-09-23T18:24:38Z,,pendente,,22 - Consultório isolado,excluido,tipo 22 fora do critério de inclusão v1
cnes-5364760,5364760,ATO DANI MONTEIRO,private,no,DO CANCELAO,94,,CENTRO,56304140,Petrolina,PE,8788294067,-9.386023803778215,-40.49978437869687,cadastro_cnes,,,ATENDIMENTOS NOS TURNOS DA MANHA E A TARDE,no,,unknown,,cnes-dados-abertos (atualizado no CNES em 2025-09-03),2026-09-23T18:24:38Z,,pendente,,22 - Consultório isolado,excluido,tipo 22 fora do critério de inclusão v1
cnes-5364779,5364779,JCF PSICOLOGIA E COMPORTAMENTO LTDA,private,no,PADEIRO JOAO LUIZ,207,,MARIA AUXILIADORA,56330470,Petrolina,PE,8798111638,-9.385973451803931,-40.49974204232764,cadastro_cnes,,,ATENDIMENTOS NOS TURNOS DA MANHA E A TARDE,no,,unknown,,cnes-dados-abertos (atualizado no CNES em 2025-09-03),2026-09-23T18:24:38Z,,pendente,,22 - Consultório isolado,excluido,tipo 22 fora do critério de inclusão v1
cnes-5364787,5364787,AUTONOMIA PSICOLOGIA LTDA,private,no,AUGUSTO CARLOS BRANDAO,111,,CENTRO,56304110,Petrolina,PE,8798119090,-9.392875830533418,-40.50130362600026,cadastro_cnes,,,ATENDIMENTOS NOS TURNOS DA MANHA E A TARDE,no,,unknown,,cnes-dados-abertos (atualizado no CNES em 2025-09-03),2026-09-23T18:24:38Z,,pendente,,22 - Consultório isolado,excluido,tipo 22 fora do critério de inclusão v1
cnes-5364825,5364825,BRAINY MOVES FISIOTERAPIA NEUROLOGICA PEDIATRICA ESPECIALIZA,private,no,DO IMPERADOR,53,,VILA MOCO,56306780,Petrolina,PE,8796799466,-9.387032887961297,-40.50757890046367,cadastro_cnes,,,ATENDIMENTOS NOS TURNOS DA MANHA E A TARDE,no,,unknown,,cnes-dados-abertos (atualizado no CNES em 2025-09-03),2026-09-23T18:24:38Z,,pendente,,22 - Consultório isolado,excluido,tipo 22 fora do critério de inclusão v1
cnes-5364833,5364833,CLINICA COMUNICARE LTDA,private,no,TIVINHA RAMOS BRANDAO,86,,SAO JOSE,56302440,Petrolina,PE,,-9.399684414155887,-40.491928542327635,cadastro_cnes,,,ATENDIMENTOS NOS TURNOS DA MANHA E A TARDE,no,,unknown,,cnes-dados-abertos (atualizado no CNES em 2025-09-03),2026-09-23T18:24:38Z,,pendente,,22 - Consultório isolado,excluido,tipo 22 fora do critério de inclusão v1
cnes-5364892,5364892,DANTAS SANTANA EDUCACAO E TERAPIA LTDA,private,no,TIVINHA RAMOS BRANDAO,86,,SAO JOSE,56302440,Petrolina,PE,,-9.399751604361326,-40.491934979218044,cadastro_cnes,,,ATENDIMENTOS NOS TURNOS DA MANHA E A TARDE,no,,unknown,,cnes-dados-abertos (atualizado no CNES em 2025-09-03),2026-09-23T18:24:38Z,,pendente,,22 - Consultório isolado,excluido,tipo 22 fora do critério de inclusão v1
cnes-5364914,5364914,FLEXUS PSICOLOGIA COMPORTAMENTAL LTDA,private,no,ANTONIO SANTANA FILHO,775,,CENTRO,56302300,Petrolina,PE,,-9.39899704839797,-40.49515913236677,cadastro_cnes,,,ATENDIMENTOS NOS TURNOS DA MANHA E A TARDE,no,,unknown,,cnes-dados-abertos (atualizado no CNES em 2025-09-03),2026-09-23T18:24:38Z,,pendente,,22 - Consultório isolado,excluido,tipo 22 fora do critério de inclusão v1
cnes-5364922,5364922,INSTITUTO MIRANDA,private,no,CORONEL CLEMENTINO COELHO,1480,,DISTRITO INDUSTRIAL,56308910,Petrolina,PE,,-9.396392413294222,-40.51777521957945,cadastro_cnes,,,ATENDIMENTOS NOS TURNOS DA MANHA E A TARDE,no,,unknown,,cnes-dados-abertos (atualizado no CNES em 2025-09-03),2026-09-23T18:24:38Z,,pendente,,22 - Consultório isolado,excluido,tipo 22 fora do critério de inclusão v1
cnes-5364930,5364930,VALERY MARTINS PSICOLOGIA,private,no,TIVINHA RAMOS BRANDAO,86,,SAO JOSE,56302440,Petrolina,PE,,-9.399663244594391,-40.491949999999996,cadastro_cnes,,,ATENDIMENTOS NOS TURNOS DA MANHA E A TARDE,no,,unknown,,cnes-dados-abertos (atualizado no CNES em 2025-09-03),2026-09-23T18:24:38Z,,pendente,,22 - Consultório isolado,excluido,tipo 22 fora do critério de inclusão v1
cnes-5371678,5371678,CEMPA,private,no,DOS EMIGRANTES,226,,VILA EDUARDO,56328057,Petrolina,PE,8799445566,-9.383124201053727,-40.486483504293545,cadastro_cnes,,,ATENDIMENTOS NOS TURNOS DA MANHA E A TARDE,no,,unknown,,cnes-dados-abertos (atualizado no CNES em 2025-09-03),2026-09-23T18:24:38Z,,pendente,,22 - Consultório isolado,excluido,tipo 22 fora do critério de inclusão v1
cnes-5387353,5387353,NEUROMAIS,private,no,AUGUSTO CARLOS BRANDAO,111,,CENTRO,56304110,Petrolina,PE,,-9.397684213501059,-40.49638760002848,cadastro_cnes,,,ATENDIMENTOS NOS TURNOS DA MANHA E A TARDE,no,,unknown,,cnes-dados-abertos (atualizado no CNES em 2025-09-03),2026-09-23T18:24:38Z,,pendente,,22 - Consultório isolado,excluido,tipo 22 fora do critério de inclusão v1
cnes-5390036,5390036,ASSISTENCIA MEDICA PEDIATRICA,private,no,MONSENHOR ANGELO SAMPAIO,100,,CENTRO,56304160,Petrolina,PE,8738610810,-9.387944774313022,-40.48924753808263,cadastro_cnes,,,ATENDIMENTO SOMENTE A TARDE,no,,unknown,,cnes-dados-abertos (atualizado no CNES em 2025-09-03),2026-09-23T18:24:38Z,,pendente,,22 - Consultório isolado,excluido,tipo 22 fora do critério de inclusão v1
cnes-5396425,5396425,MARIA VICKTORIA AVALIACOES NEUROPSICOLOGICAS,private,no,MARIA COELHO CAVALCANTI RODRIGUES,771,,JATOBA,56332400,Petrolina,PE,8791932762,-9.39313820810469,-40.47095908220918,cadastro_cnes,ambulatorio-especialidades,,ATENDIMENTOS NOS TURNOS DA MANHA E A TARDE,no,,unknown,,cnes-dados-abertos (atualizado no CNES em 2025-09-03),2026-09-23T18:24:38Z,,pendente,,36 - Clínica / centro de especialidade,incluido,
cnes-5396964,5396964,NEUROCOMUNICAR,private,no,FRANCISCO MODESTO FILHO,102,,CENTRO,56304080,Petrolina,PE,,-9.397468330304969,-40.49666631778721,cadastro_cnes,,,ATENDIMENTOS NOS TURNOS DA MANHA E A TARDE,no,,unknown,,cnes-dados-abertos (atualizado no CNES em 2025-09-03),2026-09-23T18:24:38Z,,pendente,,22 - Consultório isolado,excluido,tipo 22 fora do critério de inclusão v1
cnes-5424569,5424569,EME ESPECIALIDADES MEDICAS,private,no,RUA CRISPIM AMORIM COELHO,159,,CENTRO,56304220,Petrolina,PE,8738617401,-9.39306088774159,-40.50013169324002,cadastro_cnes,ambulatorio-especialidades,,ATENDIMENTOS NOS TURNOS DA MANHA E A TARDE,no,,unknown,,cnes-dados-abertos (atualizado no CNES em 2025-10-17),2026-09-23T18:24:38Z,,pendente,,36 - Clínica / centro de especialidade,incluido,
cnes-5428319,5428319,INSTITUTO MAIS MOVIMENTO LTDA,private,no,JOAQUIM NABUCO,541,,CENTRO,56304040,Petrolina,PE,8796802608,-9.397161616721533,-40.49985457116383,cadastro_cnes,,,ATENDIMENTOS NOS TURNOS DA MANHA E A TARDE,no,,unknown,,cnes-dados-abertos (atualizado no CNES em 2025-09-03),2026-09-23T18:24:38Z,,pendente,,22 - Consultório isolado,excluido,tipo 22 fora do critério de inclusão v1
cnes-5443369,5443369,ACOLHER,private,no,NORDESTE,111,,JOSE E MARIA,56320660,Petrolina,PE,8781183199,-9.369939537900882,-40.48849949451999,cadastro_cnes,,,ATENDIMENTOS NOS TURNOS DA MANHA E A TARDE,no,,unknown,,cnes-dados-abertos (atualizado no CNES em 2025-09-03),2026-09-23T18:24:38Z,,pendente,,22 - Consultório isolado,excluido,tipo 22 fora do critério de inclusão v1
cnes-5443385,5443385,ANNE BACELAR FISIOTERAPIA,private,no,URUCUIA,431,,BOA ESPERANCA,56327075,Petrolina,PE,8738621420,-9.362780524611926,-40.45274039092675,cadastro_cnes,,,ATENDIMENTOS NOS TURNOS DA MANHA E A TARDE,no,,unknown,,cnes-dados-abertos (atualizado no CNES em 2025-09-03),2026-09-23T18:24:38Z,,pendente,,22 - Consultório isolado,excluido,tipo 22 fora do critério de inclusão v1
cnes-5443830,5443830,ODONTOLOGIA ESPECIALIZADA,private,no,POLONIA,01,,AREIA BRANCA,56328370,Petrolina,PE,8791766555,-9.384186899100559,-40.48991569999999,cadastro_cnes,,,ATENDIMENTOS NOS TURNOS DA MANHA E A TARDE,no,,unknown,,cnes-dados-abertos (atualizado no CNES em 2025-09-03),2026-09-23T18:24:38Z,,pendente,,22 - Consultório isolado,excluido,tipo 22 fora do critério de inclusão v1
cnes-5448727,5448727,REAL MED,private,no,RUA VILA SAO FRANCISCO,370,,CENTRO,56302280,Petrolina,PE,8738622077,-9.3986034,-40.4952385,cadastro_cnes,,,ATENDIMENTOS NOS TURNOS DA MANHA E A TARDE,no,,unknown,,cnes-dados-abertos (atualizado no CNES em 2025-09-03),2026-09-23T18:24:38Z,,pendente,,22 - Consultório isolado,excluido,tipo 22 fora do critério de inclusão v1
cnes-5455197,5455197,SECRETARIA MUNICIPAL DE SAUDE DE PETROLINA,public,yes,AVENIDA FERNANDO MENEZES DE GOES,537,,CENTRO,56304020,Petrolina,PE,8738668550,-9.39524171750764,-40.498963594436646,cadastro_cnes,,,ATENDIMENTOS NOS TURNOS DA MANHA E A TARDE,no,,unknown,,cnes-dados-abertos (atualizado no CNES em 2025-09-03),2026-09-23T18:24:38Z,,pendente,,68 - Central de gestão em saúde,excluido,tipo 68 fora do critério de inclusão v1
cnes-5466644,5466644,UNIDADE CARDIOLOGICA DE PETROLINA,private,no,TOBIAS BARRETO,08,,CENTRO,56304210,Petrolina,PE,,-9.393721983139166,-40.498557004297375,cadastro_cnes,ambulatorio-especialidades,,ATENDIMENTOS NOS TURNOS DA MANHA E A TARDE,no,,unknown,,cnes-dados-abertos (atualizado no CNES em 2025-09-03),2026-09-23T18:24:38Z,,pendente,,36 - Clínica / centro de especialidade,incluido,
cnes-5467411,5467411,CASA AZUL,public,yes,AVENIDA DA INTEGRACAO,254,,VILA DOS INGAS,56328010,Petrolina,PE,8739837129,-9.400439907621385,-40.490461499999995,cadastro_cnes,ambulatorio-especialidades,,ATENDIMENTOS NOS TURNOS DA MANHA E A TARDE,no,,unknown,,cnes-dados-abertos (atualizado no CNES em 2025-09-03),2026-09-23T18:24:38Z,,pendente,,36 - Clínica / centro de especialidade,incluido,
cnes-5471524,5471524,CLINICAL CENTER,private,no,TOME CAVALCANTE,221,,AREIA BRANCA,56330055,Petrolina,PE,8739832126,-9.3781231,-40.4908215,cadastro_cnes,ambulatorio-especialidades,,ATENDIMENTOS NOS TURNOS DA MANHA E A TARDE,no,,unknown,,cnes-dados-abertos (atualizado no CNES em 2025-09-03),2026-09-23T18:24:38Z,,pendente,,4 - Policlínica,incluido,
cnes-5475236,5475236,AUDIEQUILIBRIO,private,no,PACIFICO DA LUZ,843,,CENTRO,56304010,Petrolina,PE,8796333770,-9.393703931446112,-40.500743638218786,cadastro_cnes,,,ATENDIMENTOS NOS TURNOS DA MANHA E A TARDE,no,,unknown,,cnes-dados-abertos (atualizado no CNES em 2025-09-03),2026-09-23T18:24:38Z,,pendente,,22 - Consultório isolado,excluido,tipo 22 fora do critério de inclusão v1
cnes-5480809,5480809,SERMED MEDICINA HUMANA VETERINARIA LTDA,private,no,CARDOSO DE SA,950,,CIDADE UNIVERSITARIA,56328020,Petrolina,PE,,-9.398580201299108,-40.48178427116382,cadastro_cnes,,,ATENDIMENTOS NOS TURNOS DA MANHA E A TARDE,no,,unknown,,cnes-dados-abertos (atualizado no CNES em 2025-09-03),2026-09-23T18:24:38Z,,pendente,,22 - Consultório isolado,excluido,tipo 22 fora do critério de inclusão v1
cnes-5486483,5486483,SOARES E SOARES ODONTOLOGIA APLICADA,private,no,ENGENHEIRO CARLOS PINHEIRO,171,,CENTRO,56302310,Petrolina,PE,8738623867,-9.398288292412284,-40.49779843618543,cadastro_cnes,ambulatorio-especialidades,,ATENDIMENTOS NOS TURNOS DA MANHA E A TARDE,no,,unknown,,cnes-dados-abertos (atualizado no CNES em 2025-09-03),2026-09-23T18:24:38Z,,pendente,,36 - Clínica / centro de especialidade,incluido,
cnes-5496373,5496373,TRANSCENDER EVOLUCAO DO SER,private,no,JOSE DO PATROCINIO,390,,VILA EDUARDO,56328150,Petrolina,PE,8788551524,-9.389482601304474,-40.48568498840204,cadastro_cnes,,,ATENDIMENTOS NOS TURNOS DA MANHA E A TARDE,no,,unknown,,cnes-dados-abertos (atualizado no CNES em 2025-09-03),2026-09-23T18:24:38Z,,pendente,,22 - Consultório isolado,excluido,tipo 22 fora do critério de inclusão v1
cnes-5500036,5500036,CLIAM,private,no,SENADOR DARCI RIBEIRO,450,,MARIA AUXILIADORA,56330400,Petrolina,PE,8788192123,-9.390291191244202,-40.49301134232869,cadastro_cnes,ambulatorio-especialidades,,ATENDIMENTOS NOS TURNOS DA MANHA E A TARDE,no,,unknown,,cnes-dados-abertos (atualizado no CNES em 2025-09-03),2026-09-23T18:24:38Z,,pendente,,36 - Clínica / centro de especialidade,incluido,
cnes-5509963,5509963,COMMUNICARE TERAPIA FONOAUDIOLOGICA,private,no,DOUTOR JOSE MARIA,110,,CENTRO,56304050,Petrolina,PE,8788394607,-9.396525983181371,-40.49849679999999,cadastro_cnes,,,ATENDIMENTOS NOS TURNOS DA MANHA E A TARDE,no,,unknown,,cnes-dados-abertos (atualizado no CNES em 2025-09-03),2026-09-23T18:24:38Z,,pendente,,22 - Consultório isolado,excluido,tipo 22 fora do critério de inclusão v1
cnes-5514223,5514223,YOEL CLINICA DA MENTE INTEGRADA,private,no,JOAQUIM NABUCO,541,,CENTRO,56304040,Petrolina,PE,8730241687,-9.39715077615276,-40.49961486871212,cadastro_cnes,,,ATENDIMENTOS NOS TURNOS DA MANHA E A TARDE,no,,unknown,,cnes-dados-abertos (atualizado no CNES em 2025-09-03),2026-09-23T18:24:38Z,,pendente,,22 - Consultório isolado,excluido,tipo 22 fora do critério de inclusão v1
cnes-5514541,5514541,CLINICA REVITALIZE,private,no,DAS UMBURANAS,65,,AREIA BRANCA,56330130,Petrolina,PE,8799258480,-9.382826402443044,-40.49360571649913,cadastro_cnes,,,ATENDIMENTOS NOS TURNOS DA MANHA E A TARDE,no,,unknown,,cnes-dados-abertos (atualizado no CNES em 2025-09-03),2026-09-23T18:24:38Z,,pendente,,22 - Consultório isolado,excluido,tipo 22 fora do critério de inclusão v1
cnes-5514665,5514665,ESPACO TERAPEUTICO CINTHIA FRANCA LTDA,private,no,AURELIANO FRANCISCO NETO,178,,ATRAS DA BANCA,56308120,Petrolina,PE,8788581991,-9.396155552892818,-40.50983625767236,cadastro_cnes,ambulatorio-especialidades,,ATENDIMENTOS NOS TURNOS DA MANHA E A TARDE,no,,unknown,,cnes-dados-abertos (atualizado no CNES em 2026-01-20),2026-09-23T18:24:38Z,,pendente,,36 - Clínica / centro de especialidade,incluido,
cnes-5526868,5526868,CENTER PLASTICA,private,no,AV MONSENHOR ANGELO SAMPAIO,100,,CENTRO,56304920,Petrolina,PE,8738628161,-9.384209,-40.4886422,cadastro_cnes,,,ATENDIMENTOS NOS TURNOS DA MANHA E A TARDE,no,,unknown,,cnes-dados-abertos (atualizado no CNES em 2025-09-03),2026-09-23T18:24:38Z,,pendente,,22 - Consultório isolado,excluido,desabilitado no CNES (motivo 08)
cnes-5546451,5546451,OFTALMO DIAGNOSTICO DR DAVID FARIAS,private,no,TOBIAS BARRETO,284,,CENTRO,56304210,Petrolina,PE,8738622077,-9.393310446244312,-40.50193744662884,cadastro_cnes,ambulatorio-especialidades,,ATENDIMENTOS NOS TURNOS DA MANHA E A TARDE,no,,unknown,,cnes-dados-abertos (atualizado no CNES em 2025-09-03),2026-09-23T18:24:38Z,,pendente,,36 - Clínica / centro de especialidade,incluido,
cnes-5555418,5555418,CAROLINA GOMES SA,private,no,RUA SANTA LUZIA,85,,CENTRO,56304210,Petrolina,PE,87988780873,-9.39641811867195,-40.496740125304946,cadastro_cnes,,,ATENDIMENTOS NOS TURNOS DA MANHA E A TARDE,no,,unknown,,cnes-dados-abertos (atualizado no CNES em 2025-09-03),2026-09-23T18:24:38Z,,pendente,,22 - Consultório isolado,excluido,tipo 22 fora do critério de inclusão v1
cnes-5555434,5555434,AP SAUDE CLINICA MEDICA,private,no,FERNANDO MENEZES DE GOES,676,,CENTRO,56304020,Petrolina,PE,,-9.395717036430696,-40.49764746258259,cadastro_cnes,ambulatorio-especialidades,,ATENDIMENTOS NOS TURNOS DA MANHA E A TARDE,no,,unknown,,cnes-dados-abertos (atualizado no CNES em 2026-07-21),2026-09-23T18:24:38Z,,pendente,,36 - Clínica / centro de especialidade,incluido,
cnes-5555469,5555469,INNOVASF,private,no,JOAQUIM NABUCO,541,,CENTRO,56304040,Petrolina,PE,8781099206,-9.396835214929729,-40.499584023319976,cadastro_cnes,,,ATENDIMENTOS NOS TURNOS DA MANHA E A TARDE,no,,unknown,,cnes-dados-abertos (atualizado no CNES em 2025-10-14),2026-09-23T18:24:38Z,,pendente,,22 - Consultório isolado,excluido,tipo 22 fora do critério de inclusão v1
cnes-5566940,5566940,ALCANCE CLINICA DE DESENVOLVIMENTO INFANTIL,private,no,JOSE CRISPINIANO COELHO BRANDAO,61,,CIDADE UNIVERSITARIA,56328785,Petrolina,PE,8788437472,-9.393205902819876,-40.482975800000006,cadastro_cnes,,,ATENDIMENTOS NOS TURNOS DA MANHA E A TARDE,no,,unknown,,cnes-dados-abertos (atualizado no CNES em 2025-09-03),2026-09-23T18:24:38Z,,pendente,,22 - Consultório isolado,excluido,tipo 22 fora do critério de inclusão v1
cnes-5568943,5568943,AMORID CLINICA DE ESPECIALIDADES,private,no,CASTRO ALVES,356,,CENTRO,56304340,Petrolina,PE,,-9.394188489309123,-40.50374730981777,cadastro_cnes,,,ATENDIMENTOS NOS TURNOS DA MANHA E A TARDE,no,,unknown,,cnes-dados-abertos (atualizado no CNES em 2025-09-03),2026-09-23T18:24:38Z,,pendente,,22 - Consultório isolado,excluido,tipo 22 fora do critério de inclusão v1
cnes-5572851,5572851,INSTITUTO VIVER,private,no,PACIFICO DA LUZ,900,,CENTRO,56304010,Petrolina,PE,,-9.393093630042264,-40.500349828824646,cadastro_cnes,,,ATENDIMENTOS NOS TURNOS DA MANHA E A TARDE,no,,unknown,,cnes-dados-abertos (atualizado no CNES em 2025-09-03),2026-09-23T18:24:38Z,,pendente,,22 - Consultório isolado,excluido,tipo 22 fora do critério de inclusão v1
cnes-5574021,5574021,NERY PSICOLOGIA INTEGRADA,private,no,DANTAS BARRETO,7,,VILA EDUARDO,56328120,Petrolina,PE,8788476967,-9.391280522442274,-40.48547668220592,cadastro_cnes,,,ATENDIMENTOS NOS TURNOS DA MANHA E A TARDE,no,,unknown,,cnes-dados-abertos (atualizado no CNES em 2025-09-03),2026-09-23T18:24:38Z,,pendente,,22 - Consultório isolado,excluido,tipo 22 fora do critério de inclusão v1
cnes-5574080,5574080,IMUNIZE VACINAS RIVER,private,no,MONSENHOR ANGELO SAMPAIO,100,,CENTRO,56304920,Petrolina,PE,8791197977,-9.393855303508836,-40.49282879996379,cadastro_cnes,,,ATENDIMENTOS NOS TURNOS DA MANHA E A TARDE,no,,unknown,,cnes-dados-abertos (atualizado no CNES em 2025-09-03),2026-09-23T18:24:38Z,,pendente,,22 - Consultório isolado,excluido,tipo 22 fora do critério de inclusão v1
cnes-5580838,5580838,CLINICA HEROS,private,no,DO UMBUZEIRO,175,,AREIA BRANCA,56328420,Petrolina,PE,,-9.38139837565882,-40.49105093558132,cadastro_cnes,,,ATENDIMENTOS NOS TURNOS DA MANHA E A TARDE,no,,unknown,,cnes-dados-abertos (atualizado no CNES em 2025-09-03),2026-09-23T18:24:38Z,,pendente,,22 - Consultório isolado,excluido,tipo 22 fora do critério de inclusão v1
cnes-5581303,5581303,ARTHUR FARIAS FISIO,private,no,RUA TAMBAQUI R 08,151,,CIDADE UNIVERSITARIA,56332720,Petrolina,PE,8738626466,-9.394977214961031,-40.47282216208723,cadastro_cnes,,,ATENDIMENTOS NOS TURNOS DA MANHA E A TARDE,no,,unknown,,cnes-dados-abertos (atualizado no CNES em 2025-09-03),2026-09-23T18:24:38Z,,pendente,,22 - Consultório isolado,excluido,tipo 22 fora do critério de inclusão v1
cnes-5605423,5605423,INSTITUTO AMMO,private,no,MONSENHOR ANGELO SAMPAIO,690,,SAO JOSE,56328000,Petrolina,PE,8781041913,-9.391376060747204,-40.48894137486176,cadastro_cnes,,,ATENDIMENTOS NOS TURNOS DA MANHA E A TARDE,no,,unknown,,cnes-dados-abertos (atualizado no CNES em 2025-09-03),2026-09-23T18:24:38Z,,pendente,,22 - Consultório isolado,excluido,tipo 22 fora do critério de inclusão v1
cnes-5608627,5608627,PRO CORACAO,private,no,MONSENHOR ANGELO SAMPAIO,100,,CENTRO,56304160,Petrolina,PE,8721014272,-9.387989761146697,-40.488922990805825,cadastro_cnes,ambulatorio-especialidades,,ATENDIMENTOS NOS TURNOS DA MANHA E A TARDE,no,,unknown,,cnes-dados-abertos (atualizado no CNES em 2025-09-03),2026-09-23T18:24:38Z,,pendente,,36 - Clínica / centro de especialidade,incluido,
cnes-5615887,5615887,REALIZE ODONTOLOGIA ESPECIALIZADA,private,no,RUA ENGENHEIRO CARLOS PINHEIRO,352,,CENTRO,56328480,Petrolina,PE,8730318771,-9.394712,-40.4980143,cadastro_cnes,,,ATENDIMENTOS NOS TURNOS DA MANHA E A TARDE,no,,unknown,,cnes-dados-abertos (atualizado no CNES em 2025-09-03),2026-09-23T18:24:38Z,,pendente,,22 - Consultório isolado,excluido,tipo 22 fora do critério de inclusão v1
cnes-5629810,5629810,BIOANALISES LABORATORIO PRIME,private,no,FERNANDO MENEZES DE GOES,550,,CENTRO,56304020,Petrolina,PE,8738612011,-9.395470249509605,-40.498904194477845,cadastro_cnes,ambulatorio-especialidades,,ATENDIMENTOS NOS TURNOS DA MANHA E A TARDE,no,,unknown,,cnes-dados-abertos (atualizado no CNES em 2025-09-03),2026-09-23T18:24:38Z,,pendente,,36 - Clínica / centro de especialidade,incluido,
cnes-5635950,5635950,ABCD PETROLINA,private,no,DOUTOR CARLOS NASCIMENTO,170,,SAO JOSE,56328255,Petrolina,PE,87991202282,-9.396169066845404,-40.484905248413256,cadastro_cnes,ambulatorio-especialidades,,ATENDIMENTOS NOS TURNOS DA MANHA E A TARDE,no,,unknown,,cnes-dados-abertos (atualizado no CNES em 2026-06-06),2026-09-23T18:24:38Z,,pendente,,36 - Clínica / centro de especialidade,incluido,
cnes-5638518,5638518,MEDLAB MEDICINA LABORATORIAL,private,yes,PRACA PIO XII,283,,CENTRO,56304430,Petrolina,PE,8788323900,-9.393265091903677,-40.503302317788204,cadastro_cnes,exames-terapias,,ATENDIMENTOS NOS TURNOS DA MANHA E A TARDE,no,,unknown,,cnes-dados-abertos (atualizado no CNES em 2025-09-03),2026-09-23T18:24:38Z,,pendente,,39 - Unidade de apoio diagnose e terapia (SADT isolado),incluido,
cnes-5640318,5640318,DB DIAGNOSTICOS,private,no,PIO XII,290,,CENTRO,56304430,Petrolina,PE,,-9.388781709065103,-40.51249096441722,cadastro_cnes,,,ATENDIMENTOS NOS TURNOS DA MANHA E A TARDE,no,,unknown,,cnes-dados-abertos (atualizado no CNES em 2025-09-03),2026-09-23T18:24:38Z,,pendente,,22 - Consultório isolado,excluido,tipo 22 fora do critério de inclusão v1
cnes-5651751,5651751,CENTRO DE EXCELENCIA EM OFTALMOLOGIA VSF CEO DO VALE,private,no,JOAQUIM NABUCO,541,,CENTRO,56304040,Petrolina,PE,8788197142,-9.39685704621695,-40.49958268221031,cadastro_cnes,,,ATENDIMENTOS NOS TURNOS DA MANHA E A TARDE,no,,unknown,,cnes-dados-abertos (atualizado no CNES em 2025-09-03),2026-09-23T18:24:38Z,,pendente,,22 - Consultório isolado,excluido,tipo 22 fora do critério de inclusão v1
cnes-5653118,5653118,CENTRAL DE REGULACAO DAS URGENCIAS DE PETROLINA,public,no,RUA MARTINIANO CANDIDO DA SILVA,306,,COHAB MASSANGANO,56310270,Petrolina,PE,,-9.378828157366707,-40.53516414907204,cadastro_cnes,,,"ATENDIMENTO CONTINUO DE 24 HORAS/DIA (PLANTAO:INCLUI SABADOS, DOMINGOS E FERIADOS)",yes,,unknown,,cnes-dados-abertos (atualizado no CNES em 2025-10-14),2026-09-23T18:24:38Z,,pendente,,76 - Central de regulação médica das urgências,excluido,tipo 76 fora do critério de inclusão v1
cnes-5672988,5672988,CONSULTORIO DE FONOAUDIOLOGIA,private,no,AVENIDA JOAQUIM NABUCO,642,,CENTRO,56304040,Petrolina,PE,,,,,,,ATENDIMENTOS NOS TURNOS DA MANHA E A TARDE,no,,unknown,,cnes-dados-abertos (atualizado no CNES em 2025-09-03),2026-09-23T18:24:38Z,,pendente,,22 - Consultório isolado,excluido,desabilitado no CNES (motivo 04)
cnes-5678595,5678595,CLINICA DERMATOLOGICA DR CATIA SANTOS,private,no,DR FERNANDO GOES,696,,CENTRO,56304020,Petrolina,PE,8738622077,-9.395591850961244,-40.4974863644182,cadastro_cnes,,,ATENDIMENTOS NOS TURNOS DA MANHA E A TARDE,no,,unknown,,cnes-dados-abertos (atualizado no CNES em 2025-09-03),2026-09-23T18:24:38Z,,pendente,,22 - Consultório isolado,excluido,tipo 22 fora do critério de inclusão v1
cnes-5682576,5682576,VIP ENDOSCOPIA,private,no,TOBIAS BARRETO,164,,CENTRO,56304210,Petrolina,PE,8738622077,-9.393502667064851,-40.50078532883579,cadastro_cnes,,,ATENDIMENTOS NOS TURNOS DA MANHA E A TARDE,no,,unknown,,cnes-dados-abertos (atualizado no CNES em 2025-09-03),2026-09-23T18:24:38Z,,pendente,,22 - Consultório isolado,excluido,tipo 22 fora do critério de inclusão v1
cnes-5682584,5682584,ONCOLOGIA VALE DO SAO FRANCISCO,private,no,FERNANDO MENEZES GOES,1048,,CENTRO,56304020,Petrolina,PE,8738610392,-9.396017965320764,-40.49433283068473,cadastro_cnes,ambulatorio-especialidades,,ATENDIMENTO SOMENTE A TARDE,no,,unknown,,cnes-dados-abertos (atualizado no CNES em 2025-09-03),2026-09-23T18:24:38Z,,pendente,,36 - Clínica / centro de especialidade,incluido,
cnes-5709164,5709164,ORTHOS,private,no,TOBIAS BARRETO,08,,CENTRO,56304210,Petrolina,PE,8798026707,-9.393827832749677,-40.49851408895705,cadastro_cnes,ambulatorio-especialidades,,"ATENDIMENTO NOS TURNOS DA MANHA, TARDE E NOITE",no,,unknown,,cnes-dados-abertos (atualizado no CNES em 2025-09-03),2026-09-23T18:24:38Z,,pendente,,36 - Clínica / centro de especialidade,incluido,
cnes-5710464,5710464,RENYVAN SOUZA DOS SANTOS,private,no,RAIMUNDO BARBOSA DOS SANTOS,131,,VILA EDUARDO,56328627,Petrolina,PE,,-9.38804898174636,-40.4873327913421,cadastro_cnes,,,ATENDIMENTOS NOS TURNOS DA MANHA E A TARDE,no,,unknown,,cnes-dados-abertos (atualizado no CNES em 2025-09-03),2026-09-23T18:24:38Z,,pendente,,22 - Consultório isolado,excluido,tipo 22 fora do critério de inclusão v1
cnes-5715911,5715911,UNIDADE ODONTOLOGICA MOVEL III,public,no,AV DR FERNANDO GOES,537,,CENTRO,56304020,Petrolina,PE,,-9.395325306266031,-40.498955112942184,cadastro_cnes,,,ATENDIMENTOS NOS TURNOS DA MANHA E A TARDE,no,,unknown,,cnes-dados-abertos (atualizado no CNES em 2025-09-03),2026-09-23T18:24:38Z,,pendente,,40 - Unidade móvel terrestre,excluido,tipo 40 fora do critério de inclusão v1
cnes-5727456,5727456,ELLEN THANESA DE SOUZA MORAIS SANDES PASSOS,private,no,IMPERIAL,145,,VILA EDUARDO,56328100,Petrolina,PE,8781102212,-9.391339910220594,-40.48342293802857,cadastro_cnes,,,ATENDIMENTOS NOS TURNOS DA MANHA E A TARDE,no,,unknown,,cnes-dados-abertos (atualizado no CNES em 2025-09-03),2026-09-23T18:24:38Z,,pendente,,22 - Consultório isolado,excluido,tipo 22 fora do critério de inclusão v1
cnes-5738105,5738105,CLINAP CLINICA DE ATENDIMENTO PRIME,private,no,FERNANDO MENEZES DE GOES,574,,CENTRO,56304020,Petrolina,PE,8730241145,-9.395582326534063,-40.498577432532684,cadastro_cnes,ambulatorio-especialidades,,ATENDIMENTOS NOS TURNOS DA MANHA E A TARDE,no,,unknown,,cnes-dados-abertos (atualizado no CNES em 2025-09-03),2026-09-23T18:24:38Z,,pendente,,36 - Clínica / centro de especialidade,incluido,
cnes-5745225,5745225,PRIME SAUDE,private,no,ARCOVERDE,155,,ATRAS DA BANCA,56308130,Petrolina,PE,,-9.396151093334836,-40.51031116501496,cadastro_cnes,,,ATENDIMENTOS NOS TURNOS DA MANHA E A TARDE,no,,unknown,,cnes-dados-abertos (atualizado no CNES em 2025-09-03),2026-09-23T18:24:38Z,,pendente,,22 - Consultório isolado,excluido,tipo 22 fora do critério de inclusão v1
cnes-5761107,5761107,INOVA ODONTOLOGIA E ESTETICA,private,no,ABILIO MOURATO CRUZ,06,,COHAB MASSANGANO,56310150,Petrolina,PE,,-9.381543353667182,-40.534285635587025,cadastro_cnes,,,ATENDIMENTOS NOS TURNOS DA MANHA E A TARDE,no,,unknown,,cnes-dados-abertos (atualizado no CNES em 2025-09-03),2026-09-23T18:24:38Z,,pendente,,22 - Consultório isolado,excluido,tipo 22 fora do critério de inclusão v1
cnes-5761484,5761484,INSTITUTO TRIADE DE SAUDE ESPORTE E TERAPIAS INTEGRATIVAS L,private,no,DA INTEGRACAO AYRTON SENNA,422,,SAO JOSE,56308340,Petrolina,PE,,-9.399783425954102,-40.488687938720005,cadastro_cnes,,,ATENDIMENTOS NOS TURNOS DA MANHA E A TARDE,no,,unknown,,cnes-dados-abertos (atualizado no CNES em 2025-09-11),2026-09-23T18:24:38Z,,pendente,,22 - Consultório isolado,excluido,tipo 22 fora do critério de inclusão v1
cnes-5793378,5793378,ROSA DE SARON ODONTOLOGIA LTDA,private,no,9,20,,ZONA RURAL,56334899,Petrolina,PE,8781224639,-9.18587343430948,-40.56033106083708,cadastro_cnes,,,ATENDIMENTOS NOS TURNOS DA MANHA E A TARDE,no,,unknown,,cnes-dados-abertos (atualizado no CNES em 2025-09-03),2026-09-23T18:24:38Z,,pendente,,22 - Consultório isolado,excluido,tipo 22 fora do critério de inclusão v1
cnes-5797136,5797136,INSTITUTO BLOHEM SAUDE PERSONALIZADA E ESTETICA,private,no,CARDOSO DE SA,770,,CIDADE UNIVERSITARIA,56328020,Petrolina,PE,,-9.400168700983352,-40.48342861349377,cadastro_cnes,ambulatorio-especialidades,,ATENDIMENTOS NOS TURNOS DA MANHA E A TARDE,no,,unknown,,cnes-dados-abertos (atualizado no CNES em 2025-09-03),2026-09-23T18:24:38Z,,pendente,,36 - Clínica / centro de especialidade,incluido,
cnes-5803098,5803098,RAFAELA BARBOSA PEIXOTO,private,no,SAO PAULO,30,,VILA EULALIA,56331270,Petrolina,PE,,-9.374041470657732,-40.50217408655842,cadastro_cnes,,,ATENDIMENTOS NOS TURNOS DA MANHA E A TARDE,no,,unknown,,cnes-dados-abertos (atualizado no CNES em 2025-09-03),2026-09-23T18:24:38Z,,pendente,,22 - Consultório isolado,excluido,tipo 22 fora do critério de inclusão v1
cnes-5818621,5818621,HARAS BEM AMIGOS,private,no,NOSSA SENHORA DO ROSARIO,191,,ANTONIO CASSIMIRO,56319660,Petrolina,PE,8788219753,-9.377393021808338,-40.515331499999995,cadastro_cnes,ambulatorio-especialidades,,ATENDIMENTOS NOS TURNOS DA MANHA E A TARDE,no,,unknown,,cnes-dados-abertos (atualizado no CNES em 2025-09-11),2026-09-23T18:24:38Z,,pendente,,36 - Clínica / centro de especialidade,incluido,
cnes-5820308,5820308,ESPACO TERAPEUTICO EVOLUI,private,no,MARIO RIBEIRO DE MESQUITA,45,,SAO JOSE,56328235,Petrolina,PE,,-9.38866,-40.5027,cadastro_cnes,,,ATENDIMENTOS NOS TURNOS DA MANHA E A TARDE,no,,unknown,,cnes-dados-abertos (atualizado no CNES em 2025-09-11),2026-09-23T18:24:38Z,,pendente,,22 - Consultório isolado,excluido,tipo 22 fora do critério de inclusão v1
cnes-5823331,5823331,FGA ANA CAROLINA,private,no,VILA SAO FRANCISCO,223,,CENTRO,56302280,Petrolina,PE,8788778240,-9.398496340264819,-40.49564646441626,cadastro_cnes,ambulatorio-especialidades,,ATENDIMENTOS NOS TURNOS DA MANHA E A TARDE,no,,unknown,,cnes-dados-abertos (atualizado no CNES em 2025-09-11),2026-09-23T18:24:38Z,,pendente,,36 - Clínica / centro de especialidade,incluido,
cnes-5832306,5832306,FARMACIA DE PERNAMBUCO UNIDADE SAO FRANCISCO,public,yes,RUA PROJETADA,55,,VILA MOCO,56304185,Petrolina,PE,,-9.3972699,-40.4821909,cadastro_cnes,,,ATENDIMENTOS NOS TURNOS DA MANHA E A TARDE,no,,unknown,,cnes-dados-abertos (atualizado no CNES em 2025-10-18),2026-09-23T18:24:38Z,,pendente,,43 - Farmácia,excluido,tipo 43 fora do critério de inclusão v1
cnes-5850282,5850282,EQUIPES MULTIPROFISSIONAIS NA ATENCAO PRIMARIA A SAUDE 5,public,yes,RUA 22,S/N,,COHAB MASSANGANO,56302000,Petrolina,PE,,-9.383292774701331,-40.53700305341187,cadastro_cnes,,,ATENDIMENTOS NOS TURNOS DA MANHA E A TARDE,no,,unknown,,cnes-dados-abertos (atualizado no CNES em 2025-09-11),2026-09-23T18:24:38Z,,pendente,,71 - Centro de apoio à saúde da família,excluido,tipo 71 fora do critério de inclusão v1
cnes-5855888,5855888,VIII GERENCIA REGIONAL DE SAUDE PETROLINA,public,yes,AV FERNANDO GOES,S/N,,CENTRO,56304913,Petrolina,PE,87386665550,-9.395654529003917,-40.496978759765625,cadastro_cnes,,,ATENDIMENTOS NOS TURNOS DA MANHA E A TARDE,no,,unknown,,cnes-dados-abertos (atualizado no CNES em 2025-09-03),2026-09-23T18:24:38Z,,pendente,,68 - Central de gestão em saúde,excluido,tipo 68 fora do critério de inclusão v1
cnes-5871840,5871840,CDU,private,no,TOBIAS BARRETO,164,,CENTRO,56304210,Petrolina,PE,8788141065,-9.393297057982794,-40.50078099646882,cadastro_cnes,,,ATENDIMENTO SOMENTE PELA MANHA,no,,unknown,,cnes-dados-abertos (atualizado no CNES em 2025-09-03),2026-09-23T18:24:38Z,,pendente,,22 - Consultório isolado,excluido,tipo 22 fora do critério de inclusão v1
cnes-5873436,5873436,INSTITUTO DE FERIDAS SAUDE E QUALIDADE DE VIDA,private,no,DA INTEGRACAO AYRTON SENNA,550,,VILA EDUARDO,56328010,Petrolina,PE,8798089602,-9.388710737615465,-40.490757364420595,cadastro_cnes,,,ATENDIMENTOS NOS TURNOS DA MANHA E A TARDE,no,,unknown,,cnes-dados-abertos (atualizado no CNES em 2025-10-18),2026-09-23T18:24:38Z,,pendente,,22 - Consultório isolado,excluido,tipo 22 fora do critério de inclusão v1
cnes-5918715,5918715,FISIOLAB,private,no,FERNANDO REIS,10,,ATRAS DA BANCA,56308070,Petrolina,PE,8799113138,-9.398896329780658,-40.50956181779085,cadastro_cnes,,,ATENDIMENTOS NOS TURNOS DA MANHA E A TARDE,no,,unknown,,cnes-dados-abertos (atualizado no CNES em 2025-10-18),2026-09-23T18:24:38Z,,pendente,,22 - Consultório isolado,excluido,tipo 22 fora do critério de inclusão v1
cnes-5918847,5918847,DRA CLARISSA LACERDA,private,no,JOAQUIM NABUCO,541,,CENTRO,56304040,Petrolina,PE,8781108494,-9.396605655536986,-40.499574635581716,cadastro_cnes,,,ATENDIMENTO COM TURNOS INTERMITENTES,unknown,,unknown,,cnes-dados-abertos (atualizado no CNES em 2025-10-18),2026-09-23T18:24:38Z,,pendente,,22 - Consultório isolado,excluido,tipo 22 fora do critério de inclusão v1
cnes-5927366,5927366,UBS SIMAO PEDRO COELHO,public,yes,TRAVESSA DA RUA B,S/N,,PROJETO SENADOR NILO,56304020,Petrolina,PE,8739867103,-9.374547587918197,-40.50933837890625,cadastro_cnes,atencao-basica,,ATENDIMENTOS NOS TURNOS DA MANHA E A TARDE,no,,unknown,,cnes-dados-abertos (atualizado no CNES em 2025-09-03),2026-09-23T18:24:38Z,,pendente,,2 - Centro de saúde / Unidade básica,incluido,
cnes-5941636,5941636,ECOIMAGEM,private,yes,PRESIDENTE TANCREDO NEVES,1019,,CENTRO,56304190,Petrolina,PE,8738622992,-9.395803801850056,-40.49468100860045,cadastro_cnes,exames-terapias,,ATENDIMENTOS NOS TURNOS DA MANHA E A TARDE,no,,unknown,,cnes-dados-abertos (atualizado no CNES em 2025-09-03),2026-09-23T18:24:38Z,,pendente,,39 - Unidade de apoio diagnose e terapia (SADT isolado),incluido,
cnes-5987318,5987318,CINTIA MAXIMIANO,private,no,DR JOSE DUARTE,195,,COHAB SAO FRANCISCO,56309430,Petrolina,PE,8788432321,-9.39755988945389,-40.54826692883968,cadastro_cnes,,,ATENDIMENTOS NOS TURNOS DA MANHA E A TARDE,no,,unknown,,cnes-dados-abertos (atualizado no CNES em 2025-11-13),2026-09-23T18:24:38Z,,pendente,,22 - Consultório isolado,excluido,tipo 22 fora do critério de inclusão v1
cnes-5987377,5987377,FMV PESSOA JUNIOR ASSISTENCIA INFANTIL LTDA,private,no,TAMANDARE,282,,MARIA AUXILIADORA,56330400,Petrolina,PE,,-9.389531796914289,-40.49190836441872,cadastro_cnes,ambulatorio-especialidades,,ATENDIMENTOS NOS TURNOS DA MANHA E A TARDE,no,,unknown,,cnes-dados-abertos (atualizado no CNES em 2025-11-13),2026-09-23T18:24:38Z,,pendente,,36 - Clínica / centro de especialidade,incluido,
cnes-5992796,5992796,CLINIC PRO LTDA,private,no,CASTRO ALVES,353,,CENTRO,56304340,Petrolina,PE,8791822228,-9.39436195969709,-40.503713782206766,cadastro_cnes,ambulatorio-especialidades,,ATENDIMENTOS NOS TURNOS DA MANHA E A TARDE,no,,unknown,,cnes-dados-abertos (atualizado no CNES em 2025-11-13),2026-09-23T18:24:38Z,,pendente,,36 - Clínica / centro de especialidade,incluido,
cnes-5992893,5992893,CLINICA VIVER BEM KIDS,private,no,RAIMUNDO GARANHUNS LACERDA,150,,SAO JOSE,56302470,Petrolina,PE,8791556160,-9.40112,-40.4891,cadastro_cnes,,,ATENDIMENTOS NOS TURNOS DA MANHA E A TARDE,no,,unknown,,cnes-dados-abertos (atualizado no CNES em 2025-11-13),2026-09-23T18:24:38Z,,pendente,,22 - Consultório isolado,excluido,tipo 22 fora do critério de inclusão v1
cnes-6002730,6002730,NEURO CENTER,private,no,RUA JOAQUIM NABUCO,649,,CENTRO,56304040,Petrolina,PE,,-8.9980124,-40.271579,cadastro_cnes,,,ATENDIMENTO SOMENTE A TARDE,no,,unknown,,cnes-dados-abertos (atualizado no CNES em 2025-09-03),2026-09-23T18:24:38Z,,pendente,,22 - Consultório isolado,excluido,desabilitado no CNES (motivo 11)
cnes-6021964,6021964,REABILIT,private,no,SOUZA FILHO,842,,CENTRO,56302370,Petrolina,PE,8738640174,-9.3937656203189,-40.50173874357929,cadastro_cnes,ambulatorio-especialidades,,"ATENDIMENTO NOS TURNOS DA MANHA, TARDE E NOITE",no,,unknown,,cnes-dados-abertos (atualizado no CNES em 2025-09-03),2026-09-23T18:24:38Z,,pendente,,36 - Clínica / centro de especialidade,incluido,
cnes-6042414,6042414,HOSPITAL DE ENSINO DR WASHINGTON ANTONIO DE BARROS,private,yes,RUA ANDRE VIDAL NEGREIROS,S/N,,CENTRO,56304917,Petrolina,PE,8721016500,-9.38901,-40.49653,cadastro_cnes,hospital;internacao;centro-cirurgico,,"ATENDIMENTO CONTINUO DE 24 HORAS/DIA (PLANTAO:INCLUI SABADOS, DOMINGOS E FERIADOS)",yes,,unknown,,cnes-dados-abertos (atualizado no CNES em 2025-09-04),2026-09-23T18:24:38Z,,pendente,,5 - Hospital geral,incluido,
cnes-6046509,6046509,FONOCLIN CLINICA FONOAUDIOLOGICA LTDA S C,private,no,AV MONSENHOR ANGELO SAMPAIO,100,,MARIA AUXILIADORA,56302290,Petrolina,PE,,,,,,,ATENDIMENTOS NOS TURNOS DA MANHA E A TARDE,no,,unknown,,cnes-dados-abertos (atualizado no CNES em 2025-09-03),2026-09-23T18:24:38Z,,pendente,,22 - Consultório isolado,excluido,desabilitado no CNES (motivo 08)
cnes-6110452,6110452,PSI PSICOLOGIA E PSICANALISE,private,no,ENGENHEIRO CARLOS PINHEIRO,171,,CENTRO,56302310,Petrolina,PE,,-9.398313431366326,-40.497801118390846,cadastro_cnes,,,ATENDIMENTOS NOS TURNOS DA MANHA E A TARDE,no,,unknown,,cnes-dados-abertos (atualizado no CNES em 2025-09-03),2026-09-23T18:24:38Z,,pendente,,22 - Consultório isolado,excluido,tipo 22 fora do critério de inclusão v1
cnes-6113990,6113990,UBS JOAO JOSE ARAUJO,public,yes,RUA M,06,,N 10,56304020,Petrolina,PE,,-9.4035444,-40.5380305,cadastro_cnes,atencao-basica,,ATENDIMENTOS NOS TURNOS DA MANHA E A TARDE,no,,unknown,,cnes-dados-abertos (atualizado no CNES em 2025-09-03),2026-09-23T18:24:38Z,,pendente,,2 - Centro de saúde / Unidade básica,incluido,
cnes-6121772,6121772,CONSULTORIO ODONTOLOGICO,private,no,RUA ANTONIO SANTANA FILHO,540,,CENTRO,56302300,Petrolina,PE,8738612235,-9.393,-40.508,cadastro_cnes,,,ATENDIMENTOS NOS TURNOS DA MANHA E A TARDE,no,,unknown,,cnes-dados-abertos (atualizado no CNES em 2025-09-03),2026-09-23T18:24:38Z,,pendente,,22 - Consultório isolado,excluido,desabilitado no CNES (motivo 04)
cnes-6142273,6142273,CLIN,private,no,RUA CASTRO ALVES,356,,CENTRO,56304340,Petrolina,PE,8738616899,-9.3942345,-40.5037122,cadastro_cnes,ambulatorio-especialidades,,ATENDIMENTOS NOS TURNOS DA MANHA E A TARDE,no,,unknown,,cnes-dados-abertos (atualizado no CNES em 2026-07-14),2026-09-23T18:24:38Z,,pendente,,36 - Clínica / centro de especialidade,excluido,desabilitado no CNES (motivo 08)
cnes-6192483,6192483,ODONTOLOGIA ESTETICA E REPARADORA,private,no,RUA COLISEU,137,,CENTRO,56302390,Petrolina,PE,8738612483,-9.397839225646697,-40.49816437546343,cadastro_cnes,,,ATENDIMENTOS NOS TURNOS DA MANHA E A TARDE,no,,unknown,,cnes-dados-abertos (atualizado no CNES em 2025-09-03),2026-09-23T18:24:38Z,,pendente,,22 - Consultório isolado,excluido,tipo 22 fora do critério de inclusão v1
cnes-6231209,6231209,CTA SAE PETROLINA,public,yes,RUA JOAQUIM NABUCO,537,,CENTRO,56304900,Petrolina,PE,8738668555,-8.9980124,-40.271579,cadastro_cnes,ambulatorio-especialidades,,ATENDIMENTOS NOS TURNOS DA MANHA E A TARDE,no,,unknown,,cnes-dados-abertos (atualizado no CNES em 2025-09-03),2026-09-23T18:24:38Z,,pendente,coordenada do cadastro fora do limite municipal (OSM); descartada para rota até conferência,4 - Policlínica,incluido,
cnes-6234372,6234372,CLINICA ALENCAR,private,no,RUA CORONEL AMORIM,257,,CENTRO,56302320,Petrolina,PE,8738621051,-9.3977476,-40.5008956,cadastro_cnes,ambulatorio-especialidades,,ATENDIMENTOS NOS TURNOS DA MANHA E A TARDE,no,,unknown,,cnes-dados-abertos (atualizado no CNES em 2025-09-03),2026-09-23T18:24:38Z,,pendente,,36 - Clínica / centro de especialidade,incluido,
cnes-6235174,6235174,ORAL CLIN C ESPECIALIZADO EM ODONTOLOGIA NORDESTE LTDA,private,no,FERNANDO MENEZES DE GOES,550,,CENTRO,56304020,Petrolina,PE,,-9.395492742440455,-40.498881395696266,cadastro_cnes,ambulatorio-especialidades,,ATENDIMENTOS NOS TURNOS DA MANHA E A TARDE,no,,unknown,,cnes-dados-abertos (atualizado no CNES em 2025-09-03),2026-09-23T18:24:38Z,,pendente,,36 - Clínica / centro de especialidade,incluido,
cnes-6254209,6254209,VERUSCA RIBEIRO CLINICA MEDICA,private,no,AV FERNANDO GOES,820,,CENTRO,56304020,Petrolina,PE,,-9.3956996,-40.496874,cadastro_cnes,,,ATENDIMENTO COM TURNOS INTERMITENTES,unknown,,unknown,,cnes-dados-abertos (atualizado no CNES em 2025-09-03),2026-09-23T18:24:38Z,,pendente,,22 - Consultório isolado,excluido,tipo 22 fora do critério de inclusão v1
cnes-6254705,6254705,CONSULTORIO DE FISIOTERAPIA,private,no,RUA DR NESTOR CAVALCANTE,168,,JARDIM PAULO AFONSO,56304400,Petrolina,PE,,-9.389515161954943,-40.506161914095436,cadastro_cnes,,,ATENDIMENTOS NOS TURNOS DA MANHA E A TARDE,no,,unknown,,cnes-dados-abertos (atualizado no CNES em 2025-09-03),2026-09-23T18:24:38Z,,pendente,,22 - Consultório isolado,excluido,tipo 22 fora do critério de inclusão v1
cnes-6267092,6267092,CONSULTORIO ODONTOLOGICO DRA SILVIA,private,no,AV SOUZA FILHO,997,,CENTRO,56302170,Petrolina,PE,8788231010,-9.392296517539409,-40.501717190180486,cadastro_cnes,,,ATENDIMENTOS NOS TURNOS DA MANHA E A TARDE,no,,unknown,,cnes-dados-abertos (atualizado no CNES em 2025-09-03),2026-09-23T18:24:38Z,,pendente,,22 - Consultório isolado,excluido,tipo 22 fora do critério de inclusão v1
cnes-6269419,6269419,INTERPLASTICA,private,unknown,PACIFICO DA LUZ,461,,CENTRO,56304010,Petrolina,PE,,-9.39730448936022,-40.50108359325485,cadastro_cnes,ambulatorio-especialidades;internacao;centro-cirurgico,,ATENDIMENTOS NOS TURNOS DA MANHA E A TARDE,no,,unknown,,cnes-dados-abertos (atualizado no CNES em 2025-10-14),2026-09-23T18:24:38Z,,pendente,,36 - Clínica / centro de especialidade,incluido,
cnes-6270220,6270220,ARTE DE SORRIR CLINICA ODONTOLOGICA LTDA,private,no,TOBIAS BARRETO,212,,CENTRO,56304210,Petrolina,PE,8738622545,-9.393400152056389,-40.50123405078234,cadastro_cnes,ambulatorio-especialidades,,ATENDIMENTOS NOS TURNOS DA MANHA E A TARDE,no,,unknown,,cnes-dados-abertos (atualizado no CNES em 2025-09-03),2026-09-23T18:24:38Z,,pendente,,36 - Clínica / centro de especialidade,incluido,
cnes-6276199,6276199,DR GINA PSICOLOGIA,private,no,AVENIDA JOAQUIM NABUCO,627,,CENTRO,56304040,Petrolina,PE,8738623005,-9.396141344447733,-40.499319228833,cadastro_cnes,,,ATENDIMENTOS NOS TURNOS DA MANHA E A TARDE,no,,unknown,,cnes-dados-abertos (atualizado no CNES em 2025-10-17),2026-09-23T18:24:38Z,,pendente,,22 - Consultório isolado,excluido,tipo 22 fora do critério de inclusão v1
cnes-6276245,6276245,INSTITUTO DE OLHOS,private,yes,MONSENHOR ANGELO SAMPAIO,100,,CENTRO,56304160,Petrolina,PE,8738621996,-9.388026809127215,-40.48880229140524,cadastro_cnes,ambulatorio-especialidades,,"ATENDIMENTO NOS TURNOS DA MANHA, TARDE E NOITE",no,,unknown,,cnes-dados-abertos (atualizado no CNES em 2025-09-03),2026-09-23T18:24:38Z,,pendente,,36 - Clínica / centro de especialidade,incluido,
cnes-6284973,6284973,SINTONIA CENTRO INTEGRADO DE SAUDE,private,no,VILA SAO FRANCISCO,431,,CENTRO,56302280,Petrolina,PE,,-9.398673808233543,-40.49379054232675,cadastro_cnes,ambulatorio-especialidades,,ATENDIMENTOS NOS TURNOS DA MANHA E A TARDE,no,,unknown,,cnes-dados-abertos (atualizado no CNES em 2025-09-03),2026-09-23T18:24:38Z,,pendente,,36 - Clínica / centro de especialidade,incluido,
cnes-6289657,6289657,ALTER EGO TRATAMENTO DO SER,private,no,JOAQUIM NABUCO,627,,CENTRO,56304040,Petrolina,PE,8738623005,-9.396200884447818,-40.49943992823589,cadastro_cnes,,,ATENDIMENTO SOMENTE A TARDE,no,,unknown,,cnes-dados-abertos (atualizado no CNES em 2025-09-03),2026-09-23T18:24:38Z,,pendente,,22 - Consultório isolado,excluido,tipo 22 fora do critério de inclusão v1
cnes-6289797,6289797,PETROMED,private,no,CLEMENTINO COELHO,541,,ATRAS DA BANCA,56308001,Petrolina,PE,,-9.397359781804097,-40.51164212453795,cadastro_cnes,,,ATENDIMENTOS NOS TURNOS DA MANHA E A TARDE,no,,unknown,,cnes-dados-abertos (atualizado no CNES em 2025-09-03),2026-09-23T18:24:38Z,,pendente,,22 - Consultório isolado,excluido,tipo 22 fora do critério de inclusão v1
cnes-6296637,6296637,CLIMEGO,private,no,AV FERNANDO GOES,820,,CENTRO,56304020,Petrolina,PE,,-9.3956996,-40.496874,cadastro_cnes,ambulatorio-especialidades,,ATENDIMENTO COM TURNOS INTERMITENTES,unknown,,unknown,,cnes-dados-abertos (atualizado no CNES em 2025-09-03),2026-09-23T18:24:38Z,,pendente,,36 - Clínica / centro de especialidade,incluido,
cnes-6311113,6311113,CENPRE,private,unknown,FRANCISCO DE ASSIS CAVALCANTI,133,,CIDADE UNIVERSITARIA,56328800,Petrolina,PE,8738668250,-9.393701191354234,-40.4824390337315,cadastro_cnes,hospital-dia;internacao;centro-cirurgico,,ATENDIMENTOS NOS TURNOS DA MANHA E A TARDE,no,,unknown,,cnes-dados-abertos (atualizado no CNES em 2025-09-03),2026-09-23T18:24:38Z,,pendente,,62 - Hospital-dia isolado,incluido,
cnes-6311687,6311687,CARDIOVASF INSTITUTO DO CORACAO DO VALE DO SAO FRANCISCO,private,no,PACIFICO DA LUZ,850,,CENTRO,56304010,Petrolina,PE,8738612946,-9.3947325,-40.5004051735631,cadastro_cnes,ambulatorio-especialidades,,ATENDIMENTOS NOS TURNOS DA MANHA E A TARDE,no,,unknown,,cnes-dados-abertos (atualizado no CNES em 2025-09-03),2026-09-23T18:24:38Z,,pendente,,36 - Clínica / centro de especialidade,incluido,
cnes-6321208,6321208,ORTODERM,private,no,AV MONSENHOR ANGELO SAMPAIO,100,,CENTRO,56302290,Petrolina,PE,8738625159,-9.387233328799931,-40.48859038222647,cadastro_cnes,,,ATENDIMENTO SOMENTE A TARDE,no,,unknown,,cnes-dados-abertos (atualizado no CNES em 2026-01-20),2026-09-23T18:24:38Z,,pendente,,22 - Consultório isolado,excluido,tipo 22 fora do critério de inclusão v1
cnes-6328482,6328482,ETICA E SAUDE LTDA,private,no,CARDOSO DE SA,595,,CENTRO,56302110,Petrolina,PE,8788068861,-9.403233074418043,-40.49713457851314,cadastro_cnes,ambulatorio-especialidades,,ATENDIMENTOS NOS TURNOS DA MANHA E A TARDE,no,,unknown,,cnes-dados-abertos (atualizado no CNES em 2025-09-03),2026-09-23T18:24:38Z,,pendente,,36 - Clínica / centro de especialidade,incluido,
cnes-6341314,6341314,DE CARLI DUARTE SERVICOS DE SAUDE ASSOCIADOS,private,no,TOBIAS BARRETO,164,,CENTRO,56304210,Petrolina,PE,8781126744,-9.39349194739583,-40.50029970000099,cadastro_cnes,,,ATENDIMENTOS NOS TURNOS DA MANHA E A TARDE,no,,unknown,,cnes-dados-abertos (atualizado no CNES em 2025-09-03),2026-09-23T18:24:38Z,,pendente,,22 - Consultório isolado,excluido,tipo 22 fora do critério de inclusão v1
cnes-6430880,6430880,FARMACIA POPULAR DO BRASIL AREIA BRANCA,public,no,RUA ANTONIO PEDROSA,210,,AREIA BRANCA,56330075,Petrolina,PE,8738642367,,,,,,ATENDIMENTOS NOS TURNOS DA MANHA E A TARDE,no,,unknown,,cnes-dados-abertos (atualizado no CNES em 2025-09-03),2026-09-23T18:24:38Z,,pendente,,43 - Farmácia,excluido,desabilitado no CNES (motivo 04)
cnes-6430953,6430953,FARMACIA POPULAR DO BRASIL COHAB MASSANGANO,public,no,RUA MARTINIANO CANDIDO,S/N,,COHAB MASSANGANO,56310270,Petrolina,PE,8738612364,,,,,,ATENDIMENTOS NOS TURNOS DA MANHA E A TARDE,no,,unknown,,cnes-dados-abertos (atualizado no CNES em 2025-09-03),2026-09-23T18:24:38Z,,pendente,,43 - Farmácia,excluido,desabilitado no CNES (motivo 04)
cnes-6537049,6537049,INSTITUTO HOLOS,private,no,RUA CRISRIM DE AMORIM COELHO,293,,CENTRO,56304220,Petrolina,PE,8738621755,-9.39298199128575,-40.50137106445326,cadastro_cnes,ambulatorio-especialidades,,ATENDIMENTOS NOS TURNOS DA MANHA E A TARDE,no,,unknown,,cnes-dados-abertos (atualizado no CNES em 2026-01-20),2026-09-23T18:24:38Z,,pendente,,36 - Clínica / centro de especialidade,incluido,
cnes-6542441,6542441,CONSULTORIO ODONTOLOGICO E ESTETICA,private,no,RUA TOBIAS BARRETO,294,,CENTRO,56304210,Petrolina,PE,8738616511,-9.393125030039414,-40.50202159999706,cadastro_cnes,,,"ATENDIMENTO NOS TURNOS DA MANHA, TARDE E NOITE",no,,unknown,,cnes-dados-abertos (atualizado no CNES em 2025-09-03),2026-09-23T18:24:38Z,,pendente,,22 - Consultório isolado,excluido,tipo 22 fora do critério de inclusão v1
cnes-6549632,6549632,ROGERIO PROTESES,private,yes,JANUARIO ALVES,58,,CENTRO,56304320,Petrolina,PE,8730350561,-9.3947509,-40.5057931,cadastro_cnes,exames-terapias,,ATENDIMENTOS NOS TURNOS DA MANHA E A TARDE,no,,unknown,,cnes-dados-abertos (atualizado no CNES em 2025-09-03),2026-09-23T18:24:38Z,,pendente,,39 - Unidade de apoio diagnose e terapia (SADT isolado),incluido,
cnes-6593577,6593577,PRESTMED,private,no,DR JULIO DE MELO,102,,CENTRO,56302150,Petrolina,PE,8738670402,-9.400398638104543,-40.49897884232842,cadastro_cnes,,,ATENDIMENTOS NOS TURNOS DA MANHA E A TARDE,no,,unknown,,cnes-dados-abertos (atualizado no CNES em 2025-09-03),2026-09-23T18:24:38Z,,pendente,,22 - Consultório isolado,excluido,tipo 22 fora do critério de inclusão v1
cnes-6608817,6608817,UNIMED VALE DO SAO FRANCISCO,private,no,DO COLISEU,123,,CENTRO,56302390,Petrolina,PE,8738667928,-9.397634031057184,-40.498357711046694,cadastro_cnes,,,,unknown,,unknown,,cnes-dados-abertos (atualizado no CNES em 2026-01-23),2026-09-23T18:24:38Z,,pendente,,60 - Cooperativa ou empresa de cessão de trabalhadores,excluido,tipo 60 fora do critério de inclusão v1
cnes-6613667,6613667,OFTALMOPED,private,no,RUA TOBIAS BARRETO,284,,CENTRO,56304210,Petrolina,PE,8738618423,-9.4296127,-40.5050507,cadastro_cnes,ambulatorio-especialidades,,ATENDIMENTOS NOS TURNOS DA MANHA E A TARDE,no,,unknown,,cnes-dados-abertos (atualizado no CNES em 2025-09-03),2026-09-23T18:24:38Z,,pendente,coordenada do cadastro fora do limite municipal (OSM); descartada para rota até conferência,36 - Clínica / centro de especialidade,incluido,
cnes-6637019,6637019,RENASCER CLINICA DE PSICOLOGIA,private,no,RUA JOAQUIM NABUCO,642,,CENTRO,56304040,Petrolina,PE,8788478982,-9.3964103,-40.4994732,cadastro_cnes,,,ATENDIMENTOS NOS TURNOS DA MANHA E A TARDE,no,,unknown,,cnes-dados-abertos (atualizado no CNES em 2025-09-03),2026-09-23T18:24:38Z,,pendente,,22 - Consultório isolado,excluido,tipo 22 fora do critério de inclusão v1
cnes-6640834,6640834,LASAC,private,no,AVENIDA DA INTEGRACAO,121,,GERCINO COELHO,56306150,Petrolina,PE,8738625416,-9.3785793,-40.5062471,cadastro_cnes,exames-terapias,,ATENDIMENTOS NOS TURNOS DA MANHA E A TARDE,no,,unknown,,cnes-dados-abertos (atualizado no CNES em 2025-09-03),2026-09-23T18:24:38Z,,pendente,,39 - Unidade de apoio diagnose e terapia (SADT isolado),incluido,
cnes-6645380,6645380,ESTIMA DERMATOLOGIA E MEDICINA ESTETICA,private,no,RUA ALCIDES PADILHA,67,,CENTRO,56304090,Petrolina,PE,8738611417,-9.3952877,-40.4975212735917,cadastro_cnes,ambulatorio-especialidades,,ATENDIMENTOS NOS TURNOS DA MANHA E A TARDE,no,,unknown,,cnes-dados-abertos (atualizado no CNES em 2025-09-03),2026-09-23T18:24:38Z,,pendente,,36 - Clínica / centro de especialidade,incluido,
cnes-6665179,6665179,LABORATORIO CERPE PETROLINA,private,no,RUA CORONEL AMORIM,184,,CENTRO,56302320,Petrolina,PE,,-9.3977476,-40.5008956,cadastro_cnes,exames-terapias,,ATENDIMENTOS NOS TURNOS DA MANHA E A TARDE,no,,unknown,,cnes-dados-abertos (atualizado no CNES em 2025-09-03),2026-09-23T18:24:38Z,,pendente,,39 - Unidade de apoio diagnose e terapia (SADT isolado),excluido,desabilitado no CNES (motivo 10)
cnes-6666868,6666868,AUDIOFISIOSAUDE,private,no,RUA PADRE FRAGA,110,,CENTRO,56304280,Petrolina,PE,8730315000,-9.397010310392949,-40.5042760797645,cadastro_cnes,ambulatorio-especialidades,,ATENDIMENTOS NOS TURNOS DA MANHA E A TARDE,no,,unknown,,cnes-dados-abertos (atualizado no CNES em 2025-10-14),2026-09-23T18:24:38Z,,pendente,,36 - Clínica / centro de especialidade,incluido,
cnes-6673279,6673279,CLINDERME,private,no,RUA DR JULIO DE MELO,59,,CENTRO,56302150,Petrolina,PE,8738618347,-9.400092845206704,-40.49939489999999,cadastro_cnes,,,ATENDIMENTOS NOS TURNOS DA MANHA E A TARDE,no,,unknown,,cnes-dados-abertos (atualizado no CNES em 2025-10-14),2026-09-23T18:24:38Z,,pendente,,22 - Consultório isolado,excluido,tipo 22 fora do critério de inclusão v1
cnes-6680437,6680437,SERVICO DE INFECTOLOGIA DE PETROLINA SEINPE,public,yes,RUA DR JOSE E MARIA,130,,CENTRO,56302430,Petrolina,PE,8738649084,-9.396485830244165,-40.49821799140312,cadastro_cnes,ambulatorio-especialidades,,ATENDIMENTOS NOS TURNOS DA MANHA E A TARDE,no,,unknown,,cnes-dados-abertos (atualizado no CNES em 2025-09-03),2026-09-23T18:24:38Z,,pendente,,36 - Clínica / centro de especialidade,incluido,
cnes-6689221,6689221,INSTITUTO DO SONO,private,no,RUA DR JULIO DE MELO,330,,CENTRO,56302150,Petrolina,PE,,-9.400403251978494,-40.496740688957686,cadastro_cnes,ambulatorio-especialidades,,ATENDIMENTOS NOS TURNOS DA MANHA E A TARDE,no,,unknown,,cnes-dados-abertos (atualizado no CNES em 2025-09-03),2026-09-23T18:24:38Z,,pendente,,36 - Clínica / centro de especialidade,incluido,
cnes-6689256,6689256,COI,private,no,AV BERNARDINO DE AMORIM COELHO,15,,JOSE E MARIA,56302000,Petrolina,PE,8738640449,-9.37321652882305,-40.49280979814685,cadastro_cnes,,,ATENDIMENTOS NOS TURNOS DA MANHA E A TARDE,no,,unknown,,cnes-dados-abertos (atualizado no CNES em 2025-09-03),2026-09-23T18:24:38Z,,pendente,,22 - Consultório isolado,excluido,tipo 22 fora do critério de inclusão v1
cnes-6718744,6718744,CLIPSIVALE,private,no,DO CACTO,165,,AREIA BRANCA,56328410,Petrolina,PE,8788087343,-9.3831344,-40.491148,cadastro_cnes,,,ATENDIMENTOS NOS TURNOS DA MANHA E A TARDE,no,,unknown,,cnes-dados-abertos (atualizado no CNES em 2025-09-03),2026-09-23T18:24:38Z,,pendente,,22 - Consultório isolado,excluido,tipo 22 fora do critério de inclusão v1
cnes-6719074,6719074,TFD INTERMUNICIPAL DE PETROLINA,public,no,AV DA INTEGRACAO,1219,,MARIA AUXILIADORA,56328010,Petrolina,PE,8738668561,-9.384175227649443,-40.5005324176011,cadastro_cnes,,,ATENDIMENTO SOMENTE PELA MANHA,no,,unknown,,cnes-dados-abertos (atualizado no CNES em 2025-09-03),2026-09-23T18:24:38Z,,pendente,,81 - Central de regulação do acesso,excluido,tipo 81 fora do critério de inclusão v1
cnes-6723985,6723985,OFTALMO BRASIL DR VICTOR PINHEIRO,private,no,DO COLISEU,137,,CENTRO,56302390,Petrolina,PE,,-9.397873626369227,-40.49816437546865,cadastro_cnes,ambulatorio-especialidades,,ATENDIMENTOS NOS TURNOS DA MANHA E A TARDE,no,,unknown,,cnes-dados-abertos (atualizado no CNES em 2025-09-03),2026-09-23T18:24:38Z,,pendente,,36 - Clínica / centro de especialidade,incluido,
cnes-6733360,6733360,NUCLEO DE PREVENCAO DA VIOLENCIA E PROMOCAO DA SAUDE,public,no,AV FERNANDO GOES,537,,CENTRO,56304916,Petrolina,PE,8738623210,-9.39522153065734,-40.49900298220373,cadastro_cnes,,,ATENDIMENTOS NOS TURNOS DA MANHA E A TARDE,no,,unknown,,cnes-dados-abertos (atualizado no CNES em 2025-09-03),2026-09-23T18:24:38Z,,pendente,,50 - Unidade de vigilância em saúde,excluido,tipo 50 fora do critério de inclusão v1
cnes-6741665,6741665,CENTRAL DE VACINAS,private,no,DOUTOR JOSE MARIANO,1174,,CENTRO,56302190,Petrolina,PE,8738623650,-9.39063724823494,-40.496206283569336,cadastro_cnes,exames-terapias,,ATENDIMENTOS NOS TURNOS DA MANHA E A TARDE,no,,unknown,,cnes-dados-abertos (atualizado no CNES em 2025-09-03),2026-09-23T18:24:38Z,,pendente,,39 - Unidade de apoio diagnose e terapia (SADT isolado),incluido,
cnes-6769454,6769454,RADIMAGEM DIAGNOSTICO MEDICOS POR IMAGEM,private,no,RUA CRISPIM AMORIM COELHO,159,,CENTRO,56304220,Petrolina,PE,8738613324,-9.393114,-40.500131,cadastro_cnes,exames-terapias,,ATENDIMENTOS NOS TURNOS DA MANHA E A TARDE,no,,unknown,,cnes-dados-abertos (atualizado no CNES em 2025-09-03),2026-09-23T18:24:38Z,,pendente,,39 - Unidade de apoio diagnose e terapia (SADT isolado),incluido,
cnes-6783201,6783201,PRIMER ODONTOLOGIA,private,no,CRISPIM DE AMORIM COELHO,278,,CENTRO,56304320,Petrolina,PE,8788194901,-9.392860549295012,-40.50116074109926,cadastro_cnes,ambulatorio-especialidades,,"ATENDIMENTO NOS TURNOS DA MANHA, TARDE E NOITE",no,,unknown,,cnes-dados-abertos (atualizado no CNES em 2025-09-03),2026-09-23T18:24:38Z,,pendente,,36 - Clínica / centro de especialidade,incluido,
cnes-6785999,6785999,ELOISA SALGUEIRO FERNANDES,private,no,AVENIDA CARDOSO DE SA,776,,VILA DOS INGAS,56328020,Petrolina,PE,,-9.4006236,-40.5057368,cadastro_cnes,,,ATENDIMENTOS NOS TURNOS DA MANHA E A TARDE,no,,unknown,,cnes-dados-abertos (atualizado no CNES em 2025-09-03),2026-09-23T18:24:38Z,,pendente,,22 - Consultório isolado,excluido,tipo 22 fora do critério de inclusão v1
cnes-6801250,6801250,INSIGTH,private,no,RUA CRISPIM AMORIM COELHO,166,,CENTRO,56304220,Petrolina,PE,8738625881,-9.392949310530144,-40.500127935582306,cadastro_cnes,,,ATENDIMENTOS NOS TURNOS DA MANHA E A TARDE,no,,unknown,,cnes-dados-abertos (atualizado no CNES em 2025-09-03),2026-09-23T18:24:38Z,,pendente,,22 - Consultório isolado,excluido,tipo 22 fora do critério de inclusão v1
cnes-6824587,6824587,MARIANA DIAS,private,no,DR POSSIDONIO NASCIMENTO COELHO,44,,CENTRO,56304030,Petrolina,PE,8738617984,-9.39603316798896,-40.49901717116421,cadastro_cnes,,,ATENDIMENTOS NOS TURNOS DA MANHA E A TARDE,no,,unknown,,cnes-dados-abertos (atualizado no CNES em 2025-09-03),2026-09-23T18:24:38Z,,pendente,,22 - Consultório isolado,excluido,tipo 22 fora do critério de inclusão v1
cnes-6824595,6824595,FRENUS CLINICA MEDICA PSICOLOGICA E PSIQUIATRICA,private,no,DO COLISEU,250,,CENTRO,56302390,Petrolina,PE,8738611477,-9.397888698576669,-40.49721751778771,cadastro_cnes,,,"ATENDIMENTO NOS TURNOS DA MANHA, TARDE E NOITE",no,,unknown,,cnes-dados-abertos (atualizado no CNES em 2025-09-03),2026-09-23T18:24:38Z,,pendente,,22 - Consultório isolado,excluido,tipo 22 fora do critério de inclusão v1
cnes-6836976,6836976,CLINICAL CENTER CARE DIAGNOSTICO,private,no,TOME CAVALCANTE,261,,AREIA BRANCA,56330055,Petrolina,PE,8730249898,-9.377860290019248,-40.493921841099706,cadastro_cnes,,,ATENDIMENTOS NOS TURNOS DA MANHA E A TARDE,no,,unknown,,cnes-dados-abertos (atualizado no CNES em 2025-11-13),2026-09-23T18:24:38Z,,pendente,,22 - Consultório isolado,excluido,tipo 22 fora do critério de inclusão v1
cnes-6838073,6838073,BEM ME QUERO CENTRO DE SAUDE MENTAL,private,no,ANTONIO DE SANTANA FILHO,600,,CENTRO,56302300,Petrolina,PE,8781731333,-9.39891508997303,-40.49683145092834,cadastro_cnes,,,ATENDIMENTOS NOS TURNOS DA MANHA E A TARDE,no,,unknown,,cnes-dados-abertos (atualizado no CNES em 2025-11-13),2026-09-23T18:24:38Z,,pendente,,22 - Consultório isolado,excluido,tipo 22 fora do critério de inclusão v1
cnes-6840892,6840892,INSTITUTO MOURA SAUDE MENTAL,private,no,PROJETADA 02,30,,SAO JOSE,56302790,Petrolina,PE,8791009779,-9.382457,-40.5034743,cadastro_cnes,ambulatorio-especialidades,,ATENDIMENTOS NOS TURNOS DA MANHA E A TARDE,no,,unknown,,cnes-dados-abertos (atualizado no CNES em 2025-11-13),2026-09-23T18:24:38Z,,pendente,,36 - Clínica / centro de especialidade,incluido,
cnes-6840949,6840949,SIMONE VILAS REABILITAR,private,no,DO VALLE,02,,COHAB SAO FRANCISCO,56309412,Petrolina,PE,,-9.405759292943385,-40.55303829325483,cadastro_cnes,,,ATENDIMENTOS NOS TURNOS DA MANHA E A TARDE,no,,unknown,,cnes-dados-abertos (atualizado no CNES em 2025-11-13),2026-09-23T18:24:38Z,,pendente,,22 - Consultório isolado,excluido,tipo 22 fora do critério de inclusão v1
cnes-6845835,6845835,HARMONIA ESPACO TERAPEUTICO,private,no,JOAQUIM NABUCO,651,,CENTRO,56304040,Petrolina,PE,8781741286,-9.395936369792928,-40.49949000305118,cadastro_cnes,ambulatorio-especialidades,,ATENDIMENTOS NOS TURNOS DA MANHA E A TARDE,no,,unknown,,cnes-dados-abertos (atualizado no CNES em 2025-09-03),2026-09-23T18:24:38Z,,pendente,,36 - Clínica / centro de especialidade,incluido,
cnes-6846009,6846009,CLINICA ULTRACENTER,private,no,AV MONSENHOR ANGELO SAMPAIO,100,,SAO JOSE,56330300,Petrolina,PE,8738615881,-9.387865385753441,-40.48886666441666,cadastro_cnes,exames-terapias,,ATENDIMENTOS NOS TURNOS DA MANHA E A TARDE,no,,unknown,,cnes-dados-abertos (atualizado no CNES em 2025-10-17),2026-09-23T18:24:38Z,,pendente,,39 - Unidade de apoio diagnose e terapia (SADT isolado),incluido,
cnes-6849040,6849040,CAPS INFANTIL JOSEMARIO MENEZES DA SILVA JUNIOR,public,no,R DA SIMPATIA,135,,CENTRO,56304340,Petrolina,PE,,-9.392637063205111,-40.50497824510573,cadastro_cnes,saude-mental,,ATENDIMENTOS NOS TURNOS DA MANHA E A TARDE,no,,unknown,,cnes-dados-abertos (atualizado no CNES em 2025-09-03),2026-09-23T18:24:38Z,,pendente,,70 - Centro de atenção psicossocial (CAPS),incluido,
cnes-6861741,6861741,CENSO,private,no,DOUTOR JULIO DE MELO,81,,CENTRO,56302150,Petrolina,PE,8738610066,-9.400158098643518,-40.499215531966385,cadastro_cnes,,,ATENDIMENTOS NOS TURNOS DA MANHA E A TARDE,no,,unknown,,cnes-dados-abertos (atualizado no CNES em 2025-09-03),2026-09-23T18:24:38Z,,pendente,,22 - Consultório isolado,excluido,tipo 22 fora do critério de inclusão v1
cnes-6864260,6864260,EQUIPES MULTIPROFISSIONAIS NA ATENCAO PRIMARIA A SAUDE 1,public,yes,RUA BERNARDINO DE AMORIM COELHO,S/N,,JOSE E MARIA,56320310,Petrolina,PE,,-9.3728431,-40.4928016,cadastro_cnes,,,ATENDIMENTOS NOS TURNOS DA MANHA E A TARDE,no,,unknown,,cnes-dados-abertos (atualizado no CNES em 2025-09-03),2026-09-23T18:24:38Z,,pendente,,71 - Centro de apoio à saúde da família,excluido,tipo 71 fora do critério de inclusão v1
cnes-6864546,6864546,ACADEMIA DA SAUDE ISABEL CAVALCANTI COELHO,public,yes,AVENIDA DAS NACOES,S/N,,VILA MOCO,56306260,Petrolina,PE,,-9.3968895,-40.5053752,cadastro_cnes,,,ATENDIMENTOS NOS TURNOS DA MANHA E A TARDE,no,,unknown,,cnes-dados-abertos (atualizado no CNES em 2025-09-03),2026-09-23T18:24:38Z,,pendente,,74 - Polo Academia da Saúde,excluido,tipo 74 fora do critério de inclusão v1
cnes-6865623,6865623,CLIME CLINICA ESPECIALIZADA,private,no,PACIFICO DA LUZ,850,,CENTRO,56304010,Petrolina,PE,8788555213,-9.393558828308777,-40.500221982208835,cadastro_cnes,ambulatorio-especialidades,,ATENDIMENTOS NOS TURNOS DA MANHA E A TARDE,no,,unknown,,cnes-dados-abertos (atualizado no CNES em 2025-09-03),2026-09-23T18:24:38Z,,pendente,,36 - Clínica / centro de especialidade,incluido,
cnes-6867510,6867510,EQUIPES MULTIPROFISSIONAIS NA ATENCAO PRIMARIA A SAUDE 2,public,yes,RUA 7,S/N,,ANTONIO CASSIMIRO,56306040,Petrolina,PE,,-9.393,-40.508,cadastro_cnes,,,ATENDIMENTOS NOS TURNOS DA MANHA E A TARDE,no,,unknown,,cnes-dados-abertos (atualizado no CNES em 2025-09-03),2026-09-23T18:24:38Z,,pendente,,71 - Centro de apoio à saúde da família,excluido,desabilitado no CNES (motivo 04)
cnes-6867650,6867650,EQUIPES MULTIPROFISSIONAIS NA ATENCAO PRIMARIA A SAUDE 3,public,yes,RUA 12,S/N,,OURO PRETO,56318635,Petrolina,PE,8738621893,-9.3863112,-40.5457038,cadastro_cnes,,,ATENDIMENTOS NOS TURNOS DA MANHA E A TARDE,no,,unknown,,cnes-dados-abertos (atualizado no CNES em 2025-09-03),2026-09-23T18:24:38Z,,pendente,,71 - Centro de apoio à saúde da família,excluido,desabilitado no CNES (motivo 04)
cnes-6867707,6867707,EQUIPES MULTIPROFISSIONAIS NA ATENCAO PRIMARIA A SAUDE 4,public,yes,RUA 56,21,,JOAO DE DEUS,56316566,Petrolina,PE,,-9.3571538,-40.5423148,cadastro_cnes,,,ATENDIMENTOS NOS TURNOS DA MANHA E A TARDE,no,,unknown,,cnes-dados-abertos (atualizado no CNES em 2025-09-03),2026-09-23T18:24:38Z,,pendente,,71 - Centro de apoio à saúde da família,excluido,desabilitado no CNES (motivo 04)
cnes-6878466,6878466,CLINICARDIO CLINICA CARDIOLOGICA,private,no,JOAO PERNAMBUCO,S/N,,CIDADE UNIVERSITARIA,56332710,Petrolina,PE,8788123778,-9.397859581986797,-40.470080550922724,cadastro_cnes,ambulatorio-especialidades,,ATENDIMENTOS NOS TURNOS DA MANHA E A TARDE,no,,unknown,,cnes-dados-abertos (atualizado no CNES em 2025-09-03),2026-09-23T18:24:38Z,,pendente,,36 - Clínica / centro de especialidade,incluido,
cnes-6882641,6882641,CLINICA PELE,private,no,DA INTEGRACAO AYRTON SENNA,561,,SAO JOSE,56328010,Petrolina,PE,8788432242,-9.388732691156962,-40.49063534973789,cadastro_cnes,,,ATENDIMENTOS NOS TURNOS DA MANHA E A TARDE,no,,unknown,,cnes-dados-abertos (atualizado no CNES em 2025-09-03),2026-09-23T18:24:38Z,,pendente,,22 - Consultório isolado,excluido,tipo 22 fora do critério de inclusão v1
cnes-6883036,6883036,SOTE,private,no,RUA PACIFICO DA LUZ,900,,CENTRO,56304010,Petrolina,PE,8738613933,-9.3952615,-40.5006711,cadastro_cnes,ambulatorio-especialidades,,ATENDIMENTOS NOS TURNOS DA MANHA E A TARDE,no,,unknown,,cnes-dados-abertos (atualizado no CNES em 2025-09-03),2026-09-23T18:24:38Z,,pendente,,36 - Clínica / centro de especialidade,incluido,
cnes-6884709,6884709,CLINICA POPULAR DE PETROLINA,private,no,RUA JOAQUIM NABUCO,584,,CENTRO,56304040,Petrolina,PE,8738618440,-9.396551643690492,-40.49935429325483,cadastro_cnes,ambulatorio-especialidades,,ATENDIMENTOS NOS TURNOS DA MANHA E A TARDE,no,,unknown,,cnes-dados-abertos (atualizado no CNES em 2025-10-14),2026-09-23T18:24:38Z,,pendente,,4 - Policlínica,incluido,
cnes-6890083,6890083,AUDIOCLIN,private,no,DOUTOR JULIO DE MELO,330,,CENTRO,56302150,Petrolina,PE,8738612551,-9.400352974373124,-40.49674337116898,cadastro_cnes,ambulatorio-especialidades,,ATENDIMENTOS NOS TURNOS DA MANHA E A TARDE,no,,unknown,,cnes-dados-abertos (atualizado no CNES em 2025-09-03),2026-09-23T18:24:38Z,,pendente,,36 - Clínica / centro de especialidade,incluido,
cnes-6899692,6899692,CLINICA DE ESPECIALIDADES ODONTOLOGICAS LTDA,private,no,FERNANDO MENEZES DE GOES,526,,CENTRO,56304020,Petrolina,PE,,-9.395475728283992,-40.49910691779115,cadastro_cnes,ambulatorio-especialidades,,ATENDIMENTOS NOS TURNOS DA MANHA E A TARDE,no,,unknown,,cnes-dados-abertos (atualizado no CNES em 2025-09-03),2026-09-23T18:24:38Z,,pendente,,36 - Clínica / centro de especialidade,incluido,
cnes-6903010,6903010,AUDIFON,private,no,RUA DR JULIO DE MELO,160,,CENTRO,56302150,Petrolina,PE,8738610417,-9.400480071208296,-40.49845174829849,cadastro_cnes,ambulatorio-especialidades,,ATENDIMENTOS NOS TURNOS DA MANHA E A TARDE,no,,unknown,,cnes-dados-abertos (atualizado no CNES em 2025-09-03),2026-09-23T18:24:38Z,,pendente,,36 - Clínica / centro de especialidade,incluido,
cnes-6914470,6914470,OLHARES CENTRO DE ESPECIALIDADE DA VISAO LTDA EPP,private,no,CRISPIM DE AMORIM COELHO,201,,CENTRO,56304220,Petrolina,PE,8738622006,-9.392969954105984,-40.5005808957032,cadastro_cnes,ambulatorio-especialidades,,ATENDIMENTOS NOS TURNOS DA MANHA E A TARDE,no,,unknown,,cnes-dados-abertos (atualizado no CNES em 2025-09-03),2026-09-23T18:24:38Z,,pendente,,36 - Clínica / centro de especialidade,incluido,
cnes-6916147,6916147,CECAP,private,no,LUCAS ROBERTO DE ARAUJO,491,,CIDADE UNIVERSITARIA,56332720,Petrolina,PE,8781482178,-9.393442223201466,-40.47661694232821,cadastro_cnes,,,ATENDIMENTO SOMENTE A TARDE,no,,unknown,,cnes-dados-abertos (atualizado no CNES em 2025-09-03),2026-09-23T18:24:38Z,,pendente,,22 - Consultório isolado,excluido,tipo 22 fora do critério de inclusão v1
cnes-6961673,6961673,SAMU 192 PETROLINA USB 04,public,no,RUA MARTINIANO CANDIDO DA SILVA,205,,COHAB MASSANGANO,56310270,Petrolina,PE,,-9.378996721685619,-40.535297590736285,cadastro_cnes,,,"ATENDIMENTO CONTINUO DE 24 HORAS/DIA (PLANTAO:INCLUI SABADOS, DOMINGOS E FERIADOS)",yes,,unknown,,cnes-dados-abertos (atualizado no CNES em 2025-09-03),2026-09-23T18:24:38Z,,pendente,,42 - Unidade móvel de nível pré-hospitalar (urgência),excluido,tipo 42 fora do critério de inclusão v1
cnes-6961738,6961738,SAMU 192 PETROLINA USB 01,public,no,RUA MARTINIANO CANDIDO DA SILVA,S/N,,COHAB MASSANGANO,56310270,Petrolina,PE,,-9.378648128063036,-40.53547013558172,cadastro_cnes,,,"ATENDIMENTO CONTINUO DE 24 HORAS/DIA (PLANTAO:INCLUI SABADOS, DOMINGOS E FERIADOS)",yes,,unknown,,cnes-dados-abertos (atualizado no CNES em 2026-01-20),2026-09-23T18:24:38Z,,pendente,,42 - Unidade móvel de nível pré-hospitalar (urgência),excluido,tipo 42 fora do critério de inclusão v1
cnes-6962122,6962122,SAMU 192 PETROLINA USB 03,public,no,RUA MARTINIANO CANDIDO DA SILVA,205,,COHAB MASSANGANO,56310270,Petrolina,PE,,-9.378988782626223,-40.53531636619825,cadastro_cnes,,,"ATENDIMENTO CONTINUO DE 24 HORAS/DIA (PLANTAO:INCLUI SABADOS, DOMINGOS E FERIADOS)",yes,,unknown,,cnes-dados-abertos (atualizado no CNES em 2025-09-03),2026-09-23T18:24:38Z,,pendente,,42 - Unidade móvel de nível pré-hospitalar (urgência),excluido,tipo 42 fora do critério de inclusão v1
cnes-6962203,6962203,SAMU 192 PETROLINA USB 02,public,no,RUA MARTINIANO CANDIDO DA SILVA,205,,COHAB MASSANGANO,56310270,Petrolina,PE,,-9.378980843566637,-40.53529490852744,cadastro_cnes,,,"ATENDIMENTO CONTINUO DE 24 HORAS/DIA (PLANTAO:INCLUI SABADOS, DOMINGOS E FERIADOS)",yes,,unknown,,cnes-dados-abertos (atualizado no CNES em 2025-09-03),2026-09-23T18:24:38Z,,pendente,,42 - Unidade móvel de nível pré-hospitalar (urgência),excluido,tipo 42 fora do critério de inclusão v1
cnes-6962270,6962270,SAMU 192 PETROLINA USA 05,public,no,RUA MARTINIANO CANDIDO DA SILVA,205,,COHAB MASSANGANO,56310270,Petrolina,PE,,-9.379012027236985,-40.53526753926606,cadastro_cnes,,,"ATENDIMENTO CONTINUO DE 24 HORAS/DIA (PLANTAO:INCLUI SABADOS, DOMINGOS E FERIADOS)",yes,,unknown,,cnes-dados-abertos (atualizado no CNES em 2025-09-03),2026-09-23T18:24:38Z,,pendente,,42 - Unidade móvel de nível pré-hospitalar (urgência),excluido,tipo 42 fora do critério de inclusão v1
cnes-6962386,6962386,SAMU 192 PETROLINA MOTOLANCIA,public,no,RUA MARTINIANO CANDIDO DA SILVA,S/N,,COHAB MASSANGANO,56310270,Petrolina,PE,,-9.378994075337983,-40.5352063956401,cadastro_cnes,,,"ATENDIMENTO CONTINUO DE 24 HORAS/DIA (PLANTAO:INCLUI SABADOS, DOMINGOS E FERIADOS)",yes,,unknown,,cnes-dados-abertos (atualizado no CNES em 2025-09-03),2026-09-23T18:24:38Z,,pendente,,42 - Unidade móvel de nível pré-hospitalar (urgência),excluido,tipo 42 fora do critério de inclusão v1
cnes-6972292,6972292,UNIDADE MOVEL DE ATENDIMENTO MEDICO I,public,no,AVENIDA FERNANDO MENEZES DE GOES,537,,CENTRO,56304020,Petrolina,PE,,-9.395241377374772,-40.499000300000006,cadastro_cnes,,,ATENDIMENTO COM TURNOS INTERMITENTES,unknown,,unknown,,cnes-dados-abertos (atualizado no CNES em 2025-09-03),2026-09-23T18:24:38Z,,pendente,,40 - Unidade móvel terrestre,excluido,tipo 40 fora do critério de inclusão v1
cnes-6987907,6987907,ELI ESTETICA,private,no,PISNC 03,900,,ZONA RURAL,56334899,Petrolina,PE,8799991234,-9.324546941472649,-40.6172882339558,cadastro_cnes,,,ATENDIMENTOS NOS TURNOS DA MANHA E A TARDE,no,,unknown,,cnes-dados-abertos (atualizado no CNES em 2025-09-03),2026-09-23T18:24:38Z,,pendente,,22 - Consultório isolado,excluido,tipo 22 fora do critério de inclusão v1
cnes-6993761,6993761,UNIDADE DE SAUDE DO SERVIDOR,public,no,AVENIDA GUARARAPES,2803,,CENTRO,56302000,Petrolina,PE,,-9.39997653960299,-40.493999804295406,cadastro_cnes,ambulatorio-especialidades,,ATENDIMENTO SOMENTE PELA MANHA,no,,unknown,,cnes-dados-abertos (atualizado no CNES em 2025-09-03),2026-09-23T18:24:38Z,,pendente,,4 - Policlínica,incluido,
cnes-7003595,7003595,ODONTOVITTA,private,no,GUARARAPES,2250,,CENTRO,56302000,Petrolina,PE,8788020084,-9.399848390585063,-40.49868466564297,cadastro_cnes,ambulatorio-especialidades,,ATENDIMENTOS NOS TURNOS DA MANHA E A TARDE,no,,unknown,,cnes-dados-abertos (atualizado no CNES em 2025-09-03),2026-09-23T18:24:38Z,,pendente,,36 - Clínica / centro de especialidade,incluido,
cnes-7007701,7007701,SOS FRATURAS,private,no,CRISPIM DE AMORIM COELHO,142,,CENTRO,56304220,Petrolina,PE,,-9.39296982614344,-40.49994819325262,cadastro_cnes,ambulatorio-especialidades,,ATENDIMENTO COM TURNOS INTERMITENTES,unknown,,unknown,,cnes-dados-abertos (atualizado no CNES em 2025-09-03),2026-09-23T18:24:38Z,,pendente,,36 - Clínica / centro de especialidade,incluido,
cnes-7011229,7011229,PREVENCOR,private,no,RUA TOBIAS BARRETO,8,,CENTRO,56304210,Petrolina,PE,8738612995,-9.4297714,-40.5053861,cadastro_cnes,,,ATENDIMENTOS NOS TURNOS DA MANHA E A TARDE,no,,unknown,,cnes-dados-abertos (atualizado no CNES em 2025-09-03),2026-09-23T18:24:38Z,,pendente,,22 - Consultório isolado,excluido,tipo 22 fora do critério de inclusão v1
cnes-7011636,7011636,ODONTO TRAUMA,private,no,TOBIAS BARRETO,170,,CENTRO,56304240,Petrolina,PE,8788444444,-9.393649409400428,-40.5010460423294,cadastro_cnes,ambulatorio-especialidades,,ATENDIMENTOS NOS TURNOS DA MANHA E A TARDE,no,,unknown,,cnes-dados-abertos (atualizado no CNES em 2025-09-03),2026-09-23T18:24:38Z,,pendente,,36 - Clínica / centro de especialidade,incluido,
cnes-7011776,7011776,CLINICA ODONTOLOGICA LUCAS DUARTE LTDA,private,no,TOBIAS BARRETO,249,,CENTRO,56304210,Petrolina,PE,8738626300,-9.393557436440478,-40.50156720122029,cadastro_cnes,ambulatorio-especialidades,,ATENDIMENTOS NOS TURNOS DA MANHA E A TARDE,no,,unknown,,cnes-dados-abertos (atualizado no CNES em 2026-06-13),2026-09-23T18:24:38Z,,pendente,,36 - Clínica / centro de especialidade,excluido,desabilitado no CNES (motivo 10)
cnes-7019297,7019297,INSTITUTO MENTE E CEREBRO,private,no,RUA DA SIMPATIA,178,,CENTRO,56304440,Petrolina,PE,8738614404,-9.3927032,-40.5062417,cadastro_cnes,ambulatorio-especialidades,,ATENDIMENTOS NOS TURNOS DA MANHA E A TARDE,no,,unknown,,cnes-dados-abertos (atualizado no CNES em 2025-09-03),2026-09-23T18:24:38Z,,pendente,,36 - Clínica / centro de especialidade,incluido,
cnes-7064225,7064225,DRA CLARISSA REGINA BRAZ,private,no,RUA MARECHAL DEODORO,928,,CENTRO,56302050,Petrolina,PE,8738611828,-9.4003157,-40.5011308,cadastro_cnes,,,ATENDIMENTO COM TURNOS INTERMITENTES,unknown,,unknown,,cnes-dados-abertos (atualizado no CNES em 2025-09-03),2026-09-23T18:24:38Z,,pendente,,22 - Consultório isolado,excluido,tipo 22 fora do critério de inclusão v1
cnes-7065914,7065914,EQUIPES MULTIPROFISSIONAIS NA ATENCAO PRIMARIA A SAUDE 2,public,yes,ANTONIO VOZ FILGUEIRA,015,,RAJADA,56304430,Petrolina,PE,,-8.812827210757847,-40.82890457605005,cadastro_cnes,,,ATENDIMENTOS NOS TURNOS DA MANHA E A TARDE,no,,unknown,,cnes-dados-abertos (atualizado no CNES em 2025-09-03),2026-09-23T18:24:38Z,,pendente,,71 - Centro de apoio à saúde da família,excluido,tipo 71 fora do critério de inclusão v1
cnes-7066996,7066996,AMBULATORIO MEDICO DA SUCOVALLE,private,no,QUADRA H,S/N,,DISTRITO INDUSTRIAL,56332175,Petrolina,PE,8721018135,-9.4386195,-40.4903922,cadastro_cnes,,,ATENDIMENTOS NOS TURNOS DA MANHA E A TARDE,no,,unknown,,cnes-dados-abertos (atualizado no CNES em 2025-09-03),2026-09-23T18:24:38Z,,pendente,,22 - Consultório isolado,excluido,tipo 22 fora do critério de inclusão v1
cnes-7076614,7076614,DRA REGINA MAURA SERVICOS ORTODONTICOS E ORTOPEDICOS,private,no,RUA MARECHAL DEODORO,928,,CENTRO,56302050,Petrolina,PE,8738611828,-9.4003157,-40.5011308,cadastro_cnes,,,ATENDIMENTOS NOS TURNOS DA MANHA E A TARDE,no,,unknown,,cnes-dados-abertos (atualizado no CNES em 2025-09-03),2026-09-23T18:24:38Z,,pendente,,22 - Consultório isolado,excluido,tipo 22 fora do critério de inclusão v1
cnes-7090552,7090552,MIANI CLINICA DE SAUDE LTDA,private,no,CRISPIM DE AMORIM COELHO,211,,CENTRO,56304220,Petrolina,PE,8738625905,-9.392951612612125,-40.500679612269025,cadastro_cnes,ambulatorio-especialidades,,ATENDIMENTOS NOS TURNOS DA MANHA E A TARDE,no,,unknown,,cnes-dados-abertos (atualizado no CNES em 2025-09-03),2026-09-23T18:24:38Z,,pendente,,36 - Clínica / centro de especialidade,incluido,
cnes-7098812,7098812,KLINIK,private,no,MAJOR ALCIDES PADILHA,60,,CENTRO,56304090,Petrolina,PE,8738612266,-9.396270815554075,-40.49732742393978,cadastro_cnes,ambulatorio-especialidades,,ATENDIMENTO COM TURNOS INTERMITENTES,unknown,,unknown,,cnes-dados-abertos (atualizado no CNES em 2025-09-03),2026-09-23T18:24:38Z,,pendente,,36 - Clínica / centro de especialidade,incluido,
cnes-7117558,7117558,ULTRAFETAL,private,no,RUA DR JULIO DE MELO,123,,CENTRO,56302150,Petrolina,PE,8738612777,-9.399866573113135,-40.49878696441829,cadastro_cnes,exames-terapias,,ATENDIMENTO COM TURNOS INTERMITENTES,unknown,,unknown,,cnes-dados-abertos (atualizado no CNES em 2026-01-20),2026-09-23T18:24:38Z,,pendente,,39 - Unidade de apoio diagnose e terapia (SADT isolado),incluido,
cnes-7124473,7124473,VITTA FISIOTERAPIA ESPECIALIZADA,private,no,DR JOSE MARIA,27,,CENTRO,56304050,Petrolina,PE,8788186883,-9.396372493308885,-40.49915311779212,cadastro_cnes,ambulatorio-especialidades,,ATENDIMENTOS NOS TURNOS DA MANHA E A TARDE,no,,unknown,,cnes-dados-abertos (atualizado no CNES em 2025-09-03),2026-09-23T18:24:38Z,,pendente,,36 - Clínica / centro de especialidade,incluido,
cnes-7169523,7169523,CENTRAL DE REGULACAO DE CONSULTAS E EXAMES,public,yes,AVENIDA FERNANDO MENEZES DE GOES,537,,CENTRO,56304020,Petrolina,PE,8738668556,-9.39524171750764,-40.498963594436646,cadastro_cnes,,,ATENDIMENTO SOMENTE PELA MANHA,no,,unknown,,cnes-dados-abertos (atualizado no CNES em 2026-04-14),2026-09-23T18:24:38Z,,pendente,,81 - Central de regulação do acesso,excluido,tipo 81 fora do critério de inclusão v1
cnes-7172117,7172117,UROCENTER,private,no,SANTA LUZIA,85,,CENTRO,56304100,Petrolina,PE,8738626586,-9.396422468901646,-40.49681501963823,cadastro_cnes,ambulatorio-especialidades,,ATENDIMENTOS NOS TURNOS DA MANHA E A TARDE,no,,unknown,,cnes-dados-abertos (atualizado no CNES em 2025-09-03),2026-09-23T18:24:38Z,,pendente,,36 - Clínica / centro de especialidade,incluido,
cnes-7190506,7190506,CENTRO REVIM RECANTO VIDA MELHOR LTDA,private,no,AV DA INTEGRACAO,1453,,VILA EDUARDO DOM MAL,56328010,Petrolina,PE,8738642569,-9.3916107,-40.5190951,cadastro_cnes,ambulatorio-especialidades,,ATENDIMENTOS NOS TURNOS DA MANHA E A TARDE,no,,unknown,,cnes-dados-abertos (atualizado no CNES em 2025-09-03),2026-09-23T18:24:38Z,,pendente,,36 - Clínica / centro de especialidade,incluido,
cnes-7190743,7190743,CONSULTORIO ODONTOLOGICO DR RONEY,private,no,AVENIDA JANUARIO ALVES,58,,CENTRO,56304320,Petrolina,PE,8738611435,,,,,,ATENDIMENTOS NOS TURNOS DA MANHA E A TARDE,no,,unknown,,cnes-dados-abertos (atualizado no CNES em 2025-09-03),2026-09-23T18:24:38Z,,pendente,,22 - Consultório isolado,excluido,desabilitado no CNES (motivo 04)
cnes-7204663,7204663,MAMMELLA,private,no,SANTA LUZIA,85,,CENTRO,56304100,Petrolina,PE,8788561515,-9.39643723865962,-40.49679810185029,cadastro_cnes,,,ATENDIMENTO SOMENTE A TARDE,no,,unknown,,cnes-dados-abertos (atualizado no CNES em 2025-09-03),2026-09-23T18:24:38Z,,pendente,,22 - Consultório isolado,excluido,tipo 22 fora do critério de inclusão v1
cnes-7217870,7217870,TODO SER,private,yes,VILA SAO FRANCISCO,309,,CENTRO,56302280,Petrolina,PE,8738622822,-9.39863449113187,-40.49510589448024,cadastro_cnes,ambulatorio-especialidades,,ATENDIMENTO COM TURNOS INTERMITENTES,unknown,,unknown,,cnes-dados-abertos (atualizado no CNES em 2025-09-03),2026-09-23T18:24:38Z,,pendente,,36 - Clínica / centro de especialidade,incluido,
cnes-7218427,7218427,CONFIANCE ODONTOLOGIA,private,no,JOAQUIM NABUCO,684,,CENTRO,56304040,Petrolina,PE,8738670427,-9.395660468870236,-40.499401061374904,cadastro_cnes,,,ATENDIMENTOS NOS TURNOS DA MANHA E A TARDE,no,,unknown,,cnes-dados-abertos (atualizado no CNES em 2025-09-03),2026-09-23T18:24:38Z,,pendente,,22 - Consultório isolado,excluido,tipo 22 fora do critério de inclusão v1
cnes-7227493,7227493,POLLYMED,private,no,CARDOSO DE SA,577,,CENTRO,56302110,Petrolina,PE,8788029819,-9.403072570849769,-40.497776439879665,cadastro_cnes,,,"ATENDIMENTO NOS TURNOS DA MANHA, TARDE E NOITE",no,,unknown,,cnes-dados-abertos (atualizado no CNES em 2025-09-03),2026-09-23T18:24:38Z,,pendente,,22 - Consultório isolado,excluido,tipo 22 fora do critério de inclusão v1
cnes-7237367,7237367,FISIO FETUS,private,no,MAJOR ALCIDES PADILHA,67,,CENTRO,56304090,Petrolina,PE,8738644563,-9.396163500221643,-40.49739027973175,cadastro_cnes,,,ATENDIMENTO COM TURNOS INTERMITENTES,unknown,,unknown,,cnes-dados-abertos (atualizado no CNES em 2025-09-03),2026-09-23T18:24:38Z,,pendente,,22 - Consultório isolado,excluido,tipo 22 fora do critério de inclusão v1
cnes-7246692,7246692,REUMASTO,private,no,PRACA PIO XII,283,,PIO XII,56304430,Petrolina,PE,8738620496,-9.393538,-40.5028114,cadastro_cnes,,,ATENDIMENTO COM TURNOS INTERMITENTES,unknown,,unknown,,cnes-dados-abertos (atualizado no CNES em 2025-09-03),2026-09-23T18:24:38Z,,pendente,,22 - Consultório isolado,excluido,tipo 22 fora do critério de inclusão v1
cnes-7255624,7255624,UNICARDIO,private,no,JOAQUIM NABUCO,649,,CENTRO,56304040,Petrolina,PE,,-9.396044392444704,-40.49952364722692,cadastro_cnes,,,ATENDIMENTO SOMENTE PELA MANHA,no,,unknown,,cnes-dados-abertos (atualizado no CNES em 2025-09-03),2026-09-23T18:24:38Z,,pendente,,22 - Consultório isolado,excluido,tipo 22 fora do critério de inclusão v1
cnes-7289359,7289359,ORTOTRAUMA,private,no,AV MONSENHOR ANGELO SAMPAIO,100,,CENTRO,56304160,Petrolina,PE,8738628191,-9.395994780856835,-40.49189060341232,cadastro_cnes,ambulatorio-especialidades,,ATENDIMENTO COM TURNOS INTERMITENTES,unknown,,unknown,,cnes-dados-abertos (atualizado no CNES em 2026-01-20),2026-09-23T18:24:38Z,,pendente,,36 - Clínica / centro de especialidade,incluido,
cnes-7291094,7291094,LUMEN PSICOLOGIA E SERVICOS SOCIAIS,private,no,JOAO ZITO DE BARROS,403,,CAMINHO DO SOL,56330790,Petrolina,PE,8788279846,-9.378660963557662,-40.50071645767081,cadastro_cnes,,,ATENDIMENTOS NOS TURNOS DA MANHA E A TARDE,no,,unknown,,cnes-dados-abertos (atualizado no CNES em 2025-09-03),2026-09-23T18:24:38Z,,pendente,,22 - Consultório isolado,excluido,tipo 22 fora do critério de inclusão v1
cnes-7297394,7297394,UPAE DR EMANUEL ALIRIO BRANDAO PETROLINA,public,yes,AV CEL ANTONIO HONORATO VIANA,S/N,,JARDIM MARAVILHA,56308000,Petrolina,PE,8738669600,-9.389663,-40.521642,cadastro_cnes,hospital-dia;internacao;centro-cirurgico,,"ATENDIMENTO CONTINUO DE 24 HORAS/DIA (PLANTAO:INCLUI SABADOS, DOMINGOS E FERIADOS)",yes,,unknown,,cnes-dados-abertos (atualizado no CNES em 2025-09-03),2026-09-23T18:24:38Z,,pendente,,62 - Hospital-dia isolado,incluido,
cnes-7298226,7298226,ODONTO QUALITY,private,no,AVENIDA PRESIDENTE TANCREDO NEVES,1020,,CENTRO,56304190,Petrolina,PE,8738615954,-9.3890197,-40.5079223,cadastro_cnes,,,ATENDIMENTOS NOS TURNOS DA MANHA E A TARDE,no,,unknown,,cnes-dados-abertos (atualizado no CNES em 2025-09-03),2026-09-23T18:24:38Z,,pendente,,22 - Consultório isolado,excluido,tipo 22 fora do critério de inclusão v1
cnes-7305907,7305907,ODONTO SHOW,private,no,DA INTEGRACAO AYRTON SENNA,561,,SAO JOSE,56328010,Petrolina,PE,8788232882,-9.392384721342271,-40.48554814298435,cadastro_cnes,ambulatorio-especialidades,,ATENDIMENTOS NOS TURNOS DA MANHA E A TARDE,no,,unknown,,cnes-dados-abertos (atualizado no CNES em 2025-09-03),2026-09-23T18:24:38Z,,pendente,,36 - Clínica / centro de especialidade,incluido,
cnes-7306237,7306237,REDE INTERMUNICIPAL DE TELESSAUDE,public,yes,RUA TOBIAS BARRETO,203,,CENTRO,56304210,Petrolina,PE,8738668550,,,,,,ATENDIMENTOS NOS TURNOS DA MANHA E A TARDE,no,,unknown,,cnes-dados-abertos (atualizado no CNES em 2025-09-03),2026-09-23T18:24:38Z,,pendente,,75 - Telessaúde,excluido,desabilitado no CNES (motivo 04)
cnes-7328567,7328567,CCVASF,private,no,RUA TOBIAS BARRETO,108,,CENTRO,56304210,Petrolina,PE,8738613037,,,,ambulatorio-especialidades,,ATENDIMENTOS NOS TURNOS DA MANHA E A TARDE,no,,unknown,,cnes-dados-abertos (atualizado no CNES em 2025-09-03),2026-09-23T18:24:38Z,,pendente,,36 - Clínica / centro de especialidade,excluido,desabilitado no CNES (motivo 04)
cnes-7328583,7328583,AZZO SAUDE CLINICA DE ESPECIALIDADES,private,no,RUA TAMANDARE,181,,MARIA AUXILIADORA,56330400,Petrolina,PE,8738610520,-9.389861391784503,-40.49090691779128,cadastro_cnes,ambulatorio-especialidades,,ATENDIMENTO COM TURNOS INTERMITENTES,unknown,,unknown,,cnes-dados-abertos (atualizado no CNES em 2025-09-03),2026-09-23T18:24:38Z,,pendente,,36 - Clínica / centro de especialidade,incluido,
cnes-7328591,7328591,ISABELA MENEZES,private,no,RUA SANTA LUZIA,36,,CENTRO,56304100,Petrolina,PE,8788412528,-9.395986183765523,-40.49697345337427,cadastro_cnes,,,ATENDIMENTO SOMENTE A TARDE,no,,unknown,,cnes-dados-abertos (atualizado no CNES em 2025-09-03),2026-09-23T18:24:38Z,,pendente,,22 - Consultório isolado,excluido,tipo 22 fora do critério de inclusão v1
cnes-7348371,7348371,N K ORTOPEDIA,private,no,TOBIAS BARRETO,200,,CENTRO,56304210,Petrolina,PE,8738643836,-9.3934322032007,-40.501013934967965,cadastro_cnes,,,ATENDIMENTO COM TURNOS INTERMITENTES,unknown,,unknown,,cnes-dados-abertos (atualizado no CNES em 2025-09-03),2026-09-23T18:24:38Z,,pendente,,22 - Consultório isolado,excluido,tipo 22 fora do critério de inclusão v1
cnes-7349408,7349408,BRAGA BOSCH SERVICOS MEDICOS LTDA ME,private,no,RUA ANTONIO DE SANTANA FILHO,461,,CENTRO,56302300,Petrolina,PE,8738612597,-9.3991063,-40.4952781,cadastro_cnes,ambulatorio-especialidades,,ATENDIMENTO COM TURNOS INTERMITENTES,unknown,,unknown,,cnes-dados-abertos (atualizado no CNES em 2025-09-03),2026-09-23T18:24:38Z,,pendente,,36 - Clínica / centro de especialidade,incluido,
cnes-7350961,7350961,MPA MEDICINA,private,no,DO COLISEU,137,,CENTRO,56302390,Petrolina,PE,8738633923,-9.397881564991183,-40.49818180981803,cadastro_cnes,,,ATENDIMENTOS NOS TURNOS DA MANHA E A TARDE,no,,unknown,,cnes-dados-abertos (atualizado no CNES em 2025-09-03),2026-09-23T18:24:38Z,,pendente,,22 - Consultório isolado,excluido,tipo 22 fora do critério de inclusão v1
cnes-7368674,7368674,TRANCOSO ODONTOLOGIA INTEGRADA LTDA ME,private,no,DOUTOR JOSE MARIA,87,,CENTRO,56304050,Petrolina,PE,8781479703,-9.396391417063812,-40.49861583619498,cadastro_cnes,ambulatorio-especialidades,,ATENDIMENTOS NOS TURNOS DA MANHA E A TARDE,no,,unknown,,cnes-dados-abertos (atualizado no CNES em 2025-09-03),2026-09-23T18:24:38Z,,pendente,,36 - Clínica / centro de especialidade,incluido,
cnes-7386737,7386737,CLINICA MEDICA E PEDIATRICA DE PETROLINA LTDA,private,no,DR FERNANDO GOES,820,,CENTRO,56304020,Petrolina,PE,8738668250,-9.395682,-40.496366,cadastro_cnes,,,ATENDIMENTO SOMENTE A TARDE,no,,unknown,,cnes-dados-abertos (atualizado no CNES em 2025-09-03),2026-09-23T18:24:38Z,,pendente,,22 - Consultório isolado,excluido,tipo 22 fora do critério de inclusão v1
cnes-7386931,7386931,ENDOVALE,private,no,TOBIAS BARRETO,8,,CENTRO,56304210,Petrolina,PE,8738623933,-9.393572476319376,-40.498540764411345,cadastro_cnes,,,ATENDIMENTO COM TURNOS INTERMITENTES,unknown,,unknown,,cnes-dados-abertos (atualizado no CNES em 2025-09-03),2026-09-23T18:24:38Z,,pendente,,22 - Consultório isolado,excluido,tipo 22 fora do critério de inclusão v1
cnes-7424647,7424647,HEMOCENTRO PETROLINA,public,no,RUA PACIFICO DA LUZ,S/N,,CENTRO,56304909,Petrolina,PE,8738666601,-9.4012853,-40.5012271,cadastro_cnes,hemoterapia,,ATENDIMENTO SOMENTE PELA MANHA,no,,unknown,,cnes-dados-abertos (atualizado no CNES em 2025-09-03),2026-09-23T18:24:38Z,,pendente,,69 - Centro de atenção hemoterápica / hematológica,incluido,
cnes-7484917,7484917,FLAVIA ALVES DE SOUSA ME,private,no,GUALTER ARARIPE,156,,CAMINHO DO SOL,56330530,Petrolina,PE,8738617516,-9.4085156,-40.5050832,cadastro_cnes,,,ATENDIMENTOS NOS TURNOS DA MANHA E A TARDE,no,,unknown,,cnes-dados-abertos (atualizado no CNES em 2025-09-03),2026-09-23T18:24:38Z,,pendente,,77 - Serviço de atenção domiciliar isolado,excluido,tipo 77 fora do critério de inclusão v1
cnes-7486421,7486421,EQUIPES MULTIPROFISSIONAIS NA ATENCAO PRIMARIA A SAUDE 4,public,yes,A V JOSE SILVESTRE,S/N,,ZONA RURAL,56330210,Petrolina,PE,,-9.008272436689204,-40.27293112937647,cadastro_cnes,,,ATENDIMENTOS NOS TURNOS DA MANHA E A TARDE,no,,unknown,,cnes-dados-abertos (atualizado no CNES em 2025-09-03),2026-09-23T18:24:38Z,,pendente,,71 - Centro de apoio à saúde da família,excluido,tipo 71 fora do critério de inclusão v1
cnes-7486472,7486472,EQUIPES MULTIPROFISSIONAIS NA ATENCAO PRIMARIA A SAUDE 3,public,yes,AVENIDA ESTADOS UNIDOS,S/N,,AREIA BRANCA,56302000,Petrolina,PE,,-9.385093769822449,-40.49291677134027,cadastro_cnes,,,ATENDIMENTOS NOS TURNOS DA MANHA E A TARDE,no,,unknown,,cnes-dados-abertos (atualizado no CNES em 2025-09-03),2026-09-23T18:24:38Z,,pendente,,71 - Centro de apoio à saúde da família,excluido,tipo 71 fora do critério de inclusão v1
cnes-7486774,7486774,LIFE CENTER SAUDE INTEGRADA,private,no,CARDOSO DE SA,312,,SAO JOSE,56328020,Petrolina,PE,8730248388,-9.401196951730823,-40.48839950516713,cadastro_cnes,ambulatorio-especialidades,,"ATENDIMENTO NOS TURNOS DA MANHA, TARDE E NOITE",no,,unknown,,cnes-dados-abertos (atualizado no CNES em 2025-09-03),2026-09-23T18:24:38Z,,pendente,,4 - Policlínica,incluido,
cnes-7495625,7495625,CLINPE,private,no,CRISPIM AMORIM COELHO,166,,CENTRO,56304220,Petrolina,PE,8738625881,-9.3930059,-40.5004431,cadastro_cnes,ambulatorio-especialidades,,ATENDIMENTOS NOS TURNOS DA MANHA E A TARDE,no,,unknown,,cnes-dados-abertos (atualizado no CNES em 2025-09-03),2026-09-23T18:24:38Z,,pendente,,4 - Policlínica,incluido,
cnes-7518412,7518412,MENTAL HELP,private,no,SANTA CECILIA,102,,CENTRO,56304470,Petrolina,PE,8788582793,-9.391202868172572,-40.502957279429964,cadastro_cnes,,,ATENDIMENTO SOMENTE A TARDE,no,,unknown,,cnes-dados-abertos (atualizado no CNES em 2026-09-09),2026-09-23T18:24:38Z,,pendente,,22 - Consultório isolado,excluido,tipo 22 fora do critério de inclusão v1
cnes-7521669,7521669,COTIDIANO CENTRO TERAPEUTICO,private,no,PADRE ANCHIETA,48,,ATRAS DA BANCA,56308115,Petrolina,PE,8730317236,-9.395033965870798,-40.511293664418275,cadastro_cnes,ambulatorio-especialidades,,ATENDIMENTOS NOS TURNOS DA MANHA E A TARDE,no,,unknown,,cnes-dados-abertos (atualizado no CNES em 2025-10-17),2026-09-23T18:24:38Z,,pendente,,36 - Clínica / centro de especialidade,incluido,
cnes-7527020,7527020,SENSORIAL,private,no,WASHINGTON LUIZ,233,,MARIA AUXILIADORA,56330360,Petrolina,PE,8738670214,-9.391110564551612,-40.491318506745095,cadastro_cnes,ambulatorio-especialidades,,ATENDIMENTOS NOS TURNOS DA MANHA E A TARDE,no,,unknown,,cnes-dados-abertos (atualizado no CNES em 2025-09-03),2026-09-23T18:24:38Z,,pendente,,4 - Policlínica,incluido,
cnes-7534140,7534140,COTE,private,no,MONSENHOR ANGELO SAMPAIO,100,,CENTRO,56304160,Petrolina,PE,8741012191,-9.38798976114998,-40.48885861778087,cadastro_cnes,ambulatorio-especialidades,,"ATENDIMENTO NOS TURNOS DA MANHA, TARDE E NOITE",no,,unknown,,cnes-dados-abertos (atualizado no CNES em 2025-09-03),2026-09-23T18:24:38Z,,pendente,,36 - Clínica / centro de especialidade,incluido,
cnes-7535023,7535023,CLILAG,private,yes,TOBIAS BARRETO,259,,CENTRO,56304210,Petrolina,PE,8738627055,-9.393535963666272,-40.501989028837535,cadastro_cnes,ambulatorio-especialidades,,ATENDIMENTOS NOS TURNOS DA MANHA E A TARDE,no,,unknown,,cnes-dados-abertos (atualizado no CNES em 2025-09-03),2026-09-23T18:24:38Z,,pendente,,36 - Clínica / centro de especialidade,incluido,
cnes-7548699,7548699,OPO PETROLINA,public,no,AV AEROPORTO,S/N,,CENTRO,56306040,Petrolina,PE,,-9.393,-40.508,cadastro_cnes,,,ATENDIMENTOS NOS TURNOS DA MANHA E A TARDE,no,,unknown,,cnes-dados-abertos (atualizado no CNES em 2025-09-03),2026-09-23T18:24:38Z,,pendente,,"82 - Central de notificação, captação e distribuição de órgãos",excluido,tipo 82 fora do critério de inclusão v1
cnes-7555148,7555148,PSICO CENTER,private,no,RUA VENANCIO JOSE DE SOUZA,131,,DOM MALAN,56330420,Petrolina,PE,8788028375,-9.3814119,-40.5021878,cadastro_cnes,ambulatorio-especialidades,,ATENDIMENTOS NOS TURNOS DA MANHA E A TARDE,no,,unknown,,cnes-dados-abertos (atualizado no CNES em 2025-09-03),2026-09-23T18:24:38Z,,pendente,,36 - Clínica / centro de especialidade,incluido,
cnes-7571259,7571259,DIVA DANIELLY DA SILVA REGO ME,private,no,SOUZA FILHO,822,,CENTRO,56304000,Petrolina,PE,8738699915,-9.393809208386939,-40.50167912394731,cadastro_cnes,,,ATENDIMENTO SOMENTE PELA MANHA,no,,unknown,,cnes-dados-abertos (atualizado no CNES em 2025-10-14),2026-09-23T18:24:38Z,,pendente,,22 - Consultório isolado,excluido,tipo 22 fora do critério de inclusão v1
cnes-7587902,7587902,LEVITTAR,private,no,RUA SANTA FE,177,,MARIA AUXILIADORA,56330350,Petrolina,PE,8738621902,-9.3917403,-40.4908278,cadastro_cnes,ambulatorio-especialidades,,"ATENDIMENTO NOS TURNOS DA MANHA, TARDE E NOITE",no,,unknown,,cnes-dados-abertos (atualizado no CNES em 2025-09-03),2026-09-23T18:24:38Z,,pendente,,36 - Clínica / centro de especialidade,incluido,
cnes-7591993,7591993,RAMOS OLIVEIRA SERVICOS DE ATENDIMENTO MEDICOS LTDA,private,no,RUA DO TAMBOR,243,,ALTO CHEIROSO,56302400,Petrolina,PE,,-9.3975351,-40.4908362,cadastro_cnes,ambulatorio-especialidades,,ATENDIMENTOS NOS TURNOS DA MANHA E A TARDE,no,,unknown,,cnes-dados-abertos (atualizado no CNES em 2025-09-03),2026-09-23T18:24:38Z,,pendente,,36 - Clínica / centro de especialidade,incluido,
cnes-7600712,7600712,VIVA MEDICINA DIAGNOSTICA,private,no,DO JUAZEIRO,06,,AREIA BRANCA,56328390,Petrolina,PE,8738623968,-9.383054513350167,-40.492719960119835,cadastro_cnes,exames-terapias,,ATENDIMENTOS NOS TURNOS DA MANHA E A TARDE,no,,unknown,,cnes-dados-abertos (atualizado no CNES em 2025-09-03),2026-09-23T18:24:38Z,,pendente,,39 - Unidade de apoio diagnose e terapia (SADT isolado),incluido,
cnes-7611722,7611722,VIANNAMD SERVICOS MEDICOS,private,no,DA SIMPATIA,80,,CENTRO,56304440,Petrolina,PE,8738628944,-9.392774025766618,-40.505427724534044,cadastro_cnes,,,ATENDIMENTOS NOS TURNOS DA MANHA E A TARDE,no,,unknown,,cnes-dados-abertos (atualizado no CNES em 2025-09-03),2026-09-23T18:24:38Z,,pendente,,22 - Consultório isolado,excluido,tipo 22 fora do critério de inclusão v1
cnes-7620519,7620519,INTERVENCOR,private,yes,RUA DO COLISEU,69,,CENTRO,56302390,Petrolina,PE,8738615132,-9.4167665,-40.50226,cadastro_cnes,ambulatorio-especialidades,,ATENDIMENTOS NOS TURNOS DA MANHA E A TARDE,no,,unknown,,cnes-dados-abertos (atualizado no CNES em 2025-09-03),2026-09-23T18:24:38Z,,pendente,coordenada do cadastro fora do limite municipal (OSM); descartada para rota até conferência,36 - Clínica / centro de especialidade,incluido,
cnes-7624069,7624069,MED KIDS,private,no,ENGENHEIRO CARLOS PINHEIRO,414,,CENTRO,56304070,Petrolina,PE,8730320459,-9.396043360986546,-40.49773169581584,cadastro_cnes,ambulatorio-especialidades,,ATENDIMENTOS NOS TURNOS DA MANHA E A TARDE,no,,unknown,,cnes-dados-abertos (atualizado no CNES em 2025-09-03),2026-09-23T18:24:38Z,,pendente,,36 - Clínica / centro de especialidade,incluido,
cnes-7624077,7624077,CENTRO MEDICO EMPRESARIAL AUZIRA RODRIGUES,private,no,IRMA JERONIMA,143,,CENTRO,56304130,Petrolina,PE,8738701640,-9.3974449,-40.4945234,cadastro_cnes,ambulatorio-especialidades,,ATENDIMENTOS NOS TURNOS DA MANHA E A TARDE,no,,unknown,,cnes-dados-abertos (atualizado no CNES em 2025-09-03),2026-09-23T18:24:38Z,,pendente,,36 - Clínica / centro de especialidade,incluido,
cnes-7626940,7626940,SERVICOS MEDICOS E DE FONOAUDIOLOGIA LTDA EPP,private,no,TOBIAS BARRETO,02,,CENTRO,56304210,Petrolina,PE,8738628944,-9.393596276879622,-40.49843933128263,cadastro_cnes,ambulatorio-especialidades,,ATENDIMENTO SOMENTE PELA MANHA,no,,unknown,,cnes-dados-abertos (atualizado no CNES em 2025-09-03),2026-09-23T18:24:38Z,,pendente,,36 - Clínica / centro de especialidade,incluido,
cnes-7627785,7627785,CLINICA DE PSICOLOGIA AGATHE,private,no,LUCAS ROBERTO DE ARAUJO,20,,CIDADE UNIVERSITARIA,56332720,Petrolina,PE,8788118411,-9.3933855,-40.4794732,cadastro_cnes,,,ATENDIMENTOS NOS TURNOS DA MANHA E A TARDE,no,,unknown,,cnes-dados-abertos (atualizado no CNES em 2025-09-03),2026-09-23T18:24:38Z,,pendente,,22 - Consultório isolado,excluido,tipo 22 fora do critério de inclusão v1
cnes-7627793,7627793,VISAO E SAUDE LTDA,private,no,FERNANDO MENEZES DE GOES,564,,CENTRO,56304020,Petrolina,PE,8788262600,-9.39551094244743,-40.49871192454392,cadastro_cnes,ambulatorio-especialidades,,ATENDIMENTO SOMENTE A TARDE,no,,unknown,,cnes-dados-abertos (atualizado no CNES em 2025-09-03),2026-09-23T18:24:38Z,,pendente,,36 - Clínica / centro de especialidade,incluido,
cnes-7631847,7631847,CLIMEDE CLINICA DE ESPECIALIDADES MEDICAS LTDA,private,no,TEREZA CRISTINA DE ANDRADE VENTURA,30,,JARDIM AMAZONAS,56315020,Petrolina,PE,8738630634,-9.374574083700809,-40.52865359755213,cadastro_cnes,ambulatorio-especialidades,,ATENDIMENTOS NOS TURNOS DA MANHA E A TARDE,no,,unknown,,cnes-dados-abertos (atualizado no CNES em 2025-09-03),2026-09-23T18:24:38Z,,pendente,,36 - Clínica / centro de especialidade,incluido,
cnes-7635710,7635710,BRUNO DE ANDRADE JOAQUIM,private,no,AV GUARARAPES,2250,,CENTRO,56302000,Petrolina,PE,8738616539,-9.399884114201695,-40.49868767039859,cadastro_cnes,,,ATENDIMENTO SOMENTE A TARDE,no,,unknown,,cnes-dados-abertos (atualizado no CNES em 2025-09-03),2026-09-23T18:24:38Z,,pendente,,22 - Consultório isolado,excluido,tipo 22 fora do critério de inclusão v1
cnes-7646879,7646879,FISIORTEC,private,no,CICERO POMBO,206,,CENTRO,56302380,Petrolina,PE,8799715353,-9.3979074,-40.4964342,cadastro_cnes,,,"ATENDIMENTO NOS TURNOS DA MANHA, TARDE E NOITE",no,,unknown,,cnes-dados-abertos (atualizado no CNES em 2025-09-03),2026-09-23T18:24:38Z,,pendente,,22 - Consultório isolado,excluido,tipo 22 fora do critério de inclusão v1
cnes-7667094,7667094,INSTITUTO DE OTORRINO,private,no,PREFEITO JOSE ALMEIDA DA SILVA,231,,SAO JOSE,56302770,Petrolina,PE,8738620314,-9.38609,-40.55168,cadastro_cnes,,,ATENDIMENTOS NOS TURNOS DA MANHA E A TARDE,no,,unknown,,cnes-dados-abertos (atualizado no CNES em 2026-02-25),2026-09-23T18:24:38Z,,pendente,,22 - Consultório isolado,excluido,tipo 22 fora do critério de inclusão v1
cnes-7673973,7673973,CARCIO ASKANIO CIA LTDA EPP,private,no,TOBIAS BARRETO,200,,CENTRO,56304210,Petrolina,PE,8788195548,-9.393398463599128,-40.50100387668738,cadastro_cnes,,,ATENDIMENTOS NOS TURNOS DA MANHA E A TARDE,no,,unknown,,cnes-dados-abertos (atualizado no CNES em 2025-09-03),2026-09-23T18:24:38Z,,pendente,,22 - Consultório isolado,excluido,tipo 22 fora do critério de inclusão v1
cnes-7682530,7682530,NUCLEO AMPLIADO DE SAUDE DA FAMILIA NASF AB 8,public,yes,AV JOSE SILVESTRE,1612,,IZACOLANDIA,56343000,Petrolina,PE,8738699399,-9.0028621,-40.2682386,cadastro_cnes,,,ATENDIMENTOS NOS TURNOS DA MANHA E A TARDE,no,,unknown,,cnes-dados-abertos (atualizado no CNES em 2025-09-03),2026-09-23T18:24:38Z,,pendente,,71 - Centro de apoio à saúde da família,excluido,desabilitado no CNES (motivo 03)
cnes-7684223,7684223,FUNDACAO SAVE,private,no,VINTE E DOIS,61,,ALTO DA BOA VISTA,56312221,Petrolina,PE,8738674141,-9.385421486517224,-40.54474101586132,cadastro_cnes,ambulatorio-especialidades,,ATENDIMENTOS NOS TURNOS DA MANHA E A TARDE,no,,unknown,,cnes-dados-abertos (atualizado no CNES em 2025-09-03),2026-09-23T18:24:38Z,,pendente,,36 - Clínica / centro de especialidade,incluido,
cnes-7695403,7695403,CONSULTORIO NA RUA,public,no,AVENIDA DAS NACOES,1000,,GERCINO COELHO,56306260,Petrolina,PE,,-9.4428237,-40.4880138,cadastro_cnes,atencao-basica,,ATENDIMENTO COM TURNOS INTERMITENTES,unknown,,unknown,,cnes-dados-abertos (atualizado no CNES em 2025-09-03),2026-09-23T18:24:38Z,,pendente,coordenada do cadastro fora do limite municipal (OSM); descartada para rota até conferência,2 - Centro de saúde / Unidade básica,incluido,
cnes-7731086,7731086,LABORATORIO DE SAUDE PUBLICA VIII GERES,public,yes,AV FERNANDO GOES,S/N,,CENTRO,56304020,Petrolina,PE,8738666557,-9.3956996,-40.496874,cadastro_cnes,,,ATENDIMENTOS NOS TURNOS DA MANHA E A TARDE,no,,unknown,,cnes-dados-abertos (atualizado no CNES em 2025-09-03),2026-09-23T18:24:38Z,,pendente,,80 - Laboratório de saúde pública,excluido,tipo 80 fora do critério de inclusão v1
cnes-7731094,7731094,CENTRAL DE REGULACAO DA VIII GERES,public,yes,AV FERNANDO GOES,S/N,,CENTRO,56304020,Petrolina,PE,8738669758,-9.394746,-40.500487,cadastro_cnes,,,ATENDIMENTOS NOS TURNOS DA MANHA E A TARDE,no,,unknown,,cnes-dados-abertos (atualizado no CNES em 2025-09-03),2026-09-23T18:24:38Z,,pendente,,81 - Central de regulação do acesso,excluido,tipo 81 fora do critério de inclusão v1
cnes-7733933,7733933,UNIMED VALE DO SAO FRANCISCO COOPERATIVA DE TRABALHO MEDICO,private,no,RAIMUNDO LACERDA VL DOS INGAS I,507,,SAO JOSE,56302470,Petrolina,PE,8738667924,-9.40028692615316,-40.487189896260816,cadastro_cnes,,,,unknown,,unknown,,cnes-dados-abertos (atualizado no CNES em 2025-09-03),2026-09-23T18:24:38Z,,pendente,,60 - Cooperativa ou empresa de cessão de trabalhadores,excluido,tipo 60 fora do critério de inclusão v1
cnes-7753837,7753837,PILATES LUCELIA,private,no,PADRE JOSE DE CASTRO,176,,SAO JOSE,56302775,Petrolina,PE,8788691650,-9.401277361830267,-40.492489899999995,cadastro_cnes,,,"ATENDIMENTO NOS TURNOS DA MANHA, TARDE E NOITE",no,,unknown,,cnes-dados-abertos (atualizado no CNES em 2025-09-03),2026-09-23T18:24:38Z,,pendente,,22 - Consultório isolado,excluido,tipo 22 fora do critério de inclusão v1
cnes-7758618,7758618,PROCTOMED,private,no,RUA TOBIAS BARRETO,02,,CENTRO,56304210,Petrolina,PE,8738628944,,,,,,ATENDIMENTOS NOS TURNOS DA MANHA E A TARDE,no,,unknown,,cnes-dados-abertos (atualizado no CNES em 2025-09-03),2026-09-23T18:24:38Z,,pendente,,22 - Consultório isolado,excluido,desabilitado no CNES (motivo 10)
cnes-7766432,7766432,BIOANALISES LABORATORIO DE ANALISES DIAGNOSTICAS,private,yes,FERNANDO MENEZES DE GOES,574,,CENTRO,56304020,Petrolina,PE,8738612011,-9.395495010376926,-40.498554630057484,cadastro_cnes,exames-terapias,,ATENDIMENTOS NOS TURNOS DA MANHA E A TARDE,no,,unknown,,cnes-dados-abertos (atualizado no CNES em 2025-09-03),2026-09-23T18:24:38Z,,pendente,,39 - Unidade de apoio diagnose e terapia (SADT isolado),incluido,
cnes-7766491,7766491,WORK MEDICINA DO TRABALHO,private,no,JOAQUIM NABUCO,26,,CENTRO,56304040,Petrolina,PE,8738623968,-9.401282,-40.500706,cadastro_cnes,ambulatorio-especialidades,,ATENDIMENTOS NOS TURNOS DA MANHA E A TARDE,no,,unknown,,cnes-dados-abertos (atualizado no CNES em 2025-09-03),2026-09-23T18:24:38Z,,pendente,,36 - Clínica / centro de especialidade,incluido,
cnes-7777876,7777876,CLINICA POPULAR DE PETROLINA,private,no,RUA DO JUAZEIRO,06,,AREIA BRANCA,56328390,Petrolina,PE,8738612072,-9.0772476,-40.1207936,cadastro_cnes,ambulatorio-especialidades,,ATENDIMENTOS NOS TURNOS DA MANHA E A TARDE,no,,unknown,,cnes-dados-abertos (atualizado no CNES em 2025-09-03),2026-09-23T18:24:38Z,,pendente,coordenada do cadastro fora do limite municipal (OSM); descartada para rota até conferência,4 - Policlínica,incluido,
cnes-7779887,7779887,CLINITRAN LTDA,private,no,RUA DEZ,190,,VILA EULALIA,56331090,Petrolina,PE,87988223933,-9.1459892,-40.3253859,cadastro_cnes,,,ATENDIMENTOS NOS TURNOS DA MANHA E A TARDE,no,,unknown,,cnes-dados-abertos (atualizado no CNES em 2025-09-03),2026-09-23T18:24:38Z,,pendente,,22 - Consultório isolado,excluido,tipo 22 fora do critério de inclusão v1
cnes-7804520,7804520,CLINICA DE PELE DR ELSON MARQUES VIANA JUNIOR,private,no,DA INTEGRACAO AYRTON SENNA,561,,SAO JOSE,56328010,Petrolina,PE,8788623200,-9.392339714995117,-40.485467671163114,cadastro_cnes,,,ATENDIMENTOS NOS TURNOS DA MANHA E A TARDE,no,,unknown,,cnes-dados-abertos (atualizado no CNES em 2025-09-03),2026-09-23T18:24:38Z,,pendente,,22 - Consultório isolado,excluido,tipo 22 fora do critério de inclusão v1
cnes-7804539,7804539,CORREIA MATOS CONSULTORIA TERAPEUTICA,private,no,RUA ENGENHEIRO CARLOS PINHEIRO,414,,CENTRO,56304070,Petrolina,PE,,,,,,,ATENDIMENTOS NOS TURNOS DA MANHA E A TARDE,no,,unknown,,cnes-dados-abertos (atualizado no CNES em 2025-09-03),2026-09-23T18:24:38Z,,pendente,,22 - Consultório isolado,excluido,desabilitado no CNES (motivo 11)
cnes-7811748,7811748,CENTRO MEDICO ESPECIALIZADO,private,no,RUA CRISPIM DE AMORIM COELHO,166,,CENTRO,56304220,Petrolina,PE,8738625881,-9.3930059,-40.5004431,cadastro_cnes,ambulatorio-especialidades,,ATENDIMENTOS NOS TURNOS DA MANHA E A TARDE,no,,unknown,,cnes-dados-abertos (atualizado no CNES em 2025-09-03),2026-09-23T18:24:38Z,,pendente,,36 - Clínica / centro de especialidade,incluido,
cnes-7825021,7825021,POLLY TORRES CLINICA PSICOLOGICA LTDA,private,no,PARAIBA,295,,AREIA BRANCA,56328480,Petrolina,PE,8738640174,-9.378886321876013,-40.4891607000005,cadastro_cnes,,,ATENDIMENTOS NOS TURNOS DA MANHA E A TARDE,no,,unknown,,cnes-dados-abertos (atualizado no CNES em 2025-09-03),2026-09-23T18:24:38Z,,pendente,,22 - Consultório isolado,excluido,tipo 22 fora do critério de inclusão v1
cnes-7833369,7833369,ORAL VIP ODONTOLOGIA,private,no,RUA POLONIA,30,,AREIA BRANCA,56328370,Petrolina,PE,8796165000,-9.384018,-40.4929874,cadastro_cnes,ambulatorio-especialidades,,ATENDIMENTOS NOS TURNOS DA MANHA E A TARDE,no,,unknown,,cnes-dados-abertos (atualizado no CNES em 2025-09-03),2026-09-23T18:24:38Z,,pendente,,36 - Clínica / centro de especialidade,incluido,
cnes-7851448,7851448,UBS N 11,public,yes,RUA D,S/N,,PSNC N11,56320700,Petrolina,PE,,-9.3479119,-40.6383869,cadastro_cnes,atencao-basica,,ATENDIMENTOS NOS TURNOS DA MANHA E A TARDE,no,,unknown,,cnes-dados-abertos (atualizado no CNES em 2025-09-03),2026-09-23T18:24:38Z,,pendente,,2 - Centro de saúde / Unidade básica,incluido,
cnes-7852800,7852800,UBS TAPERA,public,yes,POVOADO AGROVILA MASSANGANO,S/N,,ZONA RURAL,56304020,Petrolina,PE,,-9.429054047119726,-40.736871715983675,cadastro_cnes,atencao-basica,,ATENDIMENTOS NOS TURNOS DA MANHA E A TARDE,no,,unknown,,cnes-dados-abertos (atualizado no CNES em 2025-09-03),2026-09-23T18:24:38Z,,pendente,,2 - Centro de saúde / Unidade básica,incluido,
cnes-7867522,7867522,PORTO PRIME,private,no,RUA LAGOA GRANDE,35,,CENTRO,56304170,Petrolina,PE,,-8.8033817,-39.8297306,cadastro_cnes,ambulatorio-especialidades,,ATENDIMENTOS NOS TURNOS DA MANHA E A TARDE,no,,unknown,,cnes-dados-abertos (atualizado no CNES em 2025-09-03),2026-09-23T18:24:38Z,,pendente,coordenada do cadastro fora do limite municipal (OSM); descartada para rota até conferência,36 - Clínica / centro de especialidade,incluido,
cnes-7888880,7888880,BARBARA RODRIGUES DE OLIVEIRA SANTOS,private,no,AV SOUZA FILHO,822,,CENTRO,56304906,Petrolina,PE,,-9.394021813792124,-40.50158079273553,cadastro_cnes,,,ATENDIMENTOS NOS TURNOS DA MANHA E A TARDE,no,,unknown,,cnes-dados-abertos (atualizado no CNES em 2025-09-03),2026-09-23T18:24:38Z,,pendente,,22 - Consultório isolado,excluido,tipo 22 fora do critério de inclusão v1
cnes-7888899,7888899,AMLIZ FERREIRA LOPES,private,no,AV SOUZA FILHO,822,,CENTRO,56304906,Petrolina,PE,,-9.393925642918505,-40.50157183556068,cadastro_cnes,,,ATENDIMENTOS NOS TURNOS DA MANHA E A TARDE,no,,unknown,,cnes-dados-abertos (atualizado no CNES em 2025-10-14),2026-09-23T18:24:38Z,,pendente,,22 - Consultório isolado,excluido,tipo 22 fora do critério de inclusão v1
cnes-7893345,7893345,HOSPITAL DE OLHOS DE PETROLINA,private,yes,DOUTOR JULIO DE MELO,82,,CENTRO,56302150,Petrolina,PE,8738610066,-9.400249786840572,-40.49903092885451,cadastro_cnes,ambulatorio-especialidades;internacao;centro-cirurgico,,"ATENDIMENTO NOS TURNOS DA MANHA, TARDE E NOITE",no,,unknown,,cnes-dados-abertos (atualizado no CNES em 2025-09-03),2026-09-23T18:24:38Z,,pendente,,36 - Clínica / centro de especialidade,incluido,
cnes-7906803,7906803,UNIDADE ODONTOLOGICA MOVEL I,public,no,RUA DR FERNANDO GOES,537,,CENTRO,56304020,Petrolina,PE,,-9.395209622624481,-40.499021757671485,cadastro_cnes,,,ATENDIMENTO COM TURNOS INTERMITENTES,unknown,,unknown,,cnes-dados-abertos (atualizado no CNES em 2025-09-03),2026-09-23T18:24:38Z,,pendente,,40 - Unidade móvel terrestre,excluido,tipo 40 fora do critério de inclusão v1
cnes-7906811,7906811,UNIDADE ODONTOLOGICA MOVEL II,public,no,AV DR FERNANDO GOES,537,,CENTRO,56304020,Petrolina,PE,,-9.395214915085308,-40.49898957115873,cadastro_cnes,,,ATENDIMENTO COM TURNOS INTERMITENTES,unknown,,unknown,,cnes-dados-abertos (atualizado no CNES em 2025-09-03),2026-09-23T18:24:38Z,,pendente,,40 - Unidade móvel terrestre,excluido,tipo 40 fora do critério de inclusão v1
cnes-7911750,7911750,ACADEMIA DA SAUDE DONA MARINETE FONSECA,public,yes,RUA 22,S/N,,VILA EULALIA,56331090,Petrolina,PE,,-8.4285059,-40.7634717,cadastro_cnes,,,"ATENDIMENTO NOS TURNOS DA MANHA, TARDE E NOITE",no,,unknown,,cnes-dados-abertos (atualizado no CNES em 2025-09-03),2026-09-23T18:24:38Z,,pendente,,74 - Polo Academia da Saúde,excluido,tipo 74 fora do critério de inclusão v1
cnes-7912080,7912080,REABTHUS,private,no,MAJOR ALCIDES PADILHA,48,,CENTRO,56304090,Petrolina,PE,8738617984,-9.396355346219206,-40.49724863436618,cadastro_cnes,,,"ATENDIMENTO NOS TURNOS DA MANHA, TARDE E NOITE",no,,unknown,,cnes-dados-abertos (atualizado no CNES em 2025-09-03),2026-09-23T18:24:38Z,,pendente,,22 - Consultório isolado,excluido,tipo 22 fora do critério de inclusão v1
cnes-7912110,7912110,MEDICAT,private,no,RUA DA PEDREIRA,22,,SAO JOSE,56302430,Petrolina,PE,,-9.3991887,-40.4904331,cadastro_cnes,ambulatorio-especialidades,,ATENDIMENTOS NOS TURNOS DA MANHA E A TARDE,no,,unknown,,cnes-dados-abertos (atualizado no CNES em 2025-09-03),2026-09-23T18:24:38Z,,pendente,,36 - Clínica / centro de especialidade,incluido,
cnes-7912129,7912129,PATRICIA CARVALHO DERMATOLOGICA E COSMIATRIA,private,no,R ENGENHEIRO CARLOS PINHEIRO,171,,CENTRO,56302310,Petrolina,PE,,-9.3978004,-40.4977169,cadastro_cnes,,,ATENDIMENTOS NOS TURNOS DA MANHA E A TARDE,no,,unknown,,cnes-dados-abertos (atualizado no CNES em 2025-09-03),2026-09-23T18:24:38Z,,pendente,,22 - Consultório isolado,excluido,tipo 22 fora do critério de inclusão v1
cnes-7919301,7919301,UBS LOURIVAL RODRIGUES LIMA FILHO,public,no,RUA 2,141,,TERRA DO SUL,56322725,Petrolina,PE,,-9.3817334,-40.4968875,cadastro_cnes,atencao-basica,,ATENDIMENTOS NOS TURNOS DA MANHA E A TARDE,no,,unknown,,cnes-dados-abertos (atualizado no CNES em 2025-09-03),2026-09-23T18:24:38Z,,pendente,,2 - Centro de saúde / Unidade básica,excluido,desabilitado no CNES (motivo 04)
cnes-7920237,7920237,UBS HILDO DINIZ DA SILVA,public,yes,RUA PRINCIPAL,S/N,,N8,56353700,Petrolina,PE,,-8.8181371,-40.3640157,cadastro_cnes,atencao-basica,,ATENDIMENTOS NOS TURNOS DA MANHA E A TARDE,no,,unknown,,cnes-dados-abertos (atualizado no CNES em 2025-09-03),2026-09-23T18:24:38Z,,pendente,,2 - Centro de saúde / Unidade básica,incluido,
cnes-7920334,7920334,ODONTO SESC,public,no,AVENIDA DR FERNANDO GOES,537,,CENTRO,56304020,Petrolina,PE,,,,,,,ATENDIMENTOS NOS TURNOS DA MANHA E A TARDE,no,,unknown,,cnes-dados-abertos (atualizado no CNES em 2025-09-03),2026-09-23T18:24:38Z,,pendente,,40 - Unidade móvel terrestre,excluido,desabilitado no CNES (motivo 10)
cnes-7927347,7927347,ACADEMIA DA SAUDE JANIO AMADEU ALVES,public,no,RUA 13,S/N,,COSME E DAMIAO,56313550,Petrolina,PE,,-9.4770996,-40.8023548,cadastro_cnes,,,"ATENDIMENTO NOS TURNOS DA MANHA, TARDE E NOITE",no,,unknown,,cnes-dados-abertos (atualizado no CNES em 2025-09-03),2026-09-23T18:24:38Z,,pendente,,74 - Polo Academia da Saúde,excluido,tipo 74 fora do critério de inclusão v1
cnes-7935455,7935455,ORTHOS SERVICOS EM ORTOPEDIA LTDA,private,no,DA INTEGRACAO AYRTON SENNA,422,,SAO JOSE,56302450,Petrolina,PE,8798006594,-9.399780813148125,-40.48867450429882,cadastro_cnes,ambulatorio-especialidades,,ATENDIMENTOS NOS TURNOS DA MANHA E A TARDE,no,,unknown,,cnes-dados-abertos (atualizado no CNES em 2025-09-03),2026-09-23T18:24:38Z,,pendente,,36 - Clínica / centro de especialidade,incluido,
cnes-7951922,7951922,PEDRO HENRIQUE DE SOUZA LOPES,private,no,RUA DO COLISEU,114,,CENTRO,56302280,Petrolina,PE,87988325472,-9.397930075129036,-40.49681379079869,cadastro_cnes,,,ATENDIMENTOS NOS TURNOS DA MANHA E A TARDE,no,,unknown,,cnes-dados-abertos (atualizado no CNES em 2025-09-03),2026-09-23T18:24:38Z,,pendente,,22 - Consultório isolado,excluido,tipo 22 fora do critério de inclusão v1
cnes-7951981,7951981,CENTRO DE MEDICINA NUCLEAR DE PETROLINA LTDA ME,private,yes,RUA PACIFICO DA LUZ,850,,CENTRO,56304010,Petrolina,PE,8738621420,-9.40126,-40.50124,cadastro_cnes,ambulatorio-especialidades,,ATENDIMENTOS NOS TURNOS DA MANHA E A TARDE,no,,unknown,,cnes-dados-abertos (atualizado no CNES em 2025-09-03),2026-09-23T18:24:38Z,,pendente,,36 - Clínica / centro de especialidade,incluido,
cnes-7956983,7956983,MAIS FISIO PILATOS E FISIOTERAPIA,private,no,DO CAJUEIRO,193,,CENTRO,56304420,Petrolina,PE,,-9.393536991338603,-40.50397183742916,cadastro_cnes,,,ATENDIMENTOS NOS TURNOS DA MANHA E A TARDE,no,,unknown,,cnes-dados-abertos (atualizado no CNES em 2025-09-03),2026-09-23T18:24:38Z,,pendente,,22 - Consultório isolado,excluido,tipo 22 fora do critério de inclusão v1
cnes-7967136,7967136,RADIMAGEM DIAGNOSTICOS MEDICOS POR IMAGEM,private,yes,TOBIAS BARRETO,69,,CENTRO,56304210,Petrolina,PE,8738622077,-9.3936839,-40.5005063,cadastro_cnes,ambulatorio-especialidades,,"ATENDIMENTO NOS TURNOS DA MANHA, TARDE E NOITE",no,,unknown,,cnes-dados-abertos (atualizado no CNES em 2025-09-03),2026-09-23T18:24:38Z,,pendente,,36 - Clínica / centro de especialidade,incluido,
cnes-7969872,7969872,HUMANIZA PSICOLOGIA E SERVICOS INTEGRADOS,private,no,DOUTOR JOSE MARIA,146,,CENTRO,56304050,Petrolina,PE,8788175001,-9.396427197435127,-40.4981809644177,cadastro_cnes,ambulatorio-especialidades,,ATENDIMENTOS NOS TURNOS DA MANHA E A TARDE,no,,unknown,,cnes-dados-abertos (atualizado no CNES em 2025-09-03),2026-09-23T18:24:38Z,,pendente,,36 - Clínica / centro de especialidade,incluido,
cnes-7980175,7980175,LIFE CENTER,private,no,CARDOSO DE SA,312,,SAO JOSE,56328020,Petrolina,PE,8730248388,-9.401223292366728,-40.48837271349146,cadastro_cnes,ambulatorio-especialidades,,"ATENDIMENTO NOS TURNOS DA MANHA, TARDE E NOITE",no,,unknown,,cnes-dados-abertos (atualizado no CNES em 2025-09-03),2026-09-23T18:24:38Z,,pendente,,36 - Clínica / centro de especialidade,incluido,
cnes-7989814,7989814,ODONTO CLASS,private,no,AV MONSENHOR ANGELO SAMPAIO,100,,CENTRO,56304160,Petrolina,PE,8738628155,-9.38422582088735,-40.48788791960106,cadastro_cnes,,,ATENDIMENTO COM TURNOS INTERMITENTES,unknown,,unknown,,cnes-dados-abertos (atualizado no CNES em 2025-09-03),2026-09-23T18:24:38Z,,pendente,,22 - Consultório isolado,excluido,tipo 22 fora do critério de inclusão v1
cnes-8021341,8021341,LIBEMENTE PSICOLOGIA COMPORTAMENTAL,private,no,TIVINHA RAMOS BRANDAO,86,,SAO JOSE,56302440,Petrolina,PE,8796799466,-9.399705583716354,-40.49195000000162,cadastro_cnes,ambulatorio-especialidades,,ATENDIMENTOS NOS TURNOS DA MANHA E A TARDE,no,,unknown,,cnes-dados-abertos (atualizado no CNES em 2025-12-17),2026-09-23T18:24:38Z,,pendente,,36 - Clínica / centro de especialidade,incluido,
cnes-8021368,8021368,LARISSA BARBOSA PSICOLOGIA CLINICA INFANTIL,private,no,GAMELEIRA R 09,231,,DISTRITO INDUSTRIAL,56310795,Petrolina,PE,,-9.392678610108952,-40.539015028854614,cadastro_cnes,ambulatorio-especialidades,,ATENDIMENTOS NOS TURNOS DA MANHA E A TARDE,no,,unknown,,cnes-dados-abertos (atualizado no CNES em 2025-12-17),2026-09-23T18:24:38Z,,pendente,,36 - Clínica / centro de especialidade,incluido,
cnes-8021392,8021392,FISIOFACE,private,no,DA PAZ,488,,GERCINO COELHO,56306250,Petrolina,PE,8796330298,-9.386593000090356,-40.5099839865195,cadastro_cnes,ambulatorio-especialidades,,ATENDIMENTOS NOS TURNOS DA MANHA E A TARDE,no,,unknown,,cnes-dados-abertos (atualizado no CNES em 2025-12-17),2026-09-23T18:24:38Z,,pendente,,36 - Clínica / centro de especialidade,incluido,
cnes-8031975,8031975,LUMINA,private,no,JOAQUIM NABUCO,541,,CENTRO,56304040,Petrolina,PE,8781717786,-9.396788244572896,-40.49957731778972,cadastro_cnes,,,ATENDIMENTOS NOS TURNOS DA MANHA E A TARDE,no,,unknown,,cnes-dados-abertos (atualizado no CNES em 2025-12-17),2026-09-23T18:24:38Z,,pendente,,22 - Consultório isolado,excluido,tipo 22 fora do critério de inclusão v1
cnes-8033390,8033390,BIONE DINIZ SERVICOS HOSPITALARES,private,no,UNIDOS DA TIJUCA VL CAROLINA,120,,JOSE E MARIA,56320685,Petrolina,PE,8799972306,-9.369212421587857,-40.48822830860107,cadastro_cnes,ambulatorio-especialidades,,ATENDIMENTOS NOS TURNOS DA MANHA E A TARDE,no,,unknown,,cnes-dados-abertos (atualizado no CNES em 2026-04-09),2026-09-23T18:24:38Z,,pendente,,36 - Clínica / centro de especialidade,incluido,
cnes-8036845,8036845,MED CLINICA DE ESPECIALIDADES,private,no,PACIFICO DA LUZ,998,,CENTRO,56304010,Petrolina,PE,,-9.392196837471888,-40.500264205500336,cadastro_cnes,,,ATENDIMENTOS NOS TURNOS DA MANHA E A TARDE,no,,unknown,,cnes-dados-abertos (atualizado no CNES em 2025-12-17),2026-09-23T18:24:38Z,,pendente,,22 - Consultório isolado,excluido,tipo 22 fora do critério de inclusão v1
cnes-8050635,8050635,VITALAB SERVICOS EM SAUDE LTDA,private,no,TOBIAS BARRETO,203,,CENTRO,56304210,Petrolina,PE,8781649937,-9.393233558922486,-40.50122011105323,cadastro_cnes,,,ATENDIMENTOS NOS TURNOS DA MANHA E A TARDE,no,,unknown,,cnes-dados-abertos (atualizado no CNES em 2026-01-14),2026-09-23T18:24:38Z,,pendente,,22 - Consultório isolado,excluido,tipo 22 fora do critério de inclusão v1
cnes-8057001,8057001,SAD SERVICOS DE ATENDIMENTO DOMICILIAR,public,yes,AV GUARARAPES,S/N,,CENTRO,56332175,Petrolina,PE,8738622345,-9.399742094813657,-40.49902090674394,cadastro_cnes,,,ATENDIMENTOS NOS TURNOS DA MANHA E A TARDE,no,,unknown,,cnes-dados-abertos (atualizado no CNES em 2026-06-18),2026-09-23T18:24:38Z,,pendente,,77 - Serviço de atenção domiciliar isolado,excluido,tipo 77 fora do critério de inclusão v1
cnes-8065632,8065632,RECONECTAR REABILITACAO NEUROLOGICA,private,no,JOSE LINS DO REGO,20,,SAO JOSE,56328645,Petrolina,PE,8788143805,-9.39050155115281,-40.48819923743762,cadastro_cnes,ambulatorio-especialidades,,ATENDIMENTOS NOS TURNOS DA MANHA E A TARDE,no,,unknown,,cnes-dados-abertos (atualizado no CNES em 2026-01-14),2026-09-23T18:24:38Z,,pendente,,36 - Clínica / centro de especialidade,incluido,
cnes-8077975,8077975,CINTHIA CHRISTINA MODESTO BATISTA LTDA,private,no,CARDOSO DE SA,312,,SAO JOSE,56328020,Petrolina,PE,,-9.400969389206477,-40.48844241534079,cadastro_cnes,,,ATENDIMENTOS NOS TURNOS DA MANHA E A TARDE,no,,unknown,,cnes-dados-abertos (atualizado no CNES em 2026-02-14),2026-09-23T18:24:38Z,,pendente,,22 - Consultório isolado,excluido,tipo 22 fora do critério de inclusão v1
cnes-8091064,8091064,CLINICA MUNDOS,private,no,ARISTARCO LOPES,593,,CENTRO,56302100,Petrolina,PE,,-9.40186413023405,-40.49807419873706,cadastro_cnes,ambulatorio-especialidades,,ATENDIMENTOS NOS TURNOS DA MANHA E A TARDE,no,,unknown,,cnes-dados-abertos (atualizado no CNES em 2026-02-14),2026-09-23T18:24:38Z,,pendente,,36 - Clínica / centro de especialidade,incluido,
cnes-8091080,8091080,SER LUME PSICOLOGIA,private,no,MAURICIO DE NASSAU,49,,GERCINO COELHO,56306011,Petrolina,PE,8788423014,-9.393276143904226,-40.509790117807434,cadastro_cnes,ambulatorio-especialidades,,ATENDIMENTOS NOS TURNOS DA MANHA E A TARDE,no,,unknown,,cnes-dados-abertos (atualizado no CNES em 2026-02-14),2026-09-23T18:24:38Z,,pendente,,36 - Clínica / centro de especialidade,incluido,
cnes-8095809,8095809,REINTEGRA,private,no,DOUTOR CARLOS NASCIMENTO,181,,SAO JOSE,56328255,Petrolina,PE,,-9.395815766133683,-40.48493055092794,cadastro_cnes,,,ATENDIMENTOS NOS TURNOS DA MANHA E A TARDE,no,,unknown,,cnes-dados-abertos (atualizado no CNES em 2026-02-14),2026-09-23T18:24:38Z,,pendente,,22 - Consultório isolado,excluido,tipo 22 fora do critério de inclusão v1
cnes-8096252,8096252,AMARAL E MELO SERVICOS MEDICOS,private,no,SETE DE SETEMBRO,2096,,CENTRO,56302060,Petrolina,PE,8798163622,-9.40050261258221,-40.5002037865056,cadastro_cnes,,,"ATENDIMENTO NOS TURNOS DA MANHA, TARDE E NOITE",no,,unknown,,cnes-dados-abertos (atualizado no CNES em 2026-02-14),2026-09-23T18:24:38Z,,pendente,,22 - Consultório isolado,excluido,tipo 22 fora do critério de inclusão v1
cnes-8096287,8096287,INSTITUTO DE DERMATOLOGIA CAVALCANTI E MELO,private,no,DA INTEGRACAO AIRTON SENNA,561,,SAO JOSE,56308340,Petrolina,PE,8781829390,-9.388520834845036,-40.49072840184638,cadastro_cnes,,,ATENDIMENTO COM TURNOS INTERMITENTES,unknown,,unknown,,cnes-dados-abertos (atualizado no CNES em 2026-02-14),2026-09-23T18:24:38Z,,pendente,,22 - Consultório isolado,excluido,tipo 22 fora do critério de inclusão v1
cnes-8103402,8103402,SANTE CLINICA ODONTOLOGICA,private,no,CASTRO ALVES,352,,CENTRO,56304340,Petrolina,PE,8788192032,-9.393744053481342,-40.50361647301119,cadastro_cnes,,,ATENDIMENTOS NOS TURNOS DA MANHA E A TARDE,no,,unknown,,cnes-dados-abertos (atualizado no CNES em 2026-02-14),2026-09-23T18:24:38Z,,pendente,,22 - Consultório isolado,excluido,tipo 22 fora do critério de inclusão v1
cnes-8103496,8103496,THAIS MELO MEDICINA E ESTETICA AVANCADA,private,no,SANTA LUZIA,46,,CENTRO,56304100,Petrolina,PE,8781636222,-9.395707715316808,-40.497021671164795,cadastro_cnes,ambulatorio-especialidades,,ATENDIMENTOS NOS TURNOS DA MANHA E A TARDE,no,,unknown,,cnes-dados-abertos (atualizado no CNES em 2026-02-14),2026-09-23T18:24:38Z,,pendente,,36 - Clínica / centro de especialidade,incluido,
cnes-8103534,8103534,UP LIFE CENTRO DE REABILITACAO,private,no,DORMENTES,335,,GERCINO COELHO,56306140,Petrolina,PE,,-9.386893148300848,-40.51663036441815,cadastro_cnes,ambulatorio-especialidades,,ATENDIMENTOS NOS TURNOS DA MANHA E A TARDE,no,,unknown,,cnes-dados-abertos (atualizado no CNES em 2026-02-14),2026-09-23T18:24:38Z,,pendente,,36 - Clínica / centro de especialidade,incluido,
cnes-8109192,8109192,MBB MEDICINA E SAUDE,private,no,JOAO ALFREDO,2017,,CENTRO,56302080,Petrolina,PE,,-9.400363288733768,-40.500915422091396,cadastro_cnes,,,ATENDIMENTOS NOS TURNOS DA MANHA E A TARDE,no,,unknown,,cnes-dados-abertos (atualizado no CNES em 2026-03-17),2026-09-23T18:24:38Z,,pendente,,22 - Consultório isolado,excluido,tipo 22 fora do critério de inclusão v1
cnes-8109257,8109257,WANDYLENNE OCTAVIA SA COSTA BORGES,private,no,BARAO DE CONTEDAS,1310,,JATOBA,56332385,Petrolina,PE,,-9.395134469568287,-40.46710980860107,cadastro_cnes,,,ATENDIMENTOS NOS TURNOS DA MANHA E A TARDE,no,,unknown,,cnes-dados-abertos (atualizado no CNES em 2026-03-17),2026-09-23T18:24:38Z,,pendente,,22 - Consultório isolado,excluido,tipo 22 fora do critério de inclusão v1
cnes-8109575,8109575,CENTRO INTEGRADO TRILHAS DO CRESCER,private,no,ANTONIO DE SANTANA FILHO,844,,CENTRO,56302300,Petrolina,PE,8796077836,-9.399235645042852,-40.494644964417596,cadastro_cnes,,,ATENDIMENTOS NOS TURNOS DA MANHA E A TARDE,no,,unknown,,cnes-dados-abertos (atualizado no CNES em 2026-02-14),2026-09-23T18:24:38Z,,pendente,,22 - Consultório isolado,excluido,tipo 22 fora do critério de inclusão v1
cnes-8116520,8116520,ATUALLE GINECOLOGIA E ESTETICA,private,no,CARDOSO DE SA,1000,,CIDADE UNIVERSITARIA,56302110,Petrolina,PE,8792040694,-9.40293222276692,-40.493578728827664,cadastro_cnes,,,ATENDIMENTOS NOS TURNOS DA MANHA E A TARDE,no,,unknown,,cnes-dados-abertos (atualizado no CNES em 2026-02-14),2026-09-23T18:24:38Z,,pendente,,22 - Consultório isolado,excluido,tipo 22 fora do critério de inclusão v1
cnes-8122318,8122318,RS MEDIC,private,no,JOAQUIM NABUCO,541,,CENTRO,56304040,Petrolina,PE,,-9.396605655536986,-40.49959609325484,cadastro_cnes,,,ATENDIMENTOS NOS TURNOS DA MANHA E A TARDE,no,,unknown,,cnes-dados-abertos (atualizado no CNES em 2026-02-14),2026-09-23T18:24:38Z,,pendente,,22 - Consultório isolado,excluido,tipo 22 fora do critério de inclusão v1
cnes-8125414,8125414,SOLAINE NASCIMENTO,private,no,LUCYANNO PATRIOTA,200,,VILA MOCO,56306405,Petrolina,PE,,-9.38437606151571,-40.50356925092795,cadastro_cnes,,,ATENDIMENTOS NOS TURNOS DA MANHA E A TARDE,no,,unknown,,cnes-dados-abertos (atualizado no CNES em 2026-02-14),2026-09-23T18:24:38Z,,pendente,,22 - Consultório isolado,excluido,tipo 22 fora do critério de inclusão v1
cnes-8128170,8128170,SAUDE ESTETICA CONSULTORIOS INTEGRADOS,private,no,DOUTOR JOSE MARIA,110,,CENTRO,56304050,Petrolina,PE,8788382481,-9.396483643670415,-40.49849680000807,cadastro_cnes,ambulatorio-especialidades,,ATENDIMENTOS NOS TURNOS DA MANHA E A TARDE,no,,unknown,,cnes-dados-abertos (atualizado no CNES em 2026-02-14),2026-09-23T18:24:38Z,,pendente,,36 - Clínica / centro de especialidade,incluido,
cnes-8139490,8139490,AGENCIA MUNICIPAL DE VIGILANCIA SANITARIA AMVS,public,no,ANTONIO PADILHA,30,,CENTRO,56304450,Petrolina,PE,8739836409,-9.391079429823536,-40.50544233929353,cadastro_cnes,,,ATENDIMENTOS NOS TURNOS DA MANHA E A TARDE,no,,unknown,,cnes-dados-abertos (atualizado no CNES em 2026-03-14),2026-09-23T18:24:38Z,,pendente,,50 - Unidade de vigilância em saúde,excluido,tipo 50 fora do critério de inclusão v1
cnes-8141843,8141843,GABRIELA MEDEIROS F M MACIEL,private,no,CELSO GOMES DE BARROS,161,,SAO JOSE,56328751,Petrolina,PE,,-9.396769001069886,-40.488079264418275,cadastro_cnes,ambulatorio-especialidades,,ATENDIMENTOS NOS TURNOS DA MANHA E A TARDE,no,,unknown,,cnes-dados-abertos (atualizado no CNES em 2026-03-17),2026-09-23T18:24:38Z,,pendente,,36 - Clínica / centro de especialidade,incluido,
cnes-8147701,8147701,MYLLENA SA PSICOLOGA,private,no,DR JOSE DUARTE,195,,COHAB SAO FRANCISCO,56309430,Petrolina,PE,8799813853,-9.397443456138936,-40.54827229325483,cadastro_cnes,,,ATENDIMENTOS NOS TURNOS DA MANHA E A TARDE,no,,unknown,,cnes-dados-abertos (atualizado no CNES em 2026-03-17),2026-09-23T18:24:38Z,,pendente,,22 - Consultório isolado,excluido,tipo 22 fora do critério de inclusão v1
cnes-8161380,8161380,LORENA MARTINS ODONTOLOGIA,private,no,DAS PEDRINHAS,19,,VILA EDUARDO,56328270,Petrolina,PE,,-9.383074725554108,-40.48449578835795,cadastro_cnes,,,ATENDIMENTOS NOS TURNOS DA MANHA E A TARDE,no,,unknown,,cnes-dados-abertos (atualizado no CNES em 2026-04-16),2026-09-23T18:24:38Z,,pendente,,22 - Consultório isolado,excluido,tipo 22 fora do critério de inclusão v1
cnes-8173044,8173044,ARGOS MEDICINA DIAGNOSTICA,private,no,SANTA APOLONIA,58,,CENTRO,56304540,Petrolina,PE,8781517764,-9.39375065881434,-40.50185299814917,cadastro_cnes,,,ATENDIMENTOS NOS TURNOS DA MANHA E A TARDE,no,,unknown,,cnes-dados-abertos (atualizado no CNES em 2026-04-16),2026-09-23T18:24:38Z,,pendente,,22 - Consultório isolado,excluido,tipo 22 fora do critério de inclusão v1
cnes-8189781,8189781,LAZULI SERVICOS PSICOLOGICOS,private,no,ALAMEDA CATANIA R 19,301,,BOA ESPERANCA,56327320,Petrolina,PE,8788528747,-9.346224288334632,-40.46178706442007,cadastro_cnes,,,ATENDIMENTOS NOS TURNOS DA MANHA E A TARDE,no,,unknown,,cnes-dados-abertos (atualizado no CNES em 2026-04-16),2026-09-23T18:24:38Z,,pendente,,22 - Consultório isolado,excluido,tipo 22 fora do critério de inclusão v1
cnes-8200602,8200602,ESSENZI INSTITUTO DE SAUDE E BEM ESTAR,private,no,DA INTEGRACAO AYRTON SENNA,561,,SAO JOSE,56328010,Petrolina,PE,8788432242,-9.388510249723248,-40.490685486507125,cadastro_cnes,,,ATENDIMENTOS NOS TURNOS DA MANHA E A TARDE,no,,unknown,,cnes-dados-abertos (atualizado no CNES em 2026-04-16),2026-09-23T18:24:38Z,,pendente,,22 - Consultório isolado,excluido,tipo 22 fora do critério de inclusão v1
cnes-8217823,8217823,INSTITUTO LUTTERBACH,private,unknown,WASHINGTON LUIZ,233,,MARIA AUXILIADORA,56330360,Petrolina,PE,,-9.390946496353981,-40.49135605767159,cadastro_cnes,ambulatorio-especialidades;internacao;centro-cirurgico,,"ATENDIMENTO NOS TURNOS DA MANHA, TARDE E NOITE",no,,unknown,,cnes-dados-abertos (atualizado no CNES em 2026-04-16),2026-09-23T18:24:38Z,,pendente,,36 - Clínica / centro de especialidade,incluido,
cnes-8218110,8218110,JORDANA GRANJA FALCAO,private,no,DA INTEGRACAO,320,,ALTO CHEIROSO,56302450,Petrolina,PE,8788342228,-9.39909331169866,-40.48633808280626,cadastro_cnes,,,ATENDIMENTOS NOS TURNOS DA MANHA E A TARDE,no,,unknown,,cnes-dados-abertos (atualizado no CNES em 2026-04-16),2026-09-23T18:24:38Z,,pendente,,22 - Consultório isolado,excluido,tipo 22 fora do critério de inclusão v1
cnes-8218161,8218161,MEDICINA INTEGRATIVA E FUNCIONAL LTDA,private,no,DA INTEGRACAO AYRTON SENNA,422,,SAO JOSE,56302450,Petrolina,PE,8781320413,-9.387327819176086,-40.49313504232841,cadastro_cnes,,,ATENDIMENTOS NOS TURNOS DA MANHA E A TARDE,no,,unknown,,cnes-dados-abertos (atualizado no CNES em 2026-04-16),2026-09-23T18:24:38Z,,pendente,,22 - Consultório isolado,excluido,tipo 22 fora do critério de inclusão v1
cnes-8218501,8218501,IMIFARMA PRODUTOS FARMACEUTICOS E COSMETICOS SA,private,no,SOUZA FILHO,605,,CENTRO,56302370,Petrolina,PE,,-9.395919394598325,-40.502434099999995,cadastro_cnes,,,ATENDIMENTOS NOS TURNOS DA MANHA E A TARDE,no,,unknown,,cnes-dados-abertos (atualizado no CNES em 2026-04-16),2026-09-23T18:24:38Z,,pendente,,43 - Farmácia,excluido,tipo 43 fora do critério de inclusão v1
cnes-8229252,8229252,SINGULAR PHARMA,private,no,DA INTEGRACAO AYRTON SENNA,203,,SAO JOSE,56302450,Petrolina,PE,8792113003,-9.385930673841528,-40.51301852883578,cadastro_cnes,,,"ATENDIMENTO NOS TURNOS DA MANHA, TARDE E NOITE",no,,unknown,,cnes-dados-abertos (atualizado no CNES em 2026-06-16),2026-09-23T18:24:38Z,,pendente,,43 - Farmácia,excluido,tipo 43 fora do critério de inclusão v1
cnes-8229260,8229260,DRA ANA AMELIA PALITOT ODONTOLOGIA,private,no,PEDRO ANDRADE SILVA R 22,226,,COHAB MASSANGANO,56310210,Petrolina,PE,8791733461,-9.38353196936809,-40.53556184232974,cadastro_cnes,ambulatorio-especialidades,,ATENDIMENTOS NOS TURNOS DA MANHA E A TARDE,no,,unknown,,cnes-dados-abertos (atualizado no CNES em 2026-05-14),2026-09-23T18:24:38Z,,pendente,,36 - Clínica / centro de especialidade,incluido,
cnes-8246386,8246386,NEUROKIDS CLINICA DE TERAPIA INFANTIL,private,no,RAIMUNDO LACERDA,1,,SAO JOSE,56302470,Petrolina,PE,8799793988,-9.400173558100871,-40.487225171164205,cadastro_cnes,,,ATENDIMENTOS NOS TURNOS DA MANHA E A TARDE,no,,unknown,,cnes-dados-abertos (atualizado no CNES em 2026-06-16),2026-09-23T18:24:38Z,,pendente,,22 - Consultório isolado,excluido,tipo 22 fora do critério de inclusão v1
cnes-8246483,8246483,M MOREIRA ROCHA PRESTACOES DE SERVICOS HOSPITALARES,private,no,DA INTEGRACAO AYRTON SENNA,445,,GERCINO COELHO,56306150,Petrolina,PE,,-9.3864730779085,-40.515081599999995,cadastro_cnes,,,ATENDIMENTOS NOS TURNOS DA MANHA E A TARDE,no,,unknown,,cnes-dados-abertos (atualizado no CNES em 2026-06-16),2026-09-23T18:24:38Z,,pendente,,22 - Consultório isolado,excluido,tipo 22 fora do critério de inclusão v1
cnes-8251061,8251061,ALVORESER PSICOLOGIA LTDA,private,no,AUGUSTO CARLOS BRANDAO,111,,CENTRO,56304110,Petrolina,PE,,-9.392766147677209,-40.5012535288358,cadastro_cnes,,,ATENDIMENTOS NOS TURNOS DA MANHA E A TARDE,no,,unknown,,cnes-dados-abertos (atualizado no CNES em 2026-08-18),2026-09-23T18:24:38Z,,pendente,,22 - Consultório isolado,excluido,tipo 22 fora do critério de inclusão v1
cnes-8266662,8266662,FARMACIA NOMEQUEL,private,no,JOAQUIM NABUCO,684,,CENTRO,56304040,Petrolina,PE,8738625852,-9.400541258365148,-40.49996208650738,cadastro_cnes,,,"ATENDIMENTO NOS TURNOS DA MANHA, TARDE E NOITE",no,,unknown,,cnes-dados-abertos (atualizado no CNES em 2026-06-16),2026-09-23T18:24:38Z,,pendente,,43 - Farmácia,excluido,tipo 43 fora do critério de inclusão v1
cnes-8280347,8280347,COREMED,private,no,DO COLISEU,119,,CENTRO,56302390,Petrolina,PE,8798273516,-9.397596643986471,-40.49841005766615,cadastro_cnes,,,ATENDIMENTOS NOS TURNOS DA MANHA E A TARDE,no,,unknown,,cnes-dados-abertos (atualizado no CNES em 2026-06-16),2026-09-23T18:24:38Z,,pendente,,22 - Consultório isolado,excluido,tipo 22 fora do critério de inclusão v1
cnes-8280460,8280460,D SORRISOS,private,no,DOM VITAL,410,,CENTRO,56304260,Petrolina,PE,,-9.397812917086785,-40.50268711349261,cadastro_cnes,ambulatorio-especialidades,,ATENDIMENTOS NOS TURNOS DA MANHA E A TARDE,no,,unknown,,cnes-dados-abertos (atualizado no CNES em 2026-06-16),2026-09-23T18:24:38Z,,pendente,,36 - Clínica / centro de especialidade,incluido,
cnes-8280533,8280533,SEST SENAT UNID B 62,private,no,ZITO DE SOUZA LEAO,10,,KM 2,56306498,Petrolina,PE,,-9.381151441824144,-40.507004644178984,cadastro_cnes,ambulatorio-especialidades,,ATENDIMENTOS NOS TURNOS DA MANHA E A TARDE,no,,unknown,,cnes-dados-abertos (atualizado no CNES em 2026-06-16),2026-09-23T18:24:38Z,,pendente,,36 - Clínica / centro de especialidade,incluido,
cnes-8305943,8305943,DR ICARO RAMALHO,private,no,JOAQUIM NABUCO,541,,CENTRO,56304040,Petrolina,PE,8781710707,-9.39676957649589,-40.49959449752064,cadastro_cnes,,,ATENDIMENTOS NOS TURNOS DA MANHA E A TARDE,no,,unknown,,cnes-dados-abertos (atualizado no CNES em 2026-06-16),2026-09-23T18:24:38Z,,pendente,,22 - Consultório isolado,excluido,tipo 22 fora do critério de inclusão v1
cnes-8314659,8314659,CINTIA PIRES PSICOLOGIA,private,no,CARDOSO DE SA,860,,CIDADE UNIVERSITARIA,56302110,Petrolina,PE,8799208887,-9.39932724988431,-40.482551571164784,cadastro_cnes,ambulatorio-especialidades,,ATENDIMENTOS NOS TURNOS DA MANHA E A TARDE,no,,unknown,,cnes-dados-abertos (atualizado no CNES em 2026-07-15),2026-09-23T18:24:38Z,,pendente,,36 - Clínica / centro de especialidade,incluido,
cnes-8319286,8319286,TALITA FONOAUDIOLOGA LTDA,private,no,TIVINHA RAMOS BRANDAO,86,,SAO JOSE,56302440,Petrolina,PE,,-9.399586851117748,-40.49197532883579,cadastro_cnes,ambulatorio-especialidades,,ATENDIMENTOS NOS TURNOS DA MANHA E A TARDE,no,,unknown,,cnes-dados-abertos (atualizado no CNES em 2026-06-16),2026-09-23T18:24:38Z,,pendente,,36 - Clínica / centro de especialidade,incluido,
cnes-8327203,8327203,LAB SAUDE PETROLINA,private,no,VALERIO PEREIRA,72,,CENTRO,56304060,Petrolina,PE,,-9.397262244998586,-40.49895622267594,cadastro_cnes,exames-terapias,,ATENDIMENTOS NOS TURNOS DA MANHA E A TARDE,no,,unknown,,cnes-dados-abertos (atualizado no CNES em 2026-06-16),2026-09-23T18:24:38Z,,pendente,,39 - Unidade de apoio diagnose e terapia (SADT isolado),incluido,
cnes-8342202,8342202,COMUNIQUE TERAPIAS,private,no,DA INTEGRACAO AYRTON SENNA,110,,JARDIM MARAVILHA,56306150,Petrolina,PE,8791928747,-9.385461611750705,-40.51224546760621,cadastro_cnes,ambulatorio-especialidades,,"ATENDIMENTO CONTINUO DE 24 HORAS/DIA (PLANTAO:INCLUI SABADOS, DOMINGOS E FERIADOS)",yes,,unknown,,cnes-dados-abertos (atualizado no CNES em 2026-06-16),2026-09-23T18:24:38Z,,pendente,,36 - Clínica / centro de especialidade,incluido,
cnes-8374899,8374899,SOLLIEVO MEDICINA INTEGRADA,private,no,JOAQUIM NABUCO,541,,CENTRO,56304040,Petrolina,PE,,-9.396700919392769,-40.499596093254354,cadastro_cnes,,,ATENDIMENTOS NOS TURNOS DA MANHA E A TARDE,no,,unknown,,cnes-dados-abertos (atualizado no CNES em 2026-07-15),2026-09-23T18:24:38Z,,pendente,,22 - Consultório isolado,excluido,tipo 22 fora do critério de inclusão v1
cnes-8390401,8390401,NAVEGAR CENTRO TERAPEUTICO,private,no,SAO FRANCISCO,466,,ATRAS DA BANCA,56308060,Petrolina,PE,8781447998,-9.377804526407418,-40.4925995355864,cadastro_cnes,,,ATENDIMENTOS NOS TURNOS DA MANHA E A TARDE,no,,unknown,,cnes-dados-abertos (atualizado no CNES em 2026-08-13),2026-09-23T18:24:38Z,,pendente,,22 - Consultório isolado,excluido,tipo 22 fora do critério de inclusão v1
cnes-8411743,8411743,MPMR SERVICOS,private,no,DOUTOR JOSE MARIA,84,,CENTRO,56304050,Petrolina,PE,8788571175,-9.396537383180338,-40.49800026922259,cadastro_cnes,,,ATENDIMENTOS NOS TURNOS DA MANHA E A TARDE,no,,unknown,,cnes-dados-abertos (atualizado no CNES em 2026-07-15),2026-09-23T18:24:38Z,,pendente,,22 - Consultório isolado,excluido,tipo 22 fora do critério de inclusão v1
cnes-8441103,8441103,NEUROCONECTA PSICOLOGIA INTEGRADA,private,no,DAS NACOES FERNANDO FARIAS,13,,ANTONIO CASSIMIRO,56321630,Petrolina,PE,,-9.36422,-40.51435,cadastro_cnes,ambulatorio-especialidades,,ATENDIMENTOS NOS TURNOS DA MANHA E A TARDE,no,,unknown,,cnes-dados-abertos (atualizado no CNES em 2026-08-13),2026-09-23T18:24:38Z,,pendente,,36 - Clínica / centro de especialidade,incluido,
cnes-8456518,8456518,INSTITUTO DE SAUDE VITHARA,private,no,JOAO PERNAMBUCO,101,,CIDADE UNIVERSITARIA,56332710,Petrolina,PE,,-9.399866732177802,-40.48113511575259,cadastro_cnes,,,ATENDIMENTOS NOS TURNOS DA MANHA E A TARDE,no,,unknown,,cnes-dados-abertos (atualizado no CNES em 2026-08-13),2026-09-23T18:24:38Z,,pendente,,22 - Consultório isolado,excluido,tipo 22 fora do critério de inclusão v1
cnes-8464480,8464480,DIAGMED FILIAL,private,no,TRINTA E OITO,11,,SAO GONCALO,56312381,Petrolina,PE,8788353324,-9.369626150490362,-40.529806546029526,cadastro_cnes,,,ATENDIMENTOS NOS TURNOS DA MANHA E A TARDE,no,,unknown,,cnes-dados-abertos (atualizado no CNES em 2026-08-13),2026-09-23T18:24:38Z,,pendente,,22 - Consultório isolado,excluido,tipo 22 fora do critério de inclusão v1
cnes-8465436,8465436,NAPSI NUCLEO DE ANESTESIA E PSIQUIATRIA,private,no,CARDOSO DE SA,312,,SAO JOSE,56328020,Petrolina,PE,8791914963,-9.4009895976216,-40.48838944232841,cadastro_cnes,,,ATENDIMENTOS NOS TURNOS DA MANHA E A TARDE,no,,unknown,,cnes-dados-abertos (atualizado no CNES em 2026-08-13),2026-09-23T18:24:38Z,,pendente,,22 - Consultório isolado,excluido,tipo 22 fora do critério de inclusão v1
cnes-8465541,8465541,CEO DO VALE CONSULTORIO PETROLINA LTDA,private,no,JOAQUIM NABUCO,541,,CENTRO,56304040,Petrolina,PE,8788197142,-9.396769721065077,-40.4996121865079,cadastro_cnes,,,ATENDIMENTO SOMENTE A NOITE,no,,unknown,,cnes-dados-abertos (atualizado no CNES em 2026-08-13),2026-09-23T18:24:38Z,,pendente,,22 - Consultório isolado,excluido,tipo 22 fora do critério de inclusão v1
cnes-8480184,8480184,CAF CENTRAL DE ABASTECIMENTO FARMACEUTICO 1,public,yes,RUA DOZE,249,,OURO PRETO,56318625,Petrolina,PE,,-9.375274646433812,-40.52226949995071,cadastro_cnes,,,ATENDIMENTOS NOS TURNOS DA MANHA E A TARDE,no,,unknown,,cnes-dados-abertos (atualizado no CNES em 2026-09-15),2026-09-23T18:24:38Z,,pendente,,43 - Farmácia,excluido,tipo 43 fora do critério de inclusão v1
cnes-8487332,8487332,FARMACIA FREIRE,private,no,JOSE HERMANO GOMES,5,,JOSE E MARIA,56320250,Petrolina,PE,8788546480,-9.36973,-40.49371,cadastro_cnes,,,"ATENDIMENTO NOS TURNOS DA MANHA, TARDE E NOITE",no,,unknown,,cnes-dados-abertos (atualizado no CNES em 2026-09-15),2026-09-23T18:24:38Z,,pendente,,43 - Farmácia,excluido,tipo 43 fora do critério de inclusão v1
cnes-8487375,8487375,CENTRAL DE REGULACAO DAS URGENCIAS REGIONAL,public,no,RUA MARTINIANO CANDIDO DA SILVA,306,,COHAB MASSANGANO,56310270,Petrolina,PE,,-9.378828157366707,-40.53516414907204,cadastro_cnes,,,"ATENDIMENTO CONTINUO DE 24 HORAS/DIA (PLANTAO:INCLUI SABADOS, DOMINGOS E FERIADOS)",yes,,unknown,,cnes-dados-abertos (atualizado no CNES em 2026-09-15),2026-09-23T18:24:38Z,,pendente,,76 - Central de regulação médica das urgências,excluido,tipo 76 fora do critério de inclusão v1
cnes-8492743,8492743,EQUILIBRIA INSTITUTO DE SAUDE INTEGRATIVA,private,no,PREFEITO JOSE ALMEIDA DA SILVA,261,,SAO JOSE,56302770,Petrolina,PE,8781492507,-9.396830686989759,-40.488540586887055,cadastro_cnes,ambulatorio-especialidades,,ATENDIMENTOS NOS TURNOS DA MANHA E A TARDE,no,,unknown,,cnes-dados-abertos (atualizado no CNES em 2026-09-19),2026-09-23T18:24:38Z,,pendente,,36 - Clínica / centro de especialidade,incluido,
cnes-8503834,8503834,CEMPA,private,no,DOS IMIGRANTES,226,,VILA EDUARDO,56328057,Petrolina,PE,8738622775,-9.383022234474351,-40.48652913837154,cadastro_cnes,,,ATENDIMENTOS NOS TURNOS DA MANHA E A TARDE,no,,unknown,,cnes-dados-abertos (atualizado no CNES em 2026-09-15),2026-09-23T18:24:38Z,,pendente,,22 - Consultório isolado,excluido,tipo 22 fora do critério de inclusão v1
cnes-8510911,8510911,PNAISARI,public,no,DAS NACOES,190,,CENTRO,56304360,Petrolina,PE,8738669782,-9.389402742907528,-40.50856850674631,cadastro_cnes,atencao-basica,,ATENDIMENTOS NOS TURNOS DA MANHA E A TARDE,no,,unknown,,cnes-dados-abertos (atualizado no CNES em 2026-09-15),2026-09-23T18:24:38Z,,pendente,,2 - Centro de saúde / Unidade básica,incluido,
cnes-9005188,9005188,INSTITUTO DA MULHER PETROLINA,private,no,RUA DOUTOR JOSE MARIA,84,,CENTRO,56304040,Petrolina,PE,8738616923,-9.396521505865707,-40.4987714043158,cadastro_cnes,ambulatorio-especialidades,,"ATENDIMENTO NOS TURNOS DA MANHA, TARDE E NOITE",no,,unknown,,cnes-dados-abertos (atualizado no CNES em 2025-10-17),2026-09-23T18:24:38Z,,pendente,,36 - Clínica / centro de especialidade,incluido,
cnes-9013571,9013571,CONSULTORIO ODONTOLOGICO REALIZE,private,no,RUA ENGENHEIRO CARLOS PINHEIRO,352,,CENTRO,56302310,Petrolina,PE,8738623902,-9.396657175339007,-40.49783063701314,cadastro_cnes,,,ATENDIMENTOS NOS TURNOS DA MANHA E A TARDE,no,,unknown,,cnes-dados-abertos (atualizado no CNES em 2025-09-03),2026-09-23T18:24:38Z,,pendente,,22 - Consultório isolado,excluido,tipo 22 fora do critério de inclusão v1
cnes-9019642,9019642,ENDOVASC,private,no,MONSENHOR ANGELO SAMPAIO 100,100,,CENTRO,56304920,Petrolina,PE,,-9.38796065201637,-40.48885057116458,cadastro_cnes,,,"ATENDIMENTO NOS TURNOS DA MANHA, TARDE E NOITE",no,,unknown,,cnes-dados-abertos (atualizado no CNES em 2025-09-03),2026-09-23T18:24:38Z,,pendente,,22 - Consultório isolado,excluido,tipo 22 fora do critério de inclusão v1
cnes-9019650,9019650,LABORATORIO PETRI,private,yes,DOUTOR JULIO DE MELO,62,,CENTRO,56302150,Petrolina,PE,8738660022,-9.400246852265344,-40.4993207656449,cadastro_cnes,exames-terapias,,ATENDIMENTOS NOS TURNOS DA MANHA E A TARDE,no,,unknown,,cnes-dados-abertos (atualizado no CNES em 2025-09-03),2026-09-23T18:24:38Z,,pendente,,39 - Unidade de apoio diagnose e terapia (SADT isolado),incluido,
cnes-9029680,9029680,CRESCER CENTRO MATERNO INFATIL,private,no,TOBIAS BARRETO,102,,CENTRO,56304210,Petrolina,PE,8738612551,-9.393408645664016,-40.500131958895,cadastro_cnes,ambulatorio-especialidades,,"ATENDIMENTO NOS TURNOS DA MANHA, TARDE E NOITE",no,,unknown,,cnes-dados-abertos (atualizado no CNES em 2025-09-03),2026-09-23T18:24:38Z,,pendente,,36 - Clínica / centro de especialidade,incluido,
cnes-9042997,9042997,UNIDADE MOVEL DE ATENDIMENTO MEDICO II,public,no,AVENIDA FERNANDO MENEZES GOES,S/N,,CENTRO,56304020,Petrolina,PE,,-9.394828342769237,-40.4991407613727,cadastro_cnes,,,ATENDIMENTOS NOS TURNOS DA MANHA E A TARDE,no,,unknown,,cnes-dados-abertos (atualizado no CNES em 2025-09-03),2026-09-23T18:24:38Z,,pendente,,40 - Unidade móvel terrestre,excluido,tipo 40 fora do critério de inclusão v1
cnes-9057749,9057749,CLIN CENTER,private,no,RUA DO COLISEU,26,,CENTRO,56302390,Petrolina,PE,8738622259,-9.3977541,-40.4991853,cadastro_cnes,ambulatorio-especialidades,,ATENDIMENTOS NOS TURNOS DA MANHA E A TARDE,no,,unknown,,cnes-dados-abertos (atualizado no CNES em 2025-09-03),2026-09-23T18:24:38Z,,pendente,,36 - Clínica / centro de especialidade,incluido,
cnes-9071024,9071024,CLINICA SARAH DANTAS,private,no,DA INTEGRACAO AYRTON SENNA,550,,VILA EDUARDO,56328010,Petrolina,PE,8788749023,-9.398858586052874,-40.48585970674982,cadastro_cnes,,,ATENDIMENTOS NOS TURNOS DA MANHA E A TARDE,no,,unknown,,cnes-dados-abertos (atualizado no CNES em 2025-09-03),2026-09-23T18:24:38Z,,pendente,,22 - Consultório isolado,excluido,tipo 22 fora do critério de inclusão v1
cnes-9072012,9072012,UBS NOVA PETROLINA,public,yes,RUA 15,890,,NOVA PETROLINA,56316750,Petrolina,PE,,-9.1747359,-40.9815601,cadastro_cnes,atencao-basica,,ATENDIMENTOS NOS TURNOS DA MANHA E A TARDE,no,,unknown,,cnes-dados-abertos (atualizado no CNES em 2025-09-03),2026-09-23T18:24:38Z,,pendente,coordenada do cadastro fora do limite municipal (OSM); descartada para rota até conferência,2 - Centro de saúde / Unidade básica,incluido,
cnes-9079165,9079165,ACADEMIA DA SAUDE JOAQUIM FRANCISCO ARAUJO,public,yes,QUADRA R,S/N,,FERNANDO IDALINO,56332710,Petrolina,PE,,-9.391376004771834,-40.47255621764962,cadastro_cnes,,,ATENDIMENTOS NOS TURNOS DA MANHA E A TARDE,no,,unknown,,cnes-dados-abertos (atualizado no CNES em 2025-09-03),2026-09-23T18:24:38Z,,pendente,,74 - Polo Academia da Saúde,excluido,tipo 74 fora do critério de inclusão v1
cnes-9115161,9115161,IPADO,private,no,TOBIAS BARRETO,164,,CENTRO,56304210,Petrolina,PE,8738664050,-9.393462973427285,-40.500779964417866,cadastro_cnes,ambulatorio-especialidades,,ATENDIMENTOS NOS TURNOS DA MANHA E A TARDE,no,,unknown,,cnes-dados-abertos (atualizado no CNES em 2025-09-03),2026-09-23T18:24:38Z,,pendente,,36 - Clínica / centro de especialidade,incluido,
cnes-9129588,9129588,CONSULTAR CLINICA INTEGRADA DE SAUDE,private,no,SOUZA FILHO,553,,CENTRO,56304000,Petrolina,PE,8788555775,-8.8072595,-39.8230629,cadastro_cnes,,,ATENDIMENTOS NOS TURNOS DA MANHA E A TARDE,no,,unknown,,cnes-dados-abertos (atualizado no CNES em 2025-09-03),2026-09-23T18:24:38Z,,pendente,,22 - Consultório isolado,excluido,desabilitado no CNES (motivo 07)
cnes-9148388,9148388,PRIMEIROS PASSOS CLINICA,private,no,SAO VICENTE DE PAULA,113,,ATRAS DA BANCA,56308050,Petrolina,PE,8738619012,-9.39845972103274,-40.50639528114906,cadastro_cnes,ambulatorio-especialidades,,ATENDIMENTOS NOS TURNOS DA MANHA E A TARDE,no,,unknown,,cnes-dados-abertos (atualizado no CNES em 2025-09-03),2026-09-23T18:24:38Z,,pendente,,36 - Clínica / centro de especialidade,incluido,
cnes-9191046,9191046,NUCLEO AMPLIADO DE SAUDE DA FAMILIA NASF AB 9,public,yes,QUADRA U,S/N,,N 5,56304020,Petrolina,PE,,-9.393,-40.508,cadastro_cnes,,,ATENDIMENTOS NOS TURNOS DA MANHA E A TARDE,no,,unknown,,cnes-dados-abertos (atualizado no CNES em 2025-09-03),2026-09-23T18:24:38Z,,pendente,,71 - Centro de apoio à saúde da família,excluido,desabilitado no CNES (motivo 03)
cnes-9194924,9194924,CLINICA INTEGRAR,private,no,DA INTEGRACAO,445,,GERCINO COELHO,56306150,Petrolina,PE,8798209458,-9.386610685276212,-40.51511915092587,cadastro_cnes,ambulatorio-especialidades,,ATENDIMENTOS NOS TURNOS DA MANHA E A TARDE,no,,unknown,,cnes-dados-abertos (atualizado no CNES em 2025-09-03),2026-09-23T18:24:38Z,,pendente,,36 - Clínica / centro de especialidade,incluido,
cnes-9194932,9194932,NUCLEO DE ATENCAO A SAUDE EM PETROLINA,private,no,TOBIAS BARRETO,226,,CENTRO,56304210,Petrolina,PE,8738667924,-9.393388827211028,-40.50135591778381,cadastro_cnes,ambulatorio-especialidades,,ATENDIMENTOS NOS TURNOS DA MANHA E A TARDE,no,,unknown,,cnes-dados-abertos (atualizado no CNES em 2025-09-03),2026-09-23T18:24:38Z,,pendente,,4 - Policlínica,incluido,
cnes-9206426,9206426,CLIMEDE LAB SEDILAB LABORATORIO,private,no,AV PARAIBA,05,,AREIA BRANCA,56328480,Petrolina,PE,87988146119,-9.3788259,-40.4909917,cadastro_cnes,exames-terapias,,ATENDIMENTOS NOS TURNOS DA MANHA E A TARDE,no,,unknown,,cnes-dados-abertos (atualizado no CNES em 2025-09-03),2026-09-23T18:24:38Z,,pendente,,39 - Unidade de apoio diagnose e terapia (SADT isolado),incluido,
cnes-9206493,9206493,ORALCLEAN,private,no,PACIFICO DA LUZ,761,,CENTRO,56304010,Petrolina,PE,8730243220,-9.394481292470129,-40.5006452380328,cadastro_cnes,ambulatorio-especialidades,,ATENDIMENTOS NOS TURNOS DA MANHA E A TARDE,no,,unknown,,cnes-dados-abertos (atualizado no CNES em 2025-09-03),2026-09-23T18:24:38Z,,pendente,,36 - Clínica / centro de especialidade,incluido,
cnes-9209298,9209298,REFERENCE ODONTOLOGIA,private,no,RUA SANTA LUZIA,85,,CENTRO,56304100,Petrolina,PE,,-9.4019856,-40.4935147,cadastro_cnes,,,ATENDIMENTOS NOS TURNOS DA MANHA E A TARDE,no,,unknown,,cnes-dados-abertos (atualizado no CNES em 2025-09-03),2026-09-23T18:24:38Z,,pendente,,22 - Consultório isolado,excluido,tipo 22 fora do critério de inclusão v1
cnes-9230483,9230483,BIOANALISES LABORATORIO DE ANALISES DIAGNOSTICAS LTDA,private,yes,ANTONIO DE SANTANA FILHO,359,,CENTRO,56302300,Petrolina,PE,8738612011,-9.398664301282391,-40.498968999999995,cadastro_cnes,exames-terapias,,ATENDIMENTOS NOS TURNOS DA MANHA E A TARDE,no,,unknown,,cnes-dados-abertos (atualizado no CNES em 2025-09-03),2026-09-23T18:24:38Z,,pendente,,39 - Unidade de apoio diagnose e terapia (SADT isolado),incluido,
cnes-9230521,9230521,CAP CENTRO DE ANATOMIA PATOLOGICA,private,no,FERNANDO MENEZES DE GOES,526,,CENTRO,56304020,Petrolina,PE,8788143493,-9.39545642781277,-40.49911005335003,cadastro_cnes,ambulatorio-especialidades,,ATENDIMENTOS NOS TURNOS DA MANHA E A TARDE,no,,unknown,,cnes-dados-abertos (atualizado no CNES em 2025-09-03),2026-09-23T18:24:38Z,,pendente,,36 - Clínica / centro de especialidade,incluido,
cnes-9230564,9230564,DERMAVALLE,private,no,MONSENHOR ANGELO SAMPAIO,120,,CENTRO,56304160,Petrolina,PE,8788069820,-9.396432501725938,-40.49116617541912,cadastro_cnes,,,ATENDIMENTOS NOS TURNOS DA MANHA E A TARDE,no,,unknown,,cnes-dados-abertos (atualizado no CNES em 2025-09-03),2026-09-23T18:24:38Z,,pendente,,22 - Consultório isolado,excluido,tipo 22 fora do critério de inclusão v1
cnes-9232893,9232893,CLINICA PRO SAUDE,private,no,GUARARAPES,2250,,CENTRO,56302000,Petrolina,PE,,-9.39995953071087,-40.498697406133005,cadastro_cnes,ambulatorio-especialidades,,ATENDIMENTOS NOS TURNOS DA MANHA E A TARDE,no,,unknown,,cnes-dados-abertos (atualizado no CNES em 2025-09-03),2026-09-23T18:24:38Z,,pendente,,36 - Clínica / centro de especialidade,incluido,
cnes-9236813,9236813,UROCLINICA PETROLINA,private,no,AVENIDA DA INTEGRACAO AYRTON SENNA,320,,LOTEAMENTO VILA DOS,56302450,Petrolina,PE,8730246011,-9.399183112323467,-40.486459415340796,cadastro_cnes,ambulatorio-especialidades,,ATENDIMENTOS NOS TURNOS DA MANHA E A TARDE,no,,unknown,,cnes-dados-abertos (atualizado no CNES em 2025-09-03),2026-09-23T18:24:38Z,,pendente,,36 - Clínica / centro de especialidade,incluido,
cnes-9237607,9237607,J C PROTESE,private,no,RUA JOAQUIM NABUCO,487,,CENTRO,56304040,Petrolina,PE,,-9.4026193,-40.5001143,cadastro_cnes,exames-terapias,,ATENDIMENTOS NOS TURNOS DA MANHA E A TARDE,no,,unknown,,cnes-dados-abertos (atualizado no CNES em 2025-09-03),2026-09-23T18:24:38Z,,pendente,,39 - Unidade de apoio diagnose e terapia (SADT isolado),incluido,
cnes-9262407,9262407,HOSPITAL DOM TOMAS,private,yes,RUA VISCONDE DE MAUA,10,,GERCINO COELHO,56306290,Petrolina,PE,8738628650,-9.4453683,-40.5009856,cadastro_cnes,hospital;internacao;centro-cirurgico,,"ATENDIMENTO CONTINUO DE 24 HORAS/DIA (PLANTAO:INCLUI SABADOS, DOMINGOS E FERIADOS)",yes,,unknown,,cnes-dados-abertos (atualizado no CNES em 2025-09-03),2026-09-23T18:24:38Z,,pendente,coordenada do cadastro fora do limite municipal (OSM); descartada para rota até conferência,5 - Hospital geral,incluido,
cnes-9279768,9279768,LABSABIN LABORATORIOS ASSOCIADOS,private,yes,OROCO,56,,CENTRO,56304150,Petrolina,PE,,-9.3969534,-40.4944814,cadastro_cnes,exames-terapias,,ATENDIMENTOS NOS TURNOS DA MANHA E A TARDE,no,,unknown,,cnes-dados-abertos (atualizado no CNES em 2025-09-03),2026-09-23T18:24:38Z,,pendente,,39 - Unidade de apoio diagnose e terapia (SADT isolado),incluido,
cnes-9282645,9282645,LIAME,private,no,DOUTOR NESTOR CAVALCANTE,122,,VILA MOCO,56306420,Petrolina,PE,,-9.389427592547005,-40.506134767468886,cadastro_cnes,ambulatorio-especialidades,,"ATENDIMENTO NOS TURNOS DA MANHA, TARDE E NOITE",no,,unknown,,cnes-dados-abertos (atualizado no CNES em 2026-07-21),2026-09-23T18:24:38Z,,pendente,,36 - Clínica / centro de especialidade,incluido,
cnes-9282653,9282653,CLINICA POPULAR DE PETROLINA,private,no,TOBIAS BARRETO,102,,CENTRO,56304210,Petrolina,PE,8788363209,-9.39350523352264,-40.50013128834132,cadastro_cnes,ambulatorio-especialidades,,ATENDIMENTOS NOS TURNOS DA MANHA E A TARDE,no,,unknown,,cnes-dados-abertos (atualizado no CNES em 2025-09-03),2026-09-23T18:24:38Z,,pendente,,4 - Policlínica,incluido,
cnes-9300449,9300449,SAUDE VISAO,private,yes,DR JULIO DE MELO,102,,CENTRO,56302150,Petrolina,PE,,-9.400366883826425,-40.49900834662831,cadastro_cnes,ambulatorio-especialidades;internacao;centro-cirurgico,,ATENDIMENTOS NOS TURNOS DA MANHA E A TARDE,no,,unknown,,cnes-dados-abertos (atualizado no CNES em 2025-12-23),2026-09-23T18:24:38Z,,pendente,,36 - Clínica / centro de especialidade,incluido,
cnes-9302530,9302530,UROFISIO,private,no,VALERIO PEREIRA,416,,CENTRO,56304060,Petrolina,PE,8788377344,-9.396938807567826,-40.495831199999984,cadastro_cnes,ambulatorio-especialidades,,ATENDIMENTOS NOS TURNOS DA MANHA E A TARDE,no,,unknown,,cnes-dados-abertos (atualizado no CNES em 2025-09-03),2026-09-23T18:24:38Z,,pendente,,36 - Clínica / centro de especialidade,incluido,
cnes-9312242,9312242,HARMONY ODONTOLOGIA ESPECIALIZADA,private,no,CARDOSO DE SA,860,,VILA EDUARDO,56328020,Petrolina,PE,,-9.399597161958969,-40.4825676644177,cadastro_cnes,ambulatorio-especialidades,,ATENDIMENTOS NOS TURNOS DA MANHA E A TARDE,no,,unknown,,cnes-dados-abertos (atualizado no CNES em 2025-09-03),2026-09-23T18:24:38Z,,pendente,,36 - Clínica / centro de especialidade,incluido,
cnes-9317341,9317341,ANGIOCLIN CENTRO MEDICO,private,yes,SANTA CECILIA,10,,CENTRO,56304470,Petrolina,PE,8738672882,-9.3714169,-40.5175366,cadastro_cnes,ambulatorio-especialidades,,ATENDIMENTOS NOS TURNOS DA MANHA E A TARDE,no,,unknown,,cnes-dados-abertos (atualizado no CNES em 2025-09-03),2026-09-23T18:24:38Z,,pendente,,36 - Clínica / centro de especialidade,incluido,
cnes-9335099,9335099,ALEXANDRE SIQUEIRA NEUROCIRURGIA E CIRURGIA DE COLUNA,private,no,RUA TOBIAS BARRETO,249,,CENTRO,56304210,Petrolina,PE,,-9.393358968238715,-40.50168119511074,cadastro_cnes,ambulatorio-especialidades,,ATENDIMENTOS NOS TURNOS DA MANHA E A TARDE,no,,unknown,,cnes-dados-abertos (atualizado no CNES em 2025-10-14),2026-09-23T18:24:38Z,,pendente,,36 - Clínica / centro de especialidade,incluido,
cnes-9335110,9335110,CIRURGIA DE CABECA E PESCOCO DO VALE,private,no,DA INTEGRACAO AYRTON SENNA,320,,SAO JOSE,56302450,Petrolina,PE,8788259815,-9.399260799182327,-40.48647872434851,cadastro_cnes,ambulatorio-especialidades,,ATENDIMENTOS NOS TURNOS DA MANHA E A TARDE,no,,unknown,,cnes-dados-abertos (atualizado no CNES em 2025-09-03),2026-09-23T18:24:38Z,,pendente,,36 - Clínica / centro de especialidade,incluido,
cnes-9335803,9335803,DANYLO RIBEIRO DOS SANTOS FERREIRA,private,no,RUA DO COLISEU,109,,CENTRO,56302390,Petrolina,PE,,-9.39780736025856,-40.49661210494155,cadastro_cnes,,,ATENDIMENTOS NOS TURNOS DA MANHA E A TARDE,no,,unknown,,cnes-dados-abertos (atualizado no CNES em 2025-09-03),2026-09-23T18:24:38Z,,pendente,,22 - Consultório isolado,excluido,tipo 22 fora do critério de inclusão v1
cnes-9357572,9357572,PAS PATOLOGISTAS ASSOCIADOS,private,no,RUA TOBIAS BARRETO,122,,CENTRO,56304210,Petrolina,PE,8738626488,-9.393706901218158,-40.50006866455078,cadastro_cnes,ambulatorio-especialidades,,ATENDIMENTOS NOS TURNOS DA MANHA E A TARDE,no,,unknown,,cnes-dados-abertos (atualizado no CNES em 2025-09-03),2026-09-23T18:24:38Z,,pendente,,36 - Clínica / centro de especialidade,incluido,
cnes-9366113,9366113,CLINICA DO TRABALHADOR,private,no,DA SIMPATIA,62,,CENTRO,56304441,Petrolina,PE,8730243220,-9.391696981048607,-40.50597933863348,cadastro_cnes,ambulatorio-especialidades,,ATENDIMENTOS NOS TURNOS DA MANHA E A TARDE,no,,unknown,,cnes-dados-abertos (atualizado no CNES em 2025-09-03),2026-09-23T18:24:38Z,,pendente,,36 - Clínica / centro de especialidade,incluido,
cnes-9380302,9380302,ODONTOLIFE,private,no,GUARARAPES,2250,,CENTRO,56302000,Petrolina,PE,8791487070,-9.399853682974163,-40.498688688955745,cadastro_cnes,ambulatorio-especialidades,,ATENDIMENTOS NOS TURNOS DA MANHA E A TARDE,no,,unknown,,cnes-dados-abertos (atualizado no CNES em 2025-09-03),2026-09-23T18:24:38Z,,pendente,,36 - Clínica / centro de especialidade,incluido,
cnes-9383476,9383476,DERM LIFE,private,no,AV CARDOSO DE SA,776,,CENTRO,56328020,Petrolina,PE,8738620606,,,,ambulatorio-especialidades,,ATENDIMENTOS NOS TURNOS DA MANHA E A TARDE,no,,unknown,,cnes-dados-abertos (atualizado no CNES em 2025-09-03),2026-09-23T18:24:38Z,,pendente,,36 - Clínica / centro de especialidade,excluido,desabilitado no CNES (motivo 11)
cnes-9397884,9397884,CENTER PREV MEDICINA DO TRABALHO,private,no,RUA TOMAZ MAIA,144,,AREIA BRANCA,56330065,Petrolina,PE,,-9.3774823,-40.4936025,cadastro_cnes,ambulatorio-especialidades,,"ATENDIMENTO NOS TURNOS DA MANHA, TARDE E NOITE",no,,unknown,,cnes-dados-abertos (atualizado no CNES em 2025-09-03),2026-09-23T18:24:38Z,,pendente,,36 - Clínica / centro de especialidade,incluido,
cnes-9402977,9402977,SMILE S CLINIC,private,no,VALERIO PEREIRA,515,,CENTRO,56304060,Petrolina,PE,8799253232,-9.39672124705059,-40.49513159999999,cadastro_cnes,ambulatorio-especialidades,,ATENDIMENTOS NOS TURNOS DA MANHA E A TARDE,no,,unknown,,cnes-dados-abertos (atualizado no CNES em 2025-09-03),2026-09-23T18:24:38Z,,pendente,,36 - Clínica / centro de especialidade,incluido,
cnes-9439978,9439978,REDE ORTOESTETICA,private,no,RUA DOM VITAL,544,,CENTRO,56304260,Petrolina,PE,8738619170,-9.0000614,-40.2753776,cadastro_cnes,ambulatorio-especialidades,,ATENDIMENTOS NOS TURNOS DA MANHA E A TARDE,no,,unknown,,cnes-dados-abertos (atualizado no CNES em 2025-09-03),2026-09-23T18:24:38Z,,pendente,coordenada do cadastro fora do limite municipal (OSM); descartada para rota até conferência,36 - Clínica / centro de especialidade,incluido,
cnes-9440003,9440003,LILLIUM PILATES FISIOTERAPIA E BEM ESTAR,private,no,DA INTEGRACAO AYRTON SENNA,521,,SAO JOSE,56328010,Petrolina,PE,8788138022,-9.388564416521634,-40.49087746686949,cadastro_cnes,ambulatorio-especialidades,,"ATENDIMENTO NOS TURNOS DA MANHA, TARDE E NOITE",no,,unknown,,cnes-dados-abertos (atualizado no CNES em 2025-09-03),2026-09-23T18:24:38Z,,pendente,,36 - Clínica / centro de especialidade,incluido,
cnes-9462422,9462422,CLINICAL CENTER IMAGEM,private,no,JOSE CLEMENTE DE AMORIM,27,,COHAB MASSANGANO,56320370,Petrolina,PE,8739832126,-9.376828892739313,-40.53818334232918,cadastro_cnes,ambulatorio-especialidades,,ATENDIMENTOS NOS TURNOS DA MANHA E A TARDE,no,,unknown,,cnes-dados-abertos (atualizado no CNES em 2025-09-03),2026-09-23T18:24:38Z,,pendente,,36 - Clínica / centro de especialidade,incluido,
cnes-9462430,9462430,CLINICAL CENTER IMAGEM 2,private,no,TOME CAVALCANTE,221,,AREIA BRANCA,56330055,Petrolina,PE,8739832126,-9.378170462237637,-40.492886747401926,cadastro_cnes,ambulatorio-especialidades,,ATENDIMENTOS NOS TURNOS DA MANHA E A TARDE,no,,unknown,,cnes-dados-abertos (atualizado no CNES em 2025-09-03),2026-09-23T18:24:38Z,,pendente,,36 - Clínica / centro de especialidade,incluido,
cnes-9462449,9462449,PETROMED,private,no,CORONEL CLEMENTINO COELHO,541,,ATRAS DA BANCA,56308210,Petrolina,PE,87996619028,-9.397296272690259,-40.5116340779086,cadastro_cnes,,,ATENDIMENTOS NOS TURNOS DA MANHA E A TARDE,no,,unknown,,cnes-dados-abertos (atualizado no CNES em 2026-01-20),2026-09-23T18:24:38Z,,pendente,,77 - Serviço de atenção domiciliar isolado,excluido,tipo 77 fora do critério de inclusão v1
cnes-9462988,9462988,NATHANAEL MODESTO UROLOGIA,private,no,RUA TOBIAS BARRETO,164,,CENTRO,56304210,Petrolina,PE,,-9.39330684507158,-40.50077594110587,cadastro_cnes,,,ATENDIMENTOS NOS TURNOS DA MANHA E A TARDE,no,,unknown,,cnes-dados-abertos (atualizado no CNES em 2026-01-20),2026-09-23T18:24:38Z,,pendente,,22 - Consultório isolado,excluido,tipo 22 fora do critério de inclusão v1
cnes-9472185,9472185,REFERENCE ODONTOLOGIA INTEGRADA,private,no,RUA DOUTOR JULIO DE MELO,149,,CENTRO,56302150,Petrolina,PE,,-9.4003412,-40.4958916,cadastro_cnes,ambulatorio-especialidades,,ATENDIMENTOS NOS TURNOS DA MANHA E A TARDE,no,,unknown,,cnes-dados-abertos (atualizado no CNES em 2025-09-03),2026-09-23T18:24:38Z,,pendente,,36 - Clínica / centro de especialidade,incluido,
cnes-9472517,9472517,MEDICINA DA MULHER,private,no,DA INTEGRACAO,561,,SAO JOSE,56328010,Petrolina,PE,8781640005,-9.39234075963086,-40.48547748950215,cadastro_cnes,ambulatorio-especialidades,,ATENDIMENTOS NOS TURNOS DA MANHA E A TARDE,no,,unknown,,cnes-dados-abertos (atualizado no CNES em 2025-09-03),2026-09-23T18:24:38Z,,pendente,,36 - Clínica / centro de especialidade,incluido,
cnes-9472983,9472983,DIAGNOSTIKA ANATOMIA PATOLOGICA E CITOLOGIA,private,yes,TOBIAS BARRETO,164,,CENTRO,56304210,Petrolina,PE,8781388930,-9.39348678961137,-40.5007826466251,cadastro_cnes,ambulatorio-especialidades,,ATENDIMENTOS NOS TURNOS DA MANHA E A TARDE,no,,unknown,,cnes-dados-abertos (atualizado no CNES em 2025-09-03),2026-09-23T18:24:38Z,,pendente,,36 - Clínica / centro de especialidade,incluido,
cnes-9473513,9473513,DM LIFE,private,no,ANTONIO FIRMINO DA SILVA,71,,ANTONIO CASSIMIRO,56321450,Petrolina,PE,8738626466,-9.375689548695279,-40.51044785399822,cadastro_cnes,ambulatorio-especialidades,,ATENDIMENTOS NOS TURNOS DA MANHA E A TARDE,no,,unknown,,cnes-dados-abertos (atualizado no CNES em 2025-09-03),2026-09-23T18:24:38Z,,pendente,,36 - Clínica / centro de especialidade,incluido,
cnes-9513795,9513795,ENDOCENTRO,private,no,FERNANDO MENEZES DE GOES,530,,CENTRO,56304020,Petrolina,PE,,-9.395482706594418,-40.49901601779506,cadastro_cnes,ambulatorio-especialidades,,ATENDIMENTOS NOS TURNOS DA MANHA E A TARDE,no,,unknown,,cnes-dados-abertos (atualizado no CNES em 2025-09-03),2026-09-23T18:24:38Z,,pendente,,36 - Clínica / centro de especialidade,incluido,
cnes-9513841,9513841,ATELIE DO SORRISO,private,no,RUA CASTRO ALVES,389,,CENTRO,56304340,Petrolina,PE,8788130255,-9.3942203,-40.5041293,cadastro_cnes,ambulatorio-especialidades,,ATENDIMENTOS NOS TURNOS DA MANHA E A TARDE,no,,unknown,,cnes-dados-abertos (atualizado no CNES em 2025-09-03),2026-09-23T18:24:38Z,,pendente,,36 - Clínica / centro de especialidade,incluido,
cnes-9520171,9520171,UBS N 6,public,yes,QUADRA F,12,,VILA NOVA N6,56303990,Petrolina,PE,,-9.4367058,-40.4913817,cadastro_cnes,atencao-basica,,ATENDIMENTOS NOS TURNOS DA MANHA E A TARDE,no,,unknown,,cnes-dados-abertos (atualizado no CNES em 2025-09-03),2026-09-23T18:24:38Z,,pendente,coordenada do cadastro fora do limite municipal (OSM); descartada para rota até conferência,2 - Centro de saúde / Unidade básica,incluido,
cnes-9531459,9531459,ADRIANO BONAFIN DIAGNOSTICO POR IMAGEM,private,no,FELIX PINTO,46,,CENTRO,56304460,Petrolina,PE,8738623623,-9.3914674,-40.5051969,cadastro_cnes,,,ATENDIMENTOS NOS TURNOS DA MANHA E A TARDE,no,,unknown,,cnes-dados-abertos (atualizado no CNES em 2025-09-03),2026-09-23T18:24:38Z,,pendente,,22 - Consultório isolado,excluido,tipo 22 fora do critério de inclusão v1
cnes-9534334,9534334,UBS ALTO DO COCAR,public,yes,RUA 20,51,,ALTO DO COCAR,56318695,Petrolina,PE,,-9.38179120999841,-40.49689773312964,cadastro_cnes,atencao-basica,,ATENDIMENTOS NOS TURNOS DA MANHA E A TARDE,no,,unknown,,cnes-dados-abertos (atualizado no CNES em 2025-09-03),2026-09-23T18:24:38Z,,pendente,,2 - Centro de saúde / Unidade básica,incluido,
cnes-9534490,9534490,UBS MANDACARU LOURIVAL RODRIGUES LIMA FILHO,public,yes,AV ANTONIO TAVARES DE MELO,S/N,,TERRAS DO SUL,56321225,Petrolina,PE,,-9.359522051666795,-40.5087389024406,cadastro_cnes,atencao-basica,,ATENDIMENTOS NOS TURNOS DA MANHA E A TARDE,no,,unknown,,cnes-dados-abertos (atualizado no CNES em 2025-09-03),2026-09-23T18:24:38Z,,pendente,,2 - Centro de saúde / Unidade básica,incluido,
cnes-9539263,9539263,RIO VALE CENTRO MEDICO,private,no,CRISPIM DE AMORIM COELHO,123,,CENTRO,56304220,Petrolina,PE,,-9.393064575093232,-40.499782211046075,cadastro_cnes,ambulatorio-especialidades,,ATENDIMENTOS NOS TURNOS DA MANHA E A TARDE,no,,unknown,,cnes-dados-abertos (atualizado no CNES em 2025-12-09),2026-09-23T18:24:38Z,,pendente,,36 - Clínica / centro de especialidade,incluido,
cnes-9539409,9539409,CLINICA MEDICA E PEDIATRICA DE PETROLINA,private,no,RUA ARISTARCO LOPES,189,,CENTRO,56302100,Petrolina,PE,8738622797,-9.4018761,-40.5005981,cadastro_cnes,ambulatorio-especialidades,,ATENDIMENTOS NOS TURNOS DA MANHA E A TARDE,no,,unknown,,cnes-dados-abertos (atualizado no CNES em 2025-09-03),2026-09-23T18:24:38Z,,pendente,,36 - Clínica / centro de especialidade,incluido,
cnes-9539522,9539522,LINEAR,private,no,RUA SANTA CECILIA,20,,CENTRO,56304470,Petrolina,PE,,-8.8022612,-39.8273343,cadastro_cnes,ambulatorio-especialidades,,ATENDIMENTOS NOS TURNOS DA MANHA E A TARDE,no,,unknown,,cnes-dados-abertos (atualizado no CNES em 2025-09-03),2026-09-23T18:24:38Z,,pendente,,36 - Clínica / centro de especialidade,excluido,desabilitado no CNES (motivo 04)
cnes-9540326,9540326,CIVA,private,no,FERNANDO MENEZES DE GOES,564,,CENTRO,56304020,Petrolina,PE,8738640174,-9.39551623490043,-40.498730699995036,cadastro_cnes,ambulatorio-especialidades,,ATENDIMENTOS NOS TURNOS DA MANHA E A TARDE,no,,unknown,,cnes-dados-abertos (atualizado no CNES em 2025-09-03),2026-09-23T18:24:38Z,,pendente,,36 - Clínica / centro de especialidade,incluido,
cnes-9542175,9542175,DANCLIN,private,no,DR LUIZ NUMERIANO R15,400,,ALTO DO COCAR,56318410,Petrolina,PE,8788141069,-9.399291438019892,-40.486389860120326,cadastro_cnes,exames-terapias,,ATENDIMENTOS NOS TURNOS DA MANHA E A TARDE,no,,unknown,,cnes-dados-abertos (atualizado no CNES em 2025-09-03),2026-09-23T18:24:38Z,,pendente,,39 - Unidade de apoio diagnose e terapia (SADT isolado),incluido,
cnes-9546804,9546804,UBS N 4 II,public,yes,RUA A,153,,N 4,56303990,Petrolina,PE,,-9.2731125,-40.5336818,cadastro_cnes,atencao-basica,,ATENDIMENTOS NOS TURNOS DA MANHA E A TARDE,no,,unknown,,cnes-dados-abertos (atualizado no CNES em 2025-09-03),2026-09-23T18:24:38Z,,pendente,,2 - Centro de saúde / Unidade básica,incluido,
cnes-9547436,9547436,ALEXANDRE BATISTA DA SILVA MOTA,private,no,ARISTARCO LOPES,81,,CENTRO,56302100,Petrolina,PE,,-9.401720216296301,-40.50265955337316,cadastro_cnes,,,ATENDIMENTOS NOS TURNOS DA MANHA E A TARDE,no,,unknown,,cnes-dados-abertos (atualizado no CNES em 2025-09-03),2026-09-23T18:24:38Z,,pendente,,22 - Consultório isolado,excluido,tipo 22 fora do critério de inclusão v1
cnes-9549773,9549773,MI MEDICAL IMAGE,private,no,PRESIDENTE TANCREDO NEVES,1064,,CENTRO,56304190,Petrolina,PE,8738626706,-9.396566598734454,-40.493500073614115,cadastro_cnes,ambulatorio-especialidades,,ATENDIMENTOS NOS TURNOS DA MANHA E A TARDE,no,,unknown,,cnes-dados-abertos (atualizado no CNES em 2025-09-03),2026-09-23T18:24:38Z,,pendente,,36 - Clínica / centro de especialidade,incluido,
cnes-9550070,9550070,MARCO ANTONIO DE ARAUJO TIMOTEO,private,no,DO VALLE R 15,06,,COHAB SAO FRANCISCO,56309412,Petrolina,PE,8799884349,-9.405780662428022,-40.553090179196865,cadastro_cnes,ambulatorio-especialidades,,ATENDIMENTOS NOS TURNOS DA MANHA E A TARDE,no,,unknown,,cnes-dados-abertos (atualizado no CNES em 2025-09-03),2026-09-23T18:24:38Z,,pendente,,36 - Clínica / centro de especialidade,incluido,
cnes-9553401,9553401,CLINAP FILIAL,private,yes,FERNANDO MENEZES DE GOES,550,,CENTRO,56304020,Petrolina,PE,8730241211,-9.395620709907702,-40.49890829283235,cadastro_cnes,ambulatorio-especialidades,,ATENDIMENTOS NOS TURNOS DA MANHA E A TARDE,no,,unknown,,cnes-dados-abertos (atualizado no CNES em 2025-09-03),2026-09-23T18:24:38Z,,pendente,,36 - Clínica / centro de especialidade,incluido,
cnes-9554378,9554378,CLINAP,private,yes,CASTRO ALVES,20,,CENTRO,56304340,Petrolina,PE,8738614802,-9.39436064305423,-40.500798200000006,cadastro_cnes,ambulatorio-especialidades,,ATENDIMENTOS NOS TURNOS DA MANHA E A TARDE,no,,unknown,,cnes-dados-abertos (atualizado no CNES em 2025-09-03),2026-09-23T18:24:38Z,,pendente,,36 - Clínica / centro de especialidade,incluido,
cnes-9557695,9557695,ONCOVALE,private,no,RUA VALERIO PEREIRA,166,,CENTRO,56304060,Petrolina,PE,,-9.3967369,-40.4944745,cadastro_cnes,ambulatorio-especialidades,,ATENDIMENTOS NOS TURNOS DA MANHA E A TARDE,no,,unknown,,cnes-dados-abertos (atualizado no CNES em 2025-09-03),2026-09-23T18:24:38Z,,pendente,,36 - Clínica / centro de especialidade,excluido,desabilitado no CNES (motivo 08)
cnes-9569723,9569723,INSTITUTO MEMORIAL DO VALE,private,yes,RUA TOBIAS BARRETO,02,,CENTRO,56304210,Petrolina,PE,8738628900,-9.387863952153303,-40.4941463470459,cadastro_cnes,hospital;internacao;centro-cirurgico,,ATENDIMENTOS NOS TURNOS DA MANHA E A TARDE,no,,unknown,,cnes-dados-abertos (atualizado no CNES em 2025-09-03),2026-09-23T18:24:38Z,,pendente,,5 - Hospital geral,incluido,
cnes-9570128,9570128,SUPREMA SAUDE,private,no,RUA DA IMPERATRIZ,13,,VILA EDUARDO,56328080,Petrolina,PE,8738616729,-9.3923004,-40.4822995,cadastro_cnes,ambulatorio-especialidades,,ATENDIMENTOS NOS TURNOS DA MANHA E A TARDE,no,,unknown,,cnes-dados-abertos (atualizado no CNES em 2025-09-03),2026-09-23T18:24:38Z,,pendente,,36 - Clínica / centro de especialidade,incluido,
cnes-9570314,9570314,ALVES E BRITO SERVICOS MEDICOS LTDA,private,no,DAS HORTENCIAS COND SOL NASCENTE ETAPA II,110,,CIDADE UNIVERSITARIA,56332760,Petrolina,PE,8788232052,-9.395106032363861,-40.47423113146652,cadastro_cnes,,,ATENDIMENTOS NOS TURNOS DA MANHA E A TARDE,no,,unknown,,cnes-dados-abertos (atualizado no CNES em 2025-09-03),2026-09-23T18:24:38Z,,pendente,,22 - Consultório isolado,excluido,tipo 22 fora do critério de inclusão v1
cnes-9570500,9570500,CLIDONTO,private,no,DOUTOR JOSE MARIANO,1105,,CENTRO,56302190,Petrolina,PE,8738627664,-9.401344962253585,-40.50014933201618,cadastro_cnes,ambulatorio-especialidades,,ATENDIMENTOS NOS TURNOS DA MANHA E A TARDE,no,,unknown,,cnes-dados-abertos (atualizado no CNES em 2025-09-03),2026-09-23T18:24:38Z,,pendente,,36 - Clínica / centro de especialidade,incluido,
cnes-9584099,9584099,ALL MEDICAL,private,no,JOAO ALFREDO,2017,,CENTRO,56302080,Petrolina,PE,8738623968,-9.4015833,-40.50078166734,cadastro_cnes,,,ATENDIMENTOS NOS TURNOS DA MANHA E A TARDE,no,,unknown,,cnes-dados-abertos (atualizado no CNES em 2025-09-03),2026-09-23T18:24:38Z,,pendente,,22 - Consultório isolado,excluido,tipo 22 fora do critério de inclusão v1
cnes-9584145,9584145,TARCISIO AUGUSTO DA SILVA MENEZES,private,no,DA INTEGRACAO,860,,VILA EDUARDO,56328010,Petrolina,PE,8738627196,-9.39224202474315,-40.48549474845731,cadastro_cnes,ambulatorio-especialidades,,ATENDIMENTOS NOS TURNOS DA MANHA E A TARDE,no,,unknown,,cnes-dados-abertos (atualizado no CNES em 2025-09-03),2026-09-23T18:24:38Z,,pendente,,36 - Clínica / centro de especialidade,incluido,
cnes-9585427,9585427,LUCYO FLAVIO BEZERRA DINIZ,private,no,MONSENHOR ANGELO SAMPAIO,377,,MARIA AUXILIADORA,56330300,Petrolina,PE,8721011866,-9.390903962623089,-40.48936518465682,cadastro_cnes,ambulatorio-especialidades,,ATENDIMENTOS NOS TURNOS DA MANHA E A TARDE,no,,unknown,,cnes-dados-abertos (atualizado no CNES em 2025-09-03),2026-09-23T18:24:38Z,,pendente,,36 - Clínica / centro de especialidade,incluido,
cnes-9585435,9585435,VIVENDO SAUDE,private,no,PRESIDENTE TANCREDO NEVES,1064,,CENTRO,56304190,Petrolina,PE,8788051410,-9.396581152939534,-40.49347861593351,cadastro_cnes,ambulatorio-especialidades,,ATENDIMENTOS NOS TURNOS DA MANHA E A TARDE,no,,unknown,,cnes-dados-abertos (atualizado no CNES em 2025-09-03),2026-09-23T18:24:38Z,,pendente,,36 - Clínica / centro de especialidade,incluido,
cnes-9585443,9585443,SAMET LTDA,private,no,RUA MAJOR ALCIDES PADILHA,23,,CENTRO,56304090,Petrolina,PE,,-9.3956324,-40.497391,cadastro_cnes,ambulatorio-especialidades,,ATENDIMENTOS NOS TURNOS DA MANHA E A TARDE,no,,unknown,,cnes-dados-abertos (atualizado no CNES em 2025-09-03),2026-09-23T18:24:38Z,,pendente,,36 - Clínica / centro de especialidade,excluido,desabilitado no CNES (motivo 10)
cnes-9586369,9586369,POSSIDIO E POSSIDIO MEDICOS ASSOCIADOS LTDA,private,no,AV MONSENHOR ANGELO SAMPAIO,100,,CENTRO,56304920,Petrolina,PE,,-9.383582975658092,-40.48854549325483,cadastro_cnes,ambulatorio-especialidades,,ATENDIMENTOS NOS TURNOS DA MANHA E A TARDE,no,,unknown,,cnes-dados-abertos (atualizado no CNES em 2026-01-20),2026-09-23T18:24:38Z,,pendente,,36 - Clínica / centro de especialidade,incluido,
cnes-9587799,9587799,MAX ODONTO,private,no,TV GREGORIO RAMOS,204,,CENTRO,56304001,Petrolina,PE,,-9.396065983104007,-40.50275229999998,cadastro_cnes,ambulatorio-especialidades,,ATENDIMENTOS NOS TURNOS DA MANHA E A TARDE,no,,unknown,,cnes-dados-abertos (atualizado no CNES em 2026-01-20),2026-09-23T18:24:38Z,,pendente,,36 - Clínica / centro de especialidade,incluido,
cnes-9599614,9599614,OFTALMOLASER VALE DO SAO FRANCISCO,private,no,MONSENHOR ANGELO SAMPAIO,100,,CENTRO,56304920,Petrolina,PE,8781553008,-9.388024162843026,-40.48883984232918,cadastro_cnes,ambulatorio-especialidades,,ATENDIMENTOS NOS TURNOS DA MANHA E A TARDE,no,,unknown,,cnes-dados-abertos (atualizado no CNES em 2025-09-03),2026-09-23T18:24:38Z,,pendente,,36 - Clínica / centro de especialidade,incluido,
cnes-9599657,9599657,ALEXANDRA C RODRIGUES,private,no,DA INTEGRACAO AYRTON SENNA,550,,VILA EDUARDO,56328010,Petrolina,PE,8788067510,-9.391907427730342,-40.485625859522145,cadastro_cnes,,,ATENDIMENTOS NOS TURNOS DA MANHA E A TARDE,no,,unknown,,cnes-dados-abertos (atualizado no CNES em 2025-09-03),2026-09-23T18:24:38Z,,pendente,,22 - Consultório isolado,excluido,tipo 22 fora do critério de inclusão v1
cnes-9599673,9599673,JP PED,private,no,PACIFICO DA LUZ,212,,CENTRO,56302130,Petrolina,PE,8796374648,-9.400533222869809,-40.501001835582294,cadastro_cnes,ambulatorio-especialidades,,ATENDIMENTOS NOS TURNOS DA MANHA E A TARDE,no,,unknown,,cnes-dados-abertos (atualizado no CNES em 2025-09-03),2026-09-23T18:24:38Z,,pendente,,36 - Clínica / centro de especialidade,incluido,
cnes-9601872,9601872,UBS JARDIM MARAVILHA,public,yes,RUA TERRA NOVA,755,,JARDIM MARAVILHA,56306640,Petrolina,PE,,-9.3865679,-40.5162509,cadastro_cnes,atencao-basica,,ATENDIMENTOS NOS TURNOS DA MANHA E A TARDE,no,,unknown,,cnes-dados-abertos (atualizado no CNES em 2025-09-03),2026-09-23T18:24:38Z,,pendente,,2 - Centro de saúde / Unidade básica,incluido,
cnes-9618449,9618449,VIVA MAIS MEDICINA DIAGNOSTICA LTDA ME,private,no,VALERIO PEREIRA,127,,CENTRO,56304060,Petrolina,PE,8738626969,-9.39693908446044,-40.498413994478504,cadastro_cnes,ambulatorio-especialidades,,ATENDIMENTOS NOS TURNOS DA MANHA E A TARDE,no,,unknown,,cnes-dados-abertos (atualizado no CNES em 2025-09-03),2026-09-23T18:24:38Z,,pendente,,36 - Clínica / centro de especialidade,incluido,
cnes-9620990,9620990,ALVES TERAPIA OCUPACIONAL,private,no,ANA NERY,73,,CENTRO,56304500,Petrolina,PE,,-9.389059147745742,-40.50376863987541,cadastro_cnes,,,ATENDIMENTOS NOS TURNOS DA MANHA E A TARDE,no,,unknown,,cnes-dados-abertos (atualizado no CNES em 2025-09-03),2026-09-23T18:24:38Z,,pendente,,22 - Consultório isolado,excluido,tipo 22 fora do critério de inclusão v1
cnes-9639411,9639411,C R O E ODONTOLOGIA,private,no,AV SOUZA FILHO,900,,CENTRO,56304000,Petrolina,PE,,-9.3924142,-40.501622,cadastro_cnes,ambulatorio-especialidades,,ATENDIMENTOS NOS TURNOS DA MANHA E A TARDE,no,,unknown,,cnes-dados-abertos (atualizado no CNES em 2025-09-03),2026-09-23T18:24:38Z,,pendente,,36 - Clínica / centro de especialidade,excluido,desabilitado no CNES (motivo 04)
cnes-9639586,9639586,EYDENTAL CENTRO ODONTOLOGICO,private,no,DOM VITAL,596,,CENTRO,56304260,Petrolina,PE,8738623179,-9.396604086569376,-40.50367980185194,cadastro_cnes,ambulatorio-especialidades,,ATENDIMENTOS NOS TURNOS DA MANHA E A TARDE,no,,unknown,,cnes-dados-abertos (atualizado no CNES em 2025-09-03),2026-09-23T18:24:38Z,,pendente,,36 - Clínica / centro de especialidade,incluido,
cnes-9639594,9639594,IMUNIZE,private,no,RUA ENGENHEIRO CARLOS PINHEIRO,414,,CENTRO,56304070,Petrolina,PE,,-9.3945669,-40.4980016,cadastro_cnes,ambulatorio-especialidades,,ATENDIMENTOS NOS TURNOS DA MANHA E A TARDE,no,,unknown,,cnes-dados-abertos (atualizado no CNES em 2025-09-03),2026-09-23T18:24:38Z,,pendente,,36 - Clínica / centro de especialidade,incluido,
cnes-9645314,9645314,UBS FERNANDO IDALINO,public,yes,RUA JOSE GONZAGA,05,,FERNANDO IDALINO,56332600,Petrolina,PE,,-9.386730816702498,-40.47369523312959,cadastro_cnes,atencao-basica,,ATENDIMENTOS NOS TURNOS DA MANHA E A TARDE,no,,unknown,,cnes-dados-abertos (atualizado no CNES em 2025-09-03),2026-09-23T18:24:38Z,,pendente,,2 - Centro de saúde / Unidade básica,incluido,
cnes-9647708,9647708,FISIOCORE,private,yes,MARIO RODRIGUES COELHO,80,,SAO GONCALO,56313275,Petrolina,PE,,-9.3804662,-40.5388648,cadastro_cnes,ambulatorio-especialidades,,ATENDIMENTOS NOS TURNOS DA MANHA E A TARDE,no,,unknown,,cnes-dados-abertos (atualizado no CNES em 2025-09-03),2026-09-23T18:24:38Z,,pendente,,36 - Clínica / centro de especialidade,incluido,
cnes-9651721,9651721,TFAM SERVICOS MEDICOS LTDA,private,no,SANTA LUZIA,85,,CENTRO,56304100,Petrolina,PE,8738626586,-9.39642400756118,-40.49672300000032,cadastro_cnes,ambulatorio-especialidades,,ATENDIMENTOS NOS TURNOS DA MANHA E A TARDE,no,,unknown,,cnes-dados-abertos (atualizado no CNES em 2025-09-03),2026-09-23T18:24:38Z,,pendente,,36 - Clínica / centro de especialidade,incluido,
cnes-9658408,9658408,CLINIVASF,private,no,VILA SAO FRANCISCO,309,,CENTRO,56302280,Petrolina,PE,8730243952,-9.3985743,-40.4952385,cadastro_cnes,ambulatorio-especialidades,,ATENDIMENTOS NOS TURNOS DA MANHA E A TARDE,no,,unknown,,cnes-dados-abertos (atualizado no CNES em 2025-09-03),2026-09-23T18:24:38Z,,pendente,,36 - Clínica / centro de especialidade,incluido,
cnes-9671641,9671641,CLINICA RADIOLOGICA DR JOAQUIM U G GUEDES EIRELI,private,yes,TOBIAS BARRETO,10,,CENTRO,56304210,Petrolina,PE,8738618000,-9.39356881559442,-40.49908058929119,cadastro_cnes,ambulatorio-especialidades,,ATENDIMENTOS NOS TURNOS DA MANHA E A TARDE,no,,unknown,,cnes-dados-abertos (atualizado no CNES em 2025-09-03),2026-09-23T18:24:38Z,,pendente,,36 - Clínica / centro de especialidade,incluido,
cnes-9680454,9680454,INSTITUTO MEMORIAL DO VALE,private,yes,FERNANDO MENEZES DE GOES,564,,CENTRO,56304020,Petrolina,PE,8788118097,-9.395450740779403,-40.49871058343827,cadastro_cnes,ambulatorio-especialidades,,ATENDIMENTOS NOS TURNOS DA MANHA E A TARDE,no,,unknown,,cnes-dados-abertos (atualizado no CNES em 2025-09-03),2026-09-23T18:24:38Z,,pendente,,36 - Clínica / centro de especialidade,incluido,
cnes-9690190,9690190,UBS JARDIM PETROPOLIS,public,yes,RUA 20,187,,JARDIM PETROPOLIS,56312837,Petrolina,PE,,-9.5048263,-40.798877,cadastro_cnes,atencao-basica,,ATENDIMENTOS NOS TURNOS DA MANHA E A TARDE,no,,unknown,,cnes-dados-abertos (atualizado no CNES em 2025-09-03),2026-09-23T18:24:38Z,,pendente,coordenada do cadastro fora do limite municipal (OSM); descartada para rota até conferência,2 - Centro de saúde / Unidade básica,incluido,
cnes-9690247,9690247,CEPATHO CENTRO DE ANATOMIA PATOLOGICA E CITOPATOLOGIA,private,yes,TOBIAS BARRETO,132,,CENTRO,56304210,Petrolina,PE,8791635294,-9.393528580917506,-40.50042979325368,cadastro_cnes,exames-terapias,,ATENDIMENTOS NOS TURNOS DA MANHA E A TARDE,no,,unknown,,cnes-dados-abertos (atualizado no CNES em 2026-05-29),2026-09-23T18:24:38Z,,pendente,,39 - Unidade de apoio diagnose e terapia (SADT isolado),incluido,
cnes-9690999,9690999,CENTRO DE ESPECIALIDADES ODONTOLOGICAS CEO TIPO III,public,yes,CASTRO ALVES,55,,CENTRO,56304450,Petrolina,PE,,-9.394612197715638,-40.50113843560595,cadastro_cnes,ambulatorio-especialidades,,ATENDIMENTOS NOS TURNOS DA MANHA E A TARDE,no,,unknown,,cnes-dados-abertos (atualizado no CNES em 2025-09-03),2026-09-23T18:24:38Z,,pendente,,36 - Clínica / centro de especialidade,incluido,
cnes-9698469,9698469,HOSPITAL DA UNIMED EM PETROLINA,private,unknown,DA INTEGRACAO AYRTON SENNA,S/N,,SAO JOSE,56328010,Petrolina,PE,8738667924,-9.3785886,-40.5060231,cadastro_cnes,hospital;internacao;centro-cirurgico,,"ATENDIMENTO NOS TURNOS DA MANHA, TARDE E NOITE",no,,unknown,,cnes-dados-abertos (atualizado no CNES em 2025-09-03),2026-09-23T18:24:38Z,,pendente,,5 - Hospital geral,incluido,
cnes-9704477,9704477,I N BEZERRA PAULINO CIA LTDA,private,no,RUA CASTRO ALVES,38,,CENTRO,56304340,Petrolina,PE,,-9.393347012276143,-40.495948791503906,cadastro_cnes,ambulatorio-especialidades,,ATENDIMENTOS NOS TURNOS DA MANHA E A TARDE,no,,unknown,,cnes-dados-abertos (atualizado no CNES em 2025-09-03),2026-09-23T18:24:38Z,,pendente,,36 - Clínica / centro de especialidade,incluido,
cnes-9712992,9712992,UBS SAO JOAQUIM,public,yes,RUA 26,420,,SAO JOAQUIM,56302720,Petrolina,PE,,-8.9866223,-40.2769169,cadastro_cnes,atencao-basica,,ATENDIMENTOS NOS TURNOS DA MANHA E A TARDE,no,,unknown,,cnes-dados-abertos (atualizado no CNES em 2025-09-03),2026-09-23T18:24:38Z,,pendente,coordenada do cadastro fora do limite municipal (OSM); descartada para rota até conferência,2 - Centro de saúde / Unidade básica,incluido,
cnes-9713069,9713069,UBS SAO JORGE,public,yes,RUA 02,125,,SAO JORGE,56322532,Petrolina,PE,,-9.1763697,-40.9815305,cadastro_cnes,atencao-basica,,ATENDIMENTOS NOS TURNOS DA MANHA E A TARDE,no,,unknown,,cnes-dados-abertos (atualizado no CNES em 2025-09-03),2026-09-23T18:24:38Z,,pendente,coordenada do cadastro fora do limite municipal (OSM); descartada para rota até conferência,2 - Centro de saúde / Unidade básica,incluido,
cnes-9713174,9713174,ESPACO CRIANCA EIA TERAPIA INTEGRADA,private,no,DEOCLECIO,133,,SAO JOSE,56302685,Petrolina,PE,,-9.398878753798728,-40.488300488955744,cadastro_cnes,ambulatorio-especialidades,,ATENDIMENTOS NOS TURNOS DA MANHA E A TARDE,no,,unknown,,cnes-dados-abertos (atualizado no CNES em 2025-09-03),2026-09-23T18:24:38Z,,pendente,,36 - Clínica / centro de especialidade,incluido,
cnes-9713190,9713190,NATALIA BARROSO PSICOLOGA,private,no,DOUTOR JOSE MARIANO,671,,CENTRO,56302190,Petrolina,PE,,-9.402117424140796,-40.49559905767178,cadastro_cnes,,,ATENDIMENTOS NOS TURNOS DA MANHA E A TARDE,no,,unknown,,cnes-dados-abertos (atualizado no CNES em 2025-09-03),2026-09-23T18:24:38Z,,pendente,,22 - Consultório isolado,excluido,tipo 22 fora do critério de inclusão v1
cnes-9728457,9728457,AMMO DIAGNOSTICO POR IMAGEM,private,no,CARDOSO DE SA,S/N,,CENTRO,56302110,Petrolina,PE,8781212666,-9.396220803714556,-40.481010302615445,cadastro_cnes,ambulatorio-especialidades,,ATENDIMENTOS NOS TURNOS DA MANHA E A TARDE,no,,unknown,,cnes-dados-abertos (atualizado no CNES em 2025-09-03),2026-09-23T18:24:38Z,,pendente,,36 - Clínica / centro de especialidade,incluido,
cnes-9745793,9745793,UNIMED DIAGNOSTICA,private,no,DA INTEGRACAO,1554,,COLONIA IMPERIAL,56328010,Petrolina,PE,8730249566,-9.39427328413068,-40.48364291485336,cadastro_cnes,ambulatorio-especialidades,,"ATENDIMENTO NOS TURNOS DA MANHA, TARDE E NOITE",no,,unknown,,cnes-dados-abertos (atualizado no CNES em 2025-09-03),2026-09-23T18:24:38Z,,pendente,,36 - Clínica / centro de especialidade,incluido,
cnes-9749926,9749926,AUDI SOM,private,no,TOBIAS BARRETO,233,,CENTRO,56304210,Petrolina,PE,,-9.393595667652821,-40.5013610644179,cadastro_cnes,ambulatorio-especialidades,,ATENDIMENTOS NOS TURNOS DA MANHA E A TARDE,no,,unknown,,cnes-dados-abertos (atualizado no CNES em 2025-09-03),2026-09-23T18:24:38Z,,pendente,,36 - Clínica / centro de especialidade,incluido,
cnes-9752528,9752528,PNZ LABORATORIOS,private,no,MAJOR ALCIDES PADILHA,90,,CENTRO,56304090,Petrolina,PE,8788067654,-9.395611600132234,-40.4972893797645,cadastro_cnes,ambulatorio-especialidades,,ATENDIMENTOS NOS TURNOS DA MANHA E A TARDE,no,,unknown,,cnes-dados-abertos (atualizado no CNES em 2025-10-14),2026-09-23T18:24:38Z,,pendente,,36 - Clínica / centro de especialidade,incluido,
cnes-9774149,9774149,CLIDOR,private,no,MAJOR ALCIDES PADILHA,19,,CENTRO,56304090,Petrolina,PE,,-9.3956324,-40.497391,cadastro_cnes,ambulatorio-especialidades,,ATENDIMENTOS NOS TURNOS DA MANHA E A TARDE,no,,unknown,,cnes-dados-abertos (atualizado no CNES em 2025-09-03),2026-09-23T18:24:38Z,,pendente,,36 - Clínica / centro de especialidade,incluido,
cnes-9775676,9775676,SOTE SERVICO DE ORTOPEDIA E TRAUMATOLOGIA ESPECIALIZADA LTDA,private,unknown,RUA PACIFICO DA LUZ,461,,CENTRO,56304010,Petrolina,PE,,-9.4012853,-40.5012271,cadastro_cnes,ambulatorio-especialidades,,ATENDIMENTOS NOS TURNOS DA MANHA E A TARDE,no,,unknown,,cnes-dados-abertos (atualizado no CNES em 2025-09-03),2026-09-23T18:24:38Z,,pendente,,36 - Clínica / centro de especialidade,excluido,desabilitado no CNES (motivo 04)
cnes-9795405,9795405,LS SERVICOS MEDICOS,private,no,AGRIPINO FERREIRA CAMPOS,215,,ATRAS DA BANCA,56308200,Petrolina,PE,8796466517,-9.39541579632722,-40.512150999999996,cadastro_cnes,ambulatorio-especialidades,,ATENDIMENTOS NOS TURNOS DA MANHA E A TARDE,no,,unknown,,cnes-dados-abertos (atualizado no CNES em 2025-09-03),2026-09-23T18:24:38Z,,pendente,,36 - Clínica / centro de especialidade,incluido,
cnes-9805001,9805001,CONSULTORIO MEDICO DR LEANDRO VALLETTA,private,no,TOBIAS BARRETO,08,,CENTRO,56304210,Petrolina,PE,8799624225,-9.393644645324146,-40.49851187168349,cadastro_cnes,ambulatorio-especialidades,,ATENDIMENTOS NOS TURNOS DA MANHA E A TARDE,no,,unknown,,cnes-dados-abertos (atualizado no CNES em 2025-09-03),2026-09-23T18:24:38Z,,pendente,,36 - Clínica / centro de especialidade,incluido,
cnes-9824588,9824588,LUCAS LEMOS E LEMOS,private,no,RUA ENGENHEIRO WALMIR BEZERRA,847,,CENTRO,56304240,Petrolina,PE,,-9.3922472,-40.502418,cadastro_cnes,,,ATENDIMENTOS NOS TURNOS DA MANHA E A TARDE,no,,unknown,,cnes-dados-abertos (atualizado no CNES em 2025-09-03),2026-09-23T18:24:38Z,,pendente,,22 - Consultório isolado,excluido,tipo 22 fora do critério de inclusão v1
cnes-9824707,9824707,CONSULTORIO ODONTOLOGICO IZAQUE GUIMARAES LTDA,private,no,RUA DAS LARANJEIRAS,336,,CENTRO,56304250,Petrolina,PE,,-9.3950522,-40.503263,cadastro_cnes,ambulatorio-especialidades,,ATENDIMENTOS NOS TURNOS DA MANHA E A TARDE,no,,unknown,,cnes-dados-abertos (atualizado no CNES em 2025-09-03),2026-09-23T18:24:38Z,,pendente,,36 - Clínica / centro de especialidade,incluido,
cnes-9831142,9831142,C R E L P S,private,no,RUA DO INCENSO,80,,JARDIM BRASILIA,56318725,Petrolina,PE,,-9.3752015,-40.5364393,cadastro_cnes,,,"ATENDIMENTO NOS TURNOS DA MANHA, TARDE E NOITE",no,,unknown,,cnes-dados-abertos (atualizado no CNES em 2025-09-03),2026-09-23T18:24:38Z,,pendente,,83 - Polo de prevenção de doenças e agravos,excluido,desabilitado no CNES (motivo 02)
cnes-9833315,9833315,ODONTO PRIME,private,no,DA INTEGRACAO AYRTON SENNA,561,,SAO JOSE,56328010,Petrolina,PE,8788258722,-9.392229255611635,-40.485564535675444,cadastro_cnes,ambulatorio-especialidades,,ATENDIMENTOS NOS TURNOS DA MANHA E A TARDE,no,,unknown,,cnes-dados-abertos (atualizado no CNES em 2025-09-03),2026-09-23T18:24:38Z,,pendente,,36 - Clínica / centro de especialidade,incluido,
cnes-9837450,9837450,AMC SERVICOS MEDICOS E ODONTOLOGICOS LTDA,private,no,CARDOSO DE SA,776,,CIDADE UNIVERSITARIA,56302110,Petrolina,PE,,-9.401035869444197,-40.488606275300164,cadastro_cnes,ambulatorio-especialidades,,ATENDIMENTOS NOS TURNOS DA MANHA E A TARDE,no,,unknown,,cnes-dados-abertos (atualizado no CNES em 2025-09-03),2026-09-23T18:24:38Z,,pendente,,36 - Clínica / centro de especialidade,incluido,
cnes-9843361,9843361,ULTRA IMAGENS,private,no,PRESIDENTE COSTA E SILVA,108,,CENTRO,56328067,Petrolina,PE,,-9.392775815009193,-40.48834058220787,cadastro_cnes,ambulatorio-especialidades,,ATENDIMENTOS NOS TURNOS DA MANHA E A TARDE,no,,unknown,,cnes-dados-abertos (atualizado no CNES em 2025-09-03),2026-09-23T18:24:38Z,,pendente,,36 - Clínica / centro de especialidade,incluido,
cnes-9844724,9844724,CENTRO REABILITO TERAPIAS ESPECIALIZADAS,private,no,AV MONSENHOR ANGELO SAMPAIO,120,,CENTRO,56304160,Petrolina,PE,,-9.3963023,-40.4914855,cadastro_cnes,ambulatorio-especialidades,,ATENDIMENTOS NOS TURNOS DA MANHA E A TARDE,no,,unknown,,cnes-dados-abertos (atualizado no CNES em 2025-09-03),2026-09-23T18:24:38Z,,pendente,,36 - Clínica / centro de especialidade,incluido,
cnes-9845208,9845208,VITALSAUDE SERVICOS MEDICOS,private,no,AV SOUZA FILHO,822,,CENTRO,56304000,Petrolina,PE,,-9.3924142,-40.501622,cadastro_cnes,ambulatorio-especialidades,,ATENDIMENTOS NOS TURNOS DA MANHA E A TARDE,no,,unknown,,cnes-dados-abertos (atualizado no CNES em 2025-09-03),2026-09-23T18:24:38Z,,pendente,,36 - Clínica / centro de especialidade,incluido,
cnes-9851151,9851151,INSTITUTO VALLER PETROLINA,private,no,DA INTEGRACAO AYRTON SENNA,422,,SAO JOSE,56302450,Petrolina,PE,8730243833,-9.400014753809428,-40.4887249085887,cadastro_cnes,ambulatorio-especialidades,,ATENDIMENTOS NOS TURNOS DA MANHA E A TARDE,no,,unknown,,cnes-dados-abertos (atualizado no CNES em 2025-09-03),2026-09-23T18:24:38Z,,pendente,,36 - Clínica / centro de especialidade,incluido,
cnes-9851240,9851240,COT CLINICA ODONTOLOGICA DO TRABALHADOR,private,no,RAIMUNDO ALVES ARAUJO,6,,COHAB MASSANGANO,56310320,Petrolina,PE,8788699957,-9.383741322098968,-40.538581971163815,cadastro_cnes,ambulatorio-especialidades,,ATENDIMENTOS NOS TURNOS DA MANHA E A TARDE,no,,unknown,,cnes-dados-abertos (atualizado no CNES em 2025-09-03),2026-09-23T18:24:38Z,,pendente,,36 - Clínica / centro de especialidade,incluido,
cnes-9854339,9854339,CRESCER,private,no,DO CAIANO,65,,CENTRO,56304380,Petrolina,PE,8788321524,-9.391461945584442,-40.50745541778567,cadastro_cnes,,,ATENDIMENTOS NOS TURNOS DA MANHA E A TARDE,no,,unknown,,cnes-dados-abertos (atualizado no CNES em 2025-09-03),2026-09-23T18:24:38Z,,pendente,,22 - Consultório isolado,excluido,tipo 22 fora do critério de inclusão v1
cnes-9860347,9860347,NEXT ACADEMY PETROLINA,private,no,IRMA MARIA ANTONIETA SOUZA,170,,MARIA AUXILIADORA,56330335,Petrolina,PE,,-9.385819909314803,-40.50055756197161,cadastro_cnes,ambulatorio-especialidades,,ATENDIMENTOS NOS TURNOS DA MANHA E A TARDE,no,,unknown,,cnes-dados-abertos (atualizado no CNES em 2025-09-03),2026-09-23T18:24:38Z,,pendente,,36 - Clínica / centro de especialidade,incluido,
cnes-9874852,9874852,CEDILA CENTRO DE DIAGNOSTICO CLINICO E LABORATORIAL DO SAO,private,no,ARISTARCO LOPES,111,,CENTRO,56302100,Petrolina,PE,8739834600,-9.401579876739437,-40.50243900006628,cadastro_cnes,exames-terapias,,ATENDIMENTOS NOS TURNOS DA MANHA E A TARDE,no,,unknown,,cnes-dados-abertos (atualizado no CNES em 2025-11-28),2026-09-23T18:24:38Z,,pendente,,39 - Unidade de apoio diagnose e terapia (SADT isolado),incluido,
cnes-9897348,9897348,ODONTOMEDICA,private,no,AV NILO COELHO,186,,GERCINO COELHO,56306300,Petrolina,PE,,-9.390454874691265,-40.51011492883656,cadastro_cnes,ambulatorio-especialidades,,ATENDIMENTOS NOS TURNOS DA MANHA E A TARDE,no,,unknown,,cnes-dados-abertos (atualizado no CNES em 2026-01-20),2026-09-23T18:24:38Z,,pendente,,36 - Clínica / centro de especialidade,incluido,
cnes-9897356,9897356,NEURONIUM CLINICA NEUROLOGICA,private,no,VINTE E UM DE SETEMBRO,246,,MARIA AUXILIADORA,56330370,Petrolina,PE,8788620062,-9.390595117827491,-40.49153738895626,cadastro_cnes,ambulatorio-especialidades,,ATENDIMENTOS NOS TURNOS DA MANHA E A TARDE,no,,unknown,,cnes-dados-abertos (atualizado no CNES em 2025-09-03),2026-09-23T18:24:38Z,,pendente,,36 - Clínica / centro de especialidade,incluido,
cnes-9897372,9897372,RIZONEIDE ALENCAR RODOVALHO DE MOURA,private,no,AV CAROSO DE SA,21,,VILA EDUARDO,56328020,Petrolina,PE,8730247714,-9.390962453037751,-40.480930112871675,cadastro_cnes,,,ATENDIMENTOS NOS TURNOS DA MANHA E A TARDE,no,,unknown,,cnes-dados-abertos (atualizado no CNES em 2025-09-03),2026-09-23T18:24:38Z,,pendente,,22 - Consultório isolado,excluido,tipo 22 fora do critério de inclusão v1
cnes-9903429,9903429,A C S SAUDE,private,no,DA INTEGRACAO AYRTON SENNA,870,,SAO JOSE,56302450,Petrolina,PE,,-9.385583551765569,-40.49691228772886,cadastro_cnes,ambulatorio-especialidades,,ATENDIMENTOS NOS TURNOS DA MANHA E A TARDE,no,,unknown,,cnes-dados-abertos (atualizado no CNES em 2025-10-14),2026-09-23T18:24:38Z,,pendente,,36 - Clínica / centro de especialidade,incluido,
cnes-9903992,9903992,DR DO VALE,private,no,CORONEL ANTONIO HONORATO VIANA,97,,GERCINO COELHO,56308000,Petrolina,PE,,-9.39516753870019,-40.5077941177843,cadastro_cnes,ambulatorio-especialidades,,ATENDIMENTOS NOS TURNOS DA MANHA E A TARDE,no,,unknown,,cnes-dados-abertos (atualizado no CNES em 2025-09-03),2026-09-23T18:24:38Z,,pendente,,36 - Clínica / centro de especialidade,incluido,
cnes-9911863,9911863,MATERCLIN,private,no,DR JOSE MARIANO,1478,,CENTRO,56302190,Petrolina,PE,8788392219,-9.402004983363755,-40.496661188955756,cadastro_cnes,ambulatorio-especialidades,,ATENDIMENTOS NOS TURNOS DA MANHA E A TARDE,no,,unknown,,cnes-dados-abertos (atualizado no CNES em 2025-09-03),2026-09-23T18:24:38Z,,pendente,,36 - Clínica / centro de especialidade,incluido,
cnes-9911871,9911871,CORDEIRO SERVICOS DE SAUDE LTDA,private,no,AUGUSTO CARLOS BRANDAO,111,,CENTRO,56304110,Petrolina,PE,8788414810,-9.397651734689099,-40.496266261976785,cadastro_cnes,ambulatorio-especialidades,,ATENDIMENTOS NOS TURNOS DA MANHA E A TARDE,no,,unknown,,cnes-dados-abertos (atualizado no CNES em 2025-09-03),2026-09-23T18:24:38Z,,pendente,,36 - Clínica / centro de especialidade,incluido,
cnes-9914870,9914870,CIBELE COELHO DIAS CIRURGIA DE CABECA E PESCOCO,private,no,SANTA LUZIA,85,,CENTRO,56304100,Petrolina,PE,8738627509,-9.396418715120237,-40.49677396197194,cadastro_cnes,ambulatorio-especialidades,,ATENDIMENTOS NOS TURNOS DA MANHA E A TARDE,no,,unknown,,cnes-dados-abertos (atualizado no CNES em 2025-09-03),2026-09-23T18:24:38Z,,pendente,,36 - Clínica / centro de especialidade,incluido,
cnes-9925902,9925902,FISIO ESPECIALIZADA DRA LARISSA VIEIRA,private,no,CARDOSO DE SA,860,,CIDADE UNIVERSITARIA,56302110,Petrolina,PE,,-9.39958657717549,-40.48255157116459,cadastro_cnes,ambulatorio-especialidades,,ATENDIMENTOS NOS TURNOS DA MANHA E A TARDE,no,,unknown,,cnes-dados-abertos (atualizado no CNES em 2025-09-03),2026-09-23T18:24:38Z,,pendente,,36 - Clínica / centro de especialidade,incluido,
cnes-9930841,9930841,FABRICIA MARQUES DERMATOLOGIA,private,no,RUA JOSE CRISPIANO COELHO BRANDAO,80,,CIDADE UNIVERSITARIA,56328785,Petrolina,PE,,-9.3932262,-40.4823125,cadastro_cnes,ambulatorio-especialidades,,ATENDIMENTOS NOS TURNOS DA MANHA E A TARDE,no,,unknown,,cnes-dados-abertos (atualizado no CNES em 2025-09-03),2026-09-23T18:24:38Z,,pendente,,36 - Clínica / centro de especialidade,incluido,
cnes-9941665,9941665,POLLY TORRES CLINICA PSICOLOGICA,private,no,PARAIBA,39,,AREIA BRANCA,56328480,Petrolina,PE,8732029008,-9.378348325285362,-40.491787803124225,cadastro_cnes,ambulatorio-especialidades,,ATENDIMENTOS NOS TURNOS DA MANHA E A TARDE,no,,unknown,,cnes-dados-abertos (atualizado no CNES em 2026-03-31),2026-09-23T18:24:38Z,,pendente,,36 - Clínica / centro de especialidade,incluido,
cnes-9941673,9941673,CENTRO MEDICO ARISTON MELO,private,no,ANTONIO SANTANA FILHO,670,,CENTRO,56302300,Petrolina,PE,8788030158,-9.399037960207432,-40.496134730056745,cadastro_cnes,ambulatorio-especialidades,,ATENDIMENTOS NOS TURNOS DA MANHA E A TARDE,no,,unknown,,cnes-dados-abertos (atualizado no CNES em 2025-09-03),2026-09-23T18:24:38Z,,pendente,,36 - Clínica / centro de especialidade,incluido,
cnes-9945474,9945474,GRUPO AMMO,private,no,CARDOSO DE SA,312,,SAO JOSE,56328020,Petrolina,PE,8788037430,-9.401464225506073,-40.48834049139597,cadastro_cnes,ambulatorio-especialidades,,ATENDIMENTOS NOS TURNOS DA MANHA E A TARDE,no,,unknown,,cnes-dados-abertos (atualizado no CNES em 2025-10-14),2026-09-23T18:24:38Z,,pendente,,36 - Clínica / centro de especialidade,incluido,
cnes-9947337,9947337,HERMES WILLER OLINDA SANT ANA SERVICOS MEDICOS EIRELI,private,no,FRANCISCO ALVES CORREIA,119,,SAO JOSE,56302515,Petrolina,PE,8781374775,-9.401358830707375,-40.49186661525005,cadastro_cnes,ambulatorio-especialidades,,ATENDIMENTOS NOS TURNOS DA MANHA E A TARDE,no,,unknown,,cnes-dados-abertos (atualizado no CNES em 2025-09-03),2026-09-23T18:24:38Z,,pendente,,36 - Clínica / centro de especialidade,incluido,
cnes-9964576,9964576,LASF,private,yes,PIO XII,283,,CENTRO,56304430,Petrolina,PE,8788323900,-9.388953377662991,-40.5121420423284,cadastro_cnes,exames-terapias,,ATENDIMENTOS NOS TURNOS DA MANHA E A TARDE,no,,unknown,,cnes-dados-abertos (atualizado no CNES em 2025-09-03),2026-09-23T18:24:38Z,,pendente,,39 - Unidade de apoio diagnose e terapia (SADT isolado),incluido,
cnes-9967958,9967958,CLINICA ODONTOLOGICA VDA,private,no,AV MARIA AILA SILVA RUA 12,389,,JOAO DE DEUS,56316140,Petrolina,PE,,-9.35965848399419,-40.54082932883655,cadastro_cnes,ambulatorio-especialidades,,ATENDIMENTOS NOS TURNOS DA MANHA E A TARDE,no,,unknown,,cnes-dados-abertos (atualizado no CNES em 2025-10-14),2026-09-23T18:24:38Z,,pendente,,36 - Clínica / centro de especialidade,incluido,
cnes-9968091,9968091,AFETUS EXCELENCIA EM ULTRASSONOGRAFIA E MEDICINA FETAL,private,no,TOBIAS BARRETO,189,,CENTRO,56304210,Petrolina,PE,,-9.393752527510314,-40.50106702021914,cadastro_cnes,ambulatorio-especialidades,,ATENDIMENTOS NOS TURNOS DA MANHA E A TARDE,no,,unknown,,cnes-dados-abertos (atualizado no CNES em 2025-09-03),2026-09-23T18:24:38Z,,pendente,,36 - Clínica / centro de especialidade,incluido,
cnes-9968318,9968318,ESPACO ACOLHER 2,private,no,GILBERTINA NABUCO DE ARAUJO,160,,CIDADE UNIVERSITARIA,56328765,Petrolina,PE,8738667900,-9.39586798880863,-40.48278872884018,cadastro_cnes,ambulatorio-especialidades,,ATENDIMENTOS NOS TURNOS DA MANHA E A TARDE,no,,unknown,,cnes-dados-abertos (atualizado no CNES em 2026-05-09),2026-09-23T18:24:38Z,,pendente,,36 - Clínica / centro de especialidade,incluido,
cnes-9972293,9972293,INSTITUTO DE SAUDE ALMEIDA,private,yes,FERNANDO MENEZES DE GOES,718,,CENTRO,56304020,Petrolina,PE,8781624290,-9.395355209061961,-40.49938642816376,cadastro_cnes,ambulatorio-especialidades,,ATENDIMENTOS NOS TURNOS DA MANHA E A TARDE,no,,unknown,,cnes-dados-abertos (atualizado no CNES em 2025-09-03),2026-09-23T18:24:38Z,,pendente,,36 - Clínica / centro de especialidade,incluido,
cnes-9976256,9976256,BIOANALISES LABORATORIO DE ANALISES DIAGNOSTICAS,private,no,CASTRO ALVES,20,,CENTRO,56304340,Petrolina,PE,8738612011,-9.394678191207161,-40.50079551778513,cadastro_cnes,ambulatorio-especialidades,,ATENDIMENTOS NOS TURNOS DA MANHA E A TARDE,no,,unknown,,cnes-dados-abertos (atualizado no CNES em 2025-09-03),2026-09-23T18:24:38Z,,pendente,,36 - Clínica / centro de especialidade,incluido,
cnes-9979328,9979328,CLINIDONTO ODONTOLOGIA ESPECIALIZADA,private,no,RUA VALERIO PEREIRA,45,,CENTRO,56304060,Petrolina,PE,,-9.3967369,-40.4944745,cadastro_cnes,ambulatorio-especialidades,,ATENDIMENTOS NOS TURNOS DA MANHA E A TARDE,no,,unknown,,cnes-dados-abertos (atualizado no CNES em 2025-09-03),2026-09-23T18:24:38Z,,pendente,,36 - Clínica / centro de especialidade,incluido,
cnes-9979336,9979336,INTIMAS MEDICINA FEMININA,private,no,AV DA INTEGRACAO AYRTON SENNA,561,,SAO JOSE,56302000,Petrolina,PE,,-9.3935206,-40.481053,cadastro_cnes,ambulatorio-especialidades,,ATENDIMENTOS NOS TURNOS DA MANHA E A TARDE,no,,unknown,,cnes-dados-abertos (atualizado no CNES em 2025-09-03),2026-09-23T18:24:38Z,,pendente,,36 - Clínica / centro de especialidade,incluido,
cnes-9980962,9980962,HORRARA DINIZ SILVA,private,no,RUA PADEIRO JOAO LUIZ,128,,MARIA AUXILIADORA,56330470,Petrolina,PE,,-9.3851102,-40.5011546,cadastro_cnes,ambulatorio-especialidades,,ATENDIMENTOS NOS TURNOS DA MANHA E A TARDE,no,,unknown,,cnes-dados-abertos (atualizado no CNES em 2025-09-03),2026-09-23T18:24:38Z,,pendente,,36 - Clínica / centro de especialidade,incluido,
cnes-9982469,9982469,PLENA SAUDE INTEGRADA,private,no,AV TA INTEGRACAO,320,,SAO JOSE,56302450,Petrolina,PE,,-9.399236206444582,-40.48638904477088,cadastro_cnes,ambulatorio-especialidades,,ATENDIMENTOS NOS TURNOS DA MANHA E A TARDE,no,,unknown,,cnes-dados-abertos (atualizado no CNES em 2026-01-20),2026-09-23T18:24:38Z,,pendente,,36 - Clínica / centro de especialidade,incluido,
cnes-9986901,9986901,CLINSAUDE DO VALE,private,no,ANTONIO DE SANTANA FILHO,601,,CENTRO,56302300,Petrolina,PE,,-9.398845753799336,-40.496729517791145,cadastro_cnes,ambulatorio-especialidades,,ATENDIMENTOS NOS TURNOS DA MANHA E A TARDE,no,,unknown,,cnes-dados-abertos (atualizado no CNES em 2025-09-03),2026-09-23T18:24:38Z,,pendente,,36 - Clínica / centro de especialidade,incluido,
cnes-9999639,9999639,ERICO LUIZ WANDERLEY DE LIMA,private,no,AV MONSENHOR ANGELO SAMPAIO,377,,MARIA AUXILIADORA,56330300,Petrolina,PE,,-9.3796651,-40.4885459,cadastro_cnes,ambulatorio-especialidades,,ATENDIMENTOS NOS TURNOS DA MANHA E A TARDE,no,,unknown,,cnes-dados-abertos (atualizado no CNES em 2025-09-03),2026-09-23T18:24:38Z,,pendente,,36 - Clínica / centro de especialidade,incluido,
